source_image,crop_image,status,text,bbox_xyxy,note
L3I_IMG_0001.jpg,crops/L3I_IMG_0001_r1.png,ok,បាយស្រូប,"[96, 537, 828, 750]",
L3I_IMG_0001.jpg,crops/L3I_IMG_0001_r2.png,ok,បឋម,"[96, 537, 828, 750]",
L3I_IMG_0001.jpg,crops/L3I_IMG_0001_r3.png,ok,អេស៊ីលីដា,"[1226, 732, 1436, 844]",
L3I_IMG_0002.jpg,crops/L3I_IMG_0002_r1.png,ok,សាលពិព័រណ៍វិមានសុខា,"[200, 482, 480, 546]",
L3I_IMG_0003.jpg,crops/L3I_IMG_0003_r1.png,ok,សារមន្ទីរ វិមានសុខា,"[176, 210, 406, 265]",
L3I_IMG_0004.jpg,crops/L3I_IMG_0004_r1.png,ok,សាច់អាំងទឹកកាពិ,"[531, 497, 1294, 689]",
L3I_IMG_0005.jpg,crops/L3I_IMG_0005_r1.png,ok,ស្ទូឌីយោ,"[956, 1428, 1814, 1911]",
L3I_IMG_0005.jpg,crops/L3I_IMG_0005_r2.png,ok,លេខ7,"[939, 1628, 1854, 2241]",
L3I_IMG_0006.jpg,crops/L3I_IMG_0006_r1.png,ok,ផ្ទះសម្រាប់ជួល,"[850, 1603, 1324, 1884]",
L3I_IMG_0007.jpg,crops/L3I_IMG_0007_r1.png,ok,សារមន្ទីរជាតិ,"[780, 1942, 1678, 2193]",
L3I_IMG_0008.jpg,crops/L3I_IMG_0008_r1.png,ok,៩វិច្ឆិកា ១៩៥៣,"[987, 1305, 1471, 1469]",
L3I_IMG_0008.jpg,crops/L3I_IMG_0008_r2.png,ok,ខួបទី៦៣ឆ្នាំ,"[1885, 1423, 2288, 1570]",
L3I_IMG_0008.jpg,crops/L3I_IMG_0008_r3.png,ok,៩វិច្ឆិកា២០២១,"[2719, 1327, 3193, 1484]",
L3I_IMG_0008.jpg,crops/L3I_IMG_0008_r4.png,ok,អបអរសាទរ ទិវាបុណ្យឯករាជ្យជាតិ,"[828, 1703, 3355, 2084]",
L3I_IMG_0009.jpg,crops/L3I_IMG_0009_r1.png,ok,វីឡា ឃ្វីន,"[1677, 1166, 2484, 1492]",
L3I_IMG_0009.jpg,crops/L3I_IMG_0009_r2.png,ok,បង់តិចជាងមុន,"[1758, 1714, 2141, 1834]",
L3I_IMG_0009.jpg,crops/L3I_IMG_0009_r3.png,ok,ឥតការប្រាក់យូរជាងមុន,"[1869, 1807, 2450, 1939]",
L3I_IMG_0010.jpg,crops/L3I_IMG_0010_r1.png,ok,ហ្សប ហៅស៍,"[1612, 1662, 2419, 1958]",
L3I_IMG_0010.jpg,crops/L3I_IMG_0010_r2.png,ok,ទិញភ្លាម,"[1262, 2972, 1865, 3271]",
L3I_IMG_0010.jpg,crops/L3I_IMG_0010_r3.png,ok,ចូលប្រកបអាជីវកម្មភ្លាម,"[869, 3201, 2487, 3587]",
L3I_IMG_0011.jpg,crops/L3I_IMG_0011_r1.png,ok,ជីប ម៉ុង លែន,"[645, 1740, 2463, 2395]",
L3I_IMG_0011.jpg,crops/L3I_IMG_0011_r2.png,ok,គម្រោង ផាក លែន,"[460, 2290, 2066, 2741]",
L3I_IMG_0012.jpg,crops/L3I_IMG_0012_r1.png,ok,ទីតាំង ជួលបើកអាជីវកម្ម,"[522, 1649, 2850, 2122]",
L3I_IMG_0013.jpg,crops/L3I_IMG_0013_r1.png,ok,សូមមេត្តាបន្ថយល្បឿន,"[442, 1959, 2506, 2385]",
L3I_IMG_0014.jpg,crops/L3I_IMG_0014_r1.png,ok,សាលាចំណេះទូទៅប្រាយឡាញ,"[798, 807, 1389, 897]",
L3I_IMG_0014.jpg,crops/L3I_IMG_0014_r2.png,ok,បញ្ចុះតម្លៃរហូតដល់,"[1351, 1013, 1789, 1198]",
L3I_IMG_0014.jpg,crops/L3I_IMG_0014_r3.png,ok,សម្រាប់,"[1575, 1507, 1749, 1598]",
L3I_IMG_0014.jpg,crops/L3I_IMG_0014_r4.png,ok,៥០នាក់,"[1583, 1526, 1934, 1703]",
L3I_IMG_0014.jpg,crops/L3I_IMG_0014_r5.png,ok,ចុងក្រោយ,"[1766, 1641, 1912, 1707]",
L3I_IMG_0014.jpg,crops/L3I_IMG_0014_r6.png,ok,រយៈពេល ៥ឆ្នាំ,"[1937, 1351, 2250, 1497]",
L3I_IMG_0014.jpg,crops/L3I_IMG_0014_r7.png,ok,បើកទទួលចុះ,"[672, 1214, 1294, 1389]",
L3I_IMG_0014.jpg,crops/L3I_IMG_0014_r8.png,ok,ឈ្មោះចូលរៀន,"[697, 1353, 1389, 1547]",
L3I_IMG_0014.jpg,crops/L3I_IMG_0014_r9.png,ok,បុរីប្រាយឡាញ អគារលេខ A1-A5 តាមបណ្ដោយផ្លូវព្រៃស,"[747, 1668, 1531, 1775]",
L3I_IMG_0014.jpg,crops/L3I_IMG_0014_r10.png,ok,សង្កាត់ដង្កោ ខណ្ឌដង្កោ រាជធានីភ្នំពេញ,"[753, 1743, 1303, 1831]",
L3I_IMG_0015.jpg,crops/L3I_IMG_0015_r1.png,ok,ស្ទីមសោណាបុរសនារី,"[1363, 889, 1981, 1187]",
L3I_IMG_0015.jpg,crops/L3I_IMG_0015_r2.png,ok,ម៉ាស្សា ស្ប៉ា បុរសនារី,"[1373, 1279, 1998, 1578]",
L3I_IMG_0015.jpg,crops/L3I_IMG_0015_r3.png,ok,បុរសនារី,"[1650, 1686, 2008, 1964]",
L3I_IMG_0015.jpg,crops/L3I_IMG_0015_r4.png,ok,សាឡន,"[1388, 2070, 2013, 2334]",
L3I_IMG_0016.jpg,crops/L3I_IMG_0016_r1.png,ok,ជាង ភ័ក្រ,"[851, 613, 1492, 836]",
L3I_IMG_0016.jpg,crops/L3I_IMG_0016_r2.png,ok,ជួសជុលម៉ូតូគ្រប់សេរី,"[868, 821, 1471, 947]",
L3I_IMG_0016.jpg,crops/L3I_IMG_0016_r3.png,ok,ផ្សារដែក,"[1235, 932, 1450, 1024]",
L3I_IMG_0016.jpg,crops/L3I_IMG_0016_r4.png,ok,ផ្សារជ័រ,"[1222, 1022, 1394, 1113]",
L3I_IMG_0016.jpg,crops/L3I_IMG_0016_r5.png,ok,បាញ់ថ្នាំម៉ូតូ,"[1235, 1111, 1471, 1211]",
L3I_IMG_0016.jpg,crops/L3I_IMG_0016_r6.png,ok,សង់ត្រេ,"[1235, 1222, 1389, 1293]",
L3I_IMG_0017.jpg,crops/L3I_IMG_0017_r1.png,ok,ខ្លាំង ឆ្ងាញ់!,"[1716, 528, 1938, 657]",
L3I_IMG_0017.jpg,crops/L3I_IMG_0017_r2.png,ok,លាងកង់បី និងម៉ូតូ,"[685, 731, 1057, 854]",
L3I_IMG_0018.jpg,crops/L3I_IMG_0018_r1.png,ok,ផ្លូវព្រៃសរ កែងស្តុបចំការដូង,"[1522, 1153, 1955, 1238]",
L3I_IMG_0018.jpg,crops/L3I_IMG_0018_r2.png,ok,អៀង គីមហេង,"[1522, 779, 1954, 941]",
L3I_IMG_0018.jpg,crops/L3I_IMG_0018_r3.png,ok,ជាងក្រឡឹង និងផ្សារ,"[1519, 908, 1957, 1056]",
L3I_IMG_0018.jpg,crops/L3I_IMG_0018_r4.png,ok,ដែកគ្រប់ប្រភេទ,"[1550, 1023, 1918, 1177]",
L3I_IMG_0019.jpg,crops/L3I_IMG_0019_r1.png,ok,យានដ្ឋាន ចំការដូង,"[369, 794, 791, 954]",
L3I_IMG_0019.jpg,crops/L3I_IMG_0019_r2.png,ok,លាងរថយន្ត,"[245, 857, 634, 1025]",
L3I_IMG_0019.jpg,crops/L3I_IMG_0019_r3.png,ok,2 ថែម​ 1,"[267, 942, 545, 1089]",
L3I_IMG_0019.jpg,crops/L3I_IMG_0019_r4.png,ok,យានដ្ឋាន ចំការដូង,"[596, 334, 1202, 628]",
L3I_IMG_0019.jpg,crops/L3I_IMG_0019_r5.png,ok,ជួសជុលរថយន្ត ប្តូរប្រេងម៉ាស៊ីន លក់សំបកកង់រថយន្ត,"[325, 414, 1384, 779]",
L3I_IMG_0019.jpg,crops/L3I_IMG_0019_r6.png,ok,លាងរថយន្ត,"[1981, 384, 2655, 848]",
L3I_IMG_0019.jpg,crops/L3I_IMG_0019_r7.png,ok,ជួសជុល និងប្តូរប្រេងម៉ាស៊ីន,"[2006, 727, 2502, 913]",
L3I_IMG_0020.jpg,crops/L3I_IMG_0020_r1.png,ok,បន្ថយល្បឿន,"[1262, 1050, 1537, 1190]",
L3I_IMG_0021.jpg,crops/L3I_IMG_0021_r1.png,ok,បណ្ណាគារ,"[1583, 1954, 1846, 2057]",
L3I_IMG_0021.jpg,crops/L3I_IMG_0021_r2.png,ok,ឡើងទៅ,"[3012, 1975, 3401, 2193]",
L3I_IMG_0021.jpg,crops/L3I_IMG_0021_r3.png,ok,ឡាវីន,"[1598, 2043, 1820, 2149]",
L3I_IMG_0021.jpg,crops/L3I_IMG_0021_r4.png,ok,៛,"[3173, 1838, 3273, 1974]",
L3I_IMG_0022.jpg,crops/L3I_IMG_0022_r1.png,ok,តៀមសាច់គោអាំងទិនហ្វី,"[871, 1260, 1996, 1910]",
L3I_IMG_0023.jpg,crops/L3I_IMG_0023_r1.png,ok,គ្រឹះស្ថានមីក្រូហិរញ្ញវត្ថុ មហានគរ ម.ក,"[1681, 849, 2696, 1184]",
L3I_IMG_0023.jpg,crops/L3I_IMG_0023_r2.png,ok,មាន,"[1334, 1372, 1526, 1494]",
L3I_IMG_0023.jpg,crops/L3I_IMG_0023_r3.png,ok,មហានគរ ម៉ូបាល,"[1521, 1345, 2414, 1664]",
L3I_IMG_0023.jpg,crops/L3I_IMG_0023_r4.png,ok,ក្នុងដៃ,"[2389, 1527, 2619, 1731]",
L3I_IMG_0023.jpg,crops/L3I_IMG_0023_r5.png,ok,ស្កេន,"[1432, 1527, 1647, 1742]",
L3I_IMG_0023.jpg,crops/L3I_IMG_0023_r6.png,ok,ទូទាត់ទីណាក៏បាន,"[1936, 1622, 2532, 1901]",
L3I_IMG_0024.jpg,crops/L3I_IMG_0024_r1.png,ok,ផលិតផលមួយទឹកគុណភាពខ្ពស់លេខ១ នាំចូលពីប្រទេសជប៉ុន,"[816, 2220, 2270, 2350]",
L3I_IMG_0024.jpg,crops/L3I_IMG_0024_r2.png,ok,ខូហ្គិ ហ្វេកតូរី,"[1289, 2334, 1866, 2492]",
L3I_IMG_0025.jpg,crops/L3I_IMG_0025_r1.png,ok,ធីតា,"[1007, 693, 1419, 969]",
L3I_IMG_0025.jpg,crops/L3I_IMG_0025_r2.png,ok,ជួសជុល និងលក់គ្រឿងបន្លាស់កង់បីគ្រប់ប្រភេទ,"[745, 946, 1592, 1147]",
L3I_IMG_0026.jpg,crops/L3I_IMG_0026_r1.png,ok,លក់,"[1487, 1511, 1698, 1667]",
L3I_IMG_0026.jpg,crops/L3I_IMG_0026_r2.png,ok,និងជួសជុល,"[1366, 1665, 1838, 1855]",
L3I_IMG_0026.jpg,crops/L3I_IMG_0026_r3.png,ok,គ្រប់ប្រភេទ,"[1372, 1930, 1822, 2154]",
L3I_IMG_0027.jpg,crops/L3I_IMG_0027_r1.png,ok,ផលិតឡើង,"[672, 729, 914, 820]",
L3I_IMG_0027.jpg,crops/L3I_IMG_0027_r2.png,ok,ដោយភាពជឿជាក់,"[663, 774, 1026, 874]",
L3I_IMG_0028.jpg,crops/L3I_IMG_0028_r1.png,ok,ស៊ី ហ៊ួ ស្រេង,"[1685, 941, 2322, 1111]",
L3I_IMG_0028.jpg,crops/L3I_IMG_0028_r2.png,ok,លក់ថ្នាំលាប U-90 និងគ្រឿងសំណង់គ្រប់ប្រភេទ,"[1561, 1133, 2441, 1257]",
L3I_IMG_0029.jpg,crops/L3I_IMG_0029_r1.png,ok,ជិះ,"[754, 1479, 934, 1617]",
L3I_IMG_0029.jpg,crops/L3I_IMG_0029_r2.png,ok,ជួយអ្នកបើកបរ,"[1228, 1472, 2050, 1662]",
L3I_IMG_0029.jpg,crops/L3I_IMG_0029_r3.png,ok,ម៉ាស៊ីនបឺតផ្សែង និង,"[1130, 2006, 1890, 2199]",
L3I_IMG_0029.jpg,crops/L3I_IMG_0029_r4.png,ok,ចង្រ្កានហ្គាសបង្កប់ម៉ាប,"[1086, 2166, 1916, 2371]",
L3I_IMG_0029.jpg,crops/L3I_IMG_0029_r5.png,ok,រីនណៃ លេខ១នៅជប៉ុន,"[1045, 2464, 1904, 2719]",
L3I_IMG_0030.jpg,crops/L3I_IMG_0030_r1.png,ok,ខេ អាយ អេស,"[1218, 360, 1536, 475]",
L3I_IMG_0030.jpg,crops/L3I_IMG_0030_r2.png,ok,បង់រំលស់,"[1009, 529, 1506, 727]",
L3I_IMG_0030.jpg,crops/L3I_IMG_0030_r3.png,ok,មានត្រឹមតែ,"[1073, 723, 1425, 871]",
L3I_IMG_0030.jpg,crops/L3I_IMG_0030_r4.png,ok,អត្តសញ្ញាណប័ណ្ណ,"[969, 848, 1495, 1012]",
L3I_IMG_0030.jpg,crops/L3I_IMG_0030_r5.png,ok,កូពី ១ សន្លឹក,"[951, 1007, 1484, 1258]",
L3I_IMG_0031.jpg,crops/L3I_IMG_0031_r1.png,ok,ដែកកេះ,"[555, 986, 754, 1091]",
L3I_IMG_0031.jpg,crops/L3I_IMG_0031_r2.png,ok,ហ្គោលស៊ីល,"[526, 1082, 1182, 1343]",
L3I_IMG_0031.jpg,crops/L3I_IMG_0031_r3.png,ok,គុណភាពខ្ពស់លើសគេ,"[1087, 2586, 1599, 2733]",
L3I_IMG_0031.jpg,crops/L3I_IMG_0031_r4.png,ok,ភ្នំពេញ,"[917, 2831, 1107, 2913]",
L3I_IMG_0031.jpg,crops/L3I_IMG_0031_r5.png,ok,គុណភាព,"[603, 1846, 1143, 2069]",
L3I_IMG_0031.jpg,crops/L3I_IMG_0031_r6.png,ok,តំលៃ,"[1260, 1909, 1549, 2105]",
L3I_IMG_0032.jpg,crops/L3I_IMG_0032_r1.png,ok,ការពារជីវិតអ្នក,"[1186, 646, 1410, 729]",
L3I_IMG_0032.jpg,crops/L3I_IMG_0032_r2.png,ok,ពាក់មួកសុវត្ថិភាពឱ្យបានត្រឹមត្រូវ,"[1087, 685, 1487, 792]",
L3I_IMG_0033.jpg,crops/L3I_IMG_0033_r1.png,ok,ផ្តើមសប្បាយ,"[1166, 827, 1545, 947]",
L3I_IMG_0033.jpg,crops/L3I_IMG_0033_r2.png,ok,ជាមួយរសជាតិ និងគុណភាព,"[1179, 922, 1543, 989]",
L3I_IMG_0034.jpg,crops/L3I_IMG_0034_r1.png,ok,អ៊ានរ៉ាវី,"[828, 768, 1275, 924]",
L3I_IMG_0034.jpg,crops/L3I_IMG_0034_r2.png,ok,អ៊ុតកញ្ចក់ឡានប្រេះឬស្រាំ,"[840, 924, 1272, 1013]",
L3I_IMG_0034.jpg,crops/L3I_IMG_0034_r3.png,ok,សាខា អ៊ាន ចិន្តា,"[905, 1007, 1202, 1096]",
L3I_IMG_0034.jpg,crops/L3I_IMG_0034_r4.png,ok,ផ្ទះលេខ142 ផ្លូវ271,"[842, 1337, 1262, 1442]",
L3I_IMG_0035.jpg,crops/L3I_IMG_0035_r1.png,ok,បាយស្រូប,"[733, 1111, 1004, 1219]",
L3I_IMG_0035.jpg,crops/L3I_IMG_0035_r2.png,ok,សាច់ចិញ្ច្រាំ,"[854, 1223, 1106, 1335]",
L3I_IMG_0036.jpg,crops/L3I_IMG_0036_r1.png,ok,បង្កើនភាពស្និទ្ធស្នាល,"[590, 1006, 2224, 1666]",
L3I_IMG_0036.jpg,crops/L3I_IMG_0036_r2.png,ok,គ្រប់ការប្រកួត,"[1731, 1260, 2134, 1476]",
L3I_IMG_0037.jpg,crops/L3I_IMG_0037_r1.png,ok,អបអរសាទរ,"[908, 1400, 1498, 1501]",
L3I_IMG_0037.jpg,crops/L3I_IMG_0037_r2.png,ok,ខួបទី៤៤នៃទិវាជ័យជម្នះ៧មករា,"[537, 1502, 1872, 1685]",
L3I_IMG_0037.jpg,crops/L3I_IMG_0037_r3.png,ok,មានជ័យជម្នះ ៧ មករា ទើបយើងរស់រានមានជីវិតរហូតដល់ថ្ងៃនេះ,"[524, 1853, 2366, 2015]",
L3I_IMG_0038.jpg,crops/L3I_IMG_0038_r1.png,ok,សាលាភាសាបរទេស,"[1127, 813, 1682, 1001]",
L3I_IMG_0038.jpg,crops/L3I_IMG_0038_r2.png,ok,អង់គ្លេស និង ចិន,"[992, 1071, 1624, 1305]",
L3I_IMG_0038.jpg,crops/L3I_IMG_0038_r3.png,ok,រៀននៅទីនេះ,"[885, 2134, 1228, 2255]",
L3I_IMG_0038.jpg,crops/L3I_IMG_0038_r4.png,ok,ទទួលសញ្ញាបត្រ,"[1004, 2262, 1564, 2402]",
L3I_IMG_0038.jpg,crops/L3I_IMG_0038_r5.png,ok,ពីអន្តរជាតិ,"[1376, 2407, 1682, 2535]",
L3I_IMG_0039.jpg,crops/L3I_IMG_0039_r1.png,ok,ជាងក្រឡឹង,"[1064, 1243, 1434, 1400]",
L3I_IMG_0039.jpg,crops/L3I_IMG_0039_r2.png,ok,គួច សុភ័ក្រ,"[969, 1364, 1319, 1524]",
L3I_IMG_0039.jpg,crops/L3I_IMG_0039_r3.png,ok,លក់គ្រឿងបន្លាស់ ជួសជុល,"[1018, 1618, 1467, 1742]",
L3I_IMG_0039.jpg,crops/L3I_IMG_0039_r4.png,ok,និងប្តូរប្រេងម៉ាស៊ីនម៉ូតូគ្រប់ប្រភេទ,"[977, 1701, 1504, 1842]",
L3I_IMG_0040.jpg,crops/L3I_IMG_0040_r1.png,ok,ពេលវេលាល្អ,"[1204, 1110, 1902, 1391]",
L3I_IMG_0040.jpg,crops/L3I_IMG_0040_r2.png,ok,ពេលវេលាជាមួយគ្រុឌ,"[1164, 1345, 2343, 1646]",
L3I_IMG_0040.jpg,crops/L3I_IMG_0040_r3.png,ok,ពេលស្រវឹងសូមក៉ំបើកបរ,"[1312, 1708, 1710, 1793]",
L3I_IMG_0040.jpg,crops/L3I_IMG_0040_r4.png,ok,ខេត្តបាត់ដំបង,"[687, 1764, 887, 1851]",
L3I_IMG_0040.jpg,crops/L3I_IMG_0040_r5.png,ok,កំពង់ឆ្នាំង,"[1068, 1782, 1274, 1873]",
L3I_IMG_0040.jpg,crops/L3I_IMG_0040_r6.png,ok,ចោមចៅ,"[2016, 1817, 2205, 1895]",
L3I_IMG_0040.jpg,crops/L3I_IMG_0040_r7.png,ok,ផ្លូវសហព័ន្ធរុស្សី,"[2396, 1834, 2640, 1928]",
L3I_IMG_0041.jpg,crops/L3I_IMG_0041_r1.png,ok,ស្តើងទន់,"[1225, 1049, 1967, 1346]",
L3I_IMG_0041.jpg,crops/L3I_IMG_0041_r2.png,ok,ស្រូបទឹកច្រើន មានផាសុកភាព,"[767, 1287, 2495, 1588]",
L3I_IMG_0042.jpg,crops/L3I_IMG_0042_r1.png,ok,ចាហ៊ួយដែលសម្បូរ,"[924, 902, 1487, 1048]",
L3I_IMG_0042.jpg,crops/L3I_IMG_0042_r2.png,ok,ទៅដោយវីតាមីនច្រើនមុខ,"[840, 1029, 1562, 1178]",
L3I_IMG_0043.jpg,crops/L3I_IMG_0043_r1.png,ok,មានបន្ទប់សំរាប់ជួល,"[984, 448, 2271, 758]",
L3I_IMG_0043.jpg,crops/L3I_IMG_0043_r2.png,ok,បង្រៀនតាមផ្ទះ,"[2372, 571, 2681, 683]",
L3I_IMG_0044.jpg,crops/L3I_IMG_0044_r1.png,ok,ចិញ្ចើមផ្លូវសំរាប់អ្នកថ្មើរជើងដើរមិនមែន,"[680, 1989, 2701, 2338]",
L3I_IMG_0044.jpg,crops/L3I_IMG_0044_r2.png,ok,ឱ្យអ្នក ថ្មើរជើងដើរតាមដងផ្លូវនោះទេ,"[723, 2212, 2573, 2510]",
L3I_IMG_0045.jpg,crops/L3I_IMG_0045_r1.png,ok,ដេរស្បែកជើង,"[315, 1683, 2676, 2515]",
L3I_IMG_0045.jpg,crops/L3I_IMG_0045_r2.png,ok,វៃសារាស្បែជើង,"[278, 2018, 3450, 3060]",
L3I_IMG_0046.jpg,crops/L3I_IMG_0046_r1.png,ok,ភាពស្មោះត្រង់ក្នុងខ្លួន ដុះភាពស្អាតស្អំក្នុងសង្គម,"[0, 2325, 2224, 2653]",
L3I_IMG_0047.jpg,crops/L3I_IMG_0047_r1.png,ok,ច្រក រថយន្ត កង់បី & កង់,"[540, 449, 1644, 758]",
L3I_IMG_0047.jpg,crops/L3I_IMG_0047_r2.png,ok,ច្រកម៉ូតូ,"[1823, 444, 2298, 693]",
L3I_IMG_0048.jpg,crops/L3I_IMG_0048_r1.png,ok,សាកលវិទ្យាល័យភូមិន្ទភ្នំពេញ,"[1283, 1763, 2457, 1969]",
L3I_IMG_0048.jpg,crops/L3I_IMG_0048_r2.png,ok,ប័ណ្ណផ្ញើម៉ូតូ,"[1547, 1941, 2180, 2138]",
L3I_IMG_0048.jpg,crops/L3I_IMG_0048_r3.png,ok,ផុតកំណត់ម៉ោង ២០:៤៥,"[1403, 2550, 2301, 2708]",
L3I_IMG_0048.jpg,crops/L3I_IMG_0048_r4.png,ok,បាត់បង់មិនទទួលខុសត្រូវ,"[1423, 2691, 2297, 2881]",
L3I_IMG_0049.jpg,crops/L3I_IMG_0049_r1.png,ok,និស្សិតកាហ្វេ,"[1634, 514, 2358, 792]",
L3I_IMG_0049.jpg,crops/L3I_IMG_0049_r2.png,ok,ការិយាល័យសិក្សា,"[1353, 1404, 2202, 1830]",
L3I_IMG_0049.jpg,crops/L3I_IMG_0049_r3.png,ok,អគារ,"[1397, 2334, 1752, 2517]",
L3I_IMG_0050.jpg,crops/L3I_IMG_0050_r1.png,ok,សូមរក្សាយានជំនិះគ្រប់ប្រភេទ,"[1097, 1858, 2202, 2098]",
L3I_IMG_0050.jpg,crops/L3I_IMG_0050_r2.png,ok,ដោយខ្លួនឯង,"[1348, 2066, 1908, 2293]",
L3I_IMG_1001.jpg,crops/L3I_IMG_1001_r1.png,ok,ការពារសាច់ក្រណាត់,"[551, 1854, 2559, 2366]",
L3I_IMG_1001.jpg,crops/L3I_IMG_1001_r2.png,ok,បន្ថែមរហូតដល់,"[508, 2188, 2068, 2657]",
L3I_IMG_1002.jpg,crops/L3I_IMG_1002_r1.png,ok,មុខងារបោកគក់ឆ្លាតវៃស្រប,"[857, 2030, 3264, 2450]",
L3I_IMG_1002.jpg,crops/L3I_IMG_1002_r2.png,ok,តាមប្រភេទសាច់ក្រណាត់,"[828, 2345, 3132, 2802]",
L3I_IMG_1003.jpg,crops/L3I_IMG_1003_r1.png,ok,សន្សំសំចៃអគ្គីសនី,"[864, 2096, 2428, 2670]",
L3I_IMG_1004.jpg,crops/L3I_IMG_1004_r1.png,ok,ផ្ដល់ភាពស្រស់ថ្លា,"[1047, 2682, 2538, 3073]",
L3I_IMG_1004.jpg,crops/L3I_IMG_1004_r2.png,ok,បន្ថែមនូវសេចក្ដីសុខ,"[879, 3064, 2640, 3447]",
L3I_IMG_1004.jpg,crops/L3I_IMG_1004_r3.png,ok,និងផាសុកភាព,"[1084, 3430, 2421, 3770]",
L3I_IMG_1005.jpg,crops/L3I_IMG_1005_r1.png,ok,កង្ហារសាកថ្ម,"[718, 2441, 1695, 2721]",
L3I_IMG_1005.jpg,crops/L3I_IMG_1005_r2.png,ok,៛,"[2037, 2858, 2215, 3066]",
L3I_IMG_1006.jpg,crops/L3I_IMG_1006_r1.png,ok,ស្រាបៀប៉ាត់វាយសើកំប៉ុ,"[424, 1671, 2347, 2025]",
L3I_IMG_1006.jpg,crops/L3I_IMG_1006_r2.png,ok,តំលៃលក់,"[439, 2477, 837, 2655]",
L3I_IMG_1006.jpg,crops/L3I_IMG_1006_r3.png,ok,៛,"[2360, 2567, 2662, 2909]",
L3I_IMG_1006.jpg,crops/L3I_IMG_1006_r4.png,ok,មួយ,"[2710, 2643, 2942, 2832]",
L3I_IMG_1007.jpg,crops/L3I_IMG_1007_r1.png,ok,បញ្ចុះតម្លៃពិសេស,"[182, 1451, 2846, 3550]",
L3I_IMG_1008.jpg,crops/L3I_IMG_1008_r1.png,ok,បញ្ជរទទួលទំនិញត្រឡប់/ប្ដូរទំនិញ,"[395, 2067, 2252, 2347]",
L3I_IMG_1009.jpg,crops/L3I_IMG_1009_r1.png,ok,ដំណាំក្នុងស្រុក,"[542, 835, 1885, 1306]",
L3I_IMG_1009.jpg,crops/L3I_IMG_1009_r2.png,ok,គ្មានកាកសំណល់ថ្នាំសម្លាប់សត្វល្អិត,"[630, 1128, 3242, 1841]",
L3I_IMG_1009.jpg,crops/L3I_IMG_1009_r3.png,ok,ផលិតផលមានគុណភាព,"[630, 1766, 2450, 2362]",
L3I_IMG_1010.jpg,crops/L3I_IMG_1010_r1.png,ok,ស្ពៃចង្កឹះ ខ្ចប់៥០០ ក្រាម,"[593, 1847, 2531, 2435]",
L3I_IMG_1010.jpg,crops/L3I_IMG_1010_r2.png,ok,៛,"[1874, 2741, 2105, 3036]",
L3I_IMG_1011.jpg,crops/L3I_IMG_1011_r1.png,ok,ស្ពៃក្រញ៉ាញ់ ខ្ចប់៥០០ក,"[94, 2543, 2479, 3278]",
L3I_IMG_1011.jpg,crops/L3I_IMG_1011_r2.png,ok,៛,"[1685, 3511, 1951, 3946]",
L3I_IMG_1011.jpg,crops/L3I_IMG_1011_r3.png,ok,តំលៃលក់,"[39, 3158, 305, 3337]",
L3I_IMG_1012.jpg,crops/L3I_IMG_1012_r1.png,ok,ស្រស់,"[556, 2448, 1937, 3792]",
L3I_IMG_1012.jpg,crops/L3I_IMG_1012_r2.png,ok,ពីកសិដ្ឋាន,"[564, 3474, 1585, 4056]",
L3I_IMG_1012.jpg,crops/L3I_IMG_1012_r3.png,ok,មានទំនុកចិត្តលើគុណភាព,"[578, 3841, 2538, 4466]",
L3I_IMG_1013.jpg,crops/L3I_IMG_1013_r1.png,ok,ស្លាកតម្លៃម៉ាក្រូ,"[659, 2902, 2149, 3645]",
L3I_IMG_1014.jpg,crops/L3I_IMG_1014_r1.png,ok,កន្លែងលាងដៃ,"[871, 1986, 2003, 2582]",
L3I_IMG_1015.jpg,crops/L3I_IMG_1015_r1.png,ok,មានទទួលធ្វើនំគ្រប់កម្មវិធី,"[937, 1165, 2846, 1687]",
L3I_IMG_1015.jpg,crops/L3I_IMG_1015_r2.png,ok,ក្នុងតម្លៃពិសេស,"[1253, 1597, 2509, 2039]",
L3I_IMG_1015.jpg,crops/L3I_IMG_1015_r3.png,ok,នំខាប់ខេកបាណាណា,"[450, 3822, 1275, 3979]",
L3I_IMG_1016.jpg,crops/L3I_IMG_1016_r1.png,ok,ដៃគូអាជីវកម្មរបស់អ្នក,"[1132, 1399, 1797, 1548]",
L3I_IMG_1016.jpg,crops/L3I_IMG_1016_r2.png,ok,អារហារសុខភាព,"[1344, 1542, 2677, 1808]",
L3I_IMG_1017.jpg,crops/L3I_IMG_1017_r1.png,ok,ដៃគូអាជីវកម្មរបស់អ្នក,"[842, 798, 1328, 928]",
L3I_IMG_1017.jpg,crops/L3I_IMG_1017_r2.png,ok,គ្មានការប្រើប្រាស់សារធាតុដែល,"[1022, 1055, 2868, 1398]",
L3I_IMG_1017.jpg,crops/L3I_IMG_1017_r3.png,ok,ធ្វើអោយនំរក្សាទុកបានយូរ,"[1150, 1418, 2791, 1735]",
L3I_IMG_1018.jpg,crops/L3I_IMG_1018_r1.png,ok,រោងចក្រផលិតនំគ្រប់ប្រភេទ ម៉ាក្រូ (ខេមបូឌា) បេខឺរី,"[549, 1751, 2618, 2259]",
L3I_IMG_1019.jpg,crops/L3I_IMG_1019_r1.png,ok,ក្លិនក្រអូប,"[830, 1640, 2273, 2428]",
L3I_IMG_1019.jpg,crops/L3I_IMG_1019_r2.png,ok,ជារៀងរាល់ថ្ងៃគ្រប់ទីកន្លែង,"[464, 2181, 2808, 2798]",
L3I_IMG_1020.jpg,crops/L3I_IMG_1020_r1.png,ok,ឧបករណ៍ចុះ,"[1128, 2067, 2428, 2523]",
L3I_IMG_1021.jpg,crops/L3I_IMG_1021_r1.png,ok,ក្ដារខៀនមួយខាង,"[380, 1905, 3110, 2794]",
L3I_IMG_1022.jpg,crops/L3I_IMG_1022_r1.png,ok,កំប៉ុងដាក់ប៊ិច,"[454, 2272, 2772, 3036]",
L3I_IMG_1023.jpg,crops/L3I_IMG_1023_r1.png,ok,ប្រអប់ដាក់ឯកសារ,"[219, 2096, 2538, 2934]",
L3I_IMG_1024.jpg,crops/L3I_IMG_1024_r1.png,ok,ទំនិញលក់ដុំ (សូមមេត្តាកុំហែក),"[784, 2536, 3198, 3205]",
L3I_IMG_1025.jpg,crops/L3I_IMG_1025_r1.png,ok,ចែកចាយផ្ដាច់មុខដោយ,"[776, 2543, 3095, 3044]",
L3I_IMG_1026.jpg,crops/L3I_IMG_1026_r1.png,ok,ទឹកដោះគោទឹកកូនក្មេង,"[50, 2616, 2039, 3073]",
L3I_IMG_1026.jpg,crops/L3I_IMG_1026_r2.png,ok,តំលៃលក់,"[72, 3386, 492, 3579]",
L3I_IMG_1026.jpg,crops/L3I_IMG_1026_r3.png,ok,៛,"[2023, 3533, 2355, 3836]",
L3I_IMG_1027.jpg,crops/L3I_IMG_1027_r1.png,ok,ទឹកដោះខាប់ ធីផត,"[219, 2221, 1189, 2494]",
L3I_IMG_1027.jpg,crops/L3I_IMG_1027_r2.png,ok,ទំនិញលក់ជាដ៉ំ (៦កំប៉ុង) សូមយកចំនួនម្តង៦កំប៉ុង,"[542, 2682, 2926, 3051]",
L3I_IMG_1028.jpg,crops/L3I_IMG_1028_r1.png,ok,ទឹកសណ្តែក,"[791, 857, 2252, 1467]",
L3I_IMG_1029.jpg,crops/L3I_IMG_1029_r1.png,ok,តែខ្ញីទឹកដោះគោ,"[813, 2741, 2391, 3264]",
L3I_IMG_1029.jpg,crops/L3I_IMG_1029_r2.png,ok,៛,"[2448, 3592, 2743, 3938]",
L3I_IMG_1030.jpg,crops/L3I_IMG_1030_r1.png,ok,តំលៃលក់,"[718, 3782, 1035, 4019]",
L3I_IMG_1030.jpg,crops/L3I_IMG_1030_r2.png,ok,៛,"[2243, 3474, 2479, 3843]",
L3I_IMG_1030.jpg,crops/L3I_IMG_1030_r3.png,ok,កាហ្វេ,"[636, 3224, 1165, 3560]",
L3I_IMG_1030.jpg,crops/L3I_IMG_1030_r4.png,ok,រសជាតិចំរុះ,"[1412, 2946, 2262, 3348]",
L3I_IMG_1031.jpg,crops/L3I_IMG_1031_r1.png,ok,ប្រេងដូងឆា,"[151, 3027, 2829, 4320]",
L3I_IMG_1032.jpg,crops/L3I_IMG_1032_r1.png,ok,បន្ថែមថាមពលរាងកាយ,"[14, 2595, 3154, 3542]",
L3I_IMG_1032.jpg,crops/L3I_IMG_1032_r2.png,ok,និងពង្រឹងស្មារតី,"[1128, 3196, 3418, 4144]",
L3I_IMG_1032.jpg,crops/L3I_IMG_1032_r3.png,ok,ផ្សំពី,"[520, 3826, 1027, 4217]",
L3I_IMG_1032.jpg,crops/L3I_IMG_1032_r4.png,ok,យិនស៊ីន,"[388, 4032, 1130, 4452]",
L3I_IMG_1033.jpg,crops/L3I_IMG_1033_r1.png,ok,សាកល្បងភ្លក់រសជាតិអាហារ,"[542, 380, 2670, 2699]",
L3I_IMG_1033.jpg,crops/L3I_IMG_1033_r2.png,ok,បែបអ៉ីតាលី,"[593, 754, 2706, 3462]",
L3I_IMG_1034.jpg,crops/L3I_IMG_1034_r1.png,ok,ទឹកផ្លែឈើ,"[996, 1803, 2003, 2274]",
L3I_IMG_1035.jpg,crops/L3I_IMG_1035_r1.png,ok,ប្រព្រឹត្តិកម្មដោយអូហ្សូន,"[923, 2426, 3124, 3124]",
L3I_IMG_1035.jpg,crops/L3I_IMG_1035_r2.png,ok,លីយ៉ង,"[373, 3020, 3242, 4056]",
L3I_IMG_1035.jpg,crops/L3I_IMG_1035_r3.png,ok,ទឹកពិសាសំរាប់ធ្វើឱ្យស្រស់បស់,"[1073, 4010, 3014, 4510]",
L3I_IMG_1035.jpg,crops/L3I_IMG_1035_r4.png,ok,ចំណុះ,"[1319, 4442, 1731, 4620]",
L3I_IMG_1036.jpg,crops/L3I_IMG_1036_r1.png,ok,កោសភ្លាម ឈ្នះភ្លាម,"[212, 307, 2516, 2765]",
L3I_IMG_1036.jpg,crops/L3I_IMG_1036_r2.png,ok,ប្រព្រឹត្តិកម្មដោយអូហ្សូន,"[1597, 3709, 3468, 4195]",
L3I_IMG_1037.jpg,crops/L3I_IMG_1037_r1.png,ok,កែច្នៃឡើងវិញ,"[2419, 1311, 2912, 1475]",
L3I_IMG_1037.jpg,crops/L3I_IMG_1037_r2.png,ok,សូមចូលរួមថែរក្សាបរិស្ថានទាំងអស់គ្នា,"[2155, 1458, 2970, 1592]",
L3I_IMG_1037.jpg,crops/L3I_IMG_1037_r3.png,ok,ចបផ,"[2243, 1055, 2465, 1189]",
L3I_IMG_1037.jpg,crops/L3I_IMG_1037_r4.png,ok,ផលិតដោយ៖ ក្រុមហ៊ុនស្រាបៀរកម្ពុជាខេមប្រ៊ូវ,"[336, 2301, 2956, 2890]",
L3I_IMG_1038.jpg,crops/L3I_IMG_1038_r1.png,ok,យិនស៊ីន,"[336, 747, 1203, 1321]",
L3I_IMG_1038.jpg,crops/L3I_IMG_1038_r2.png,ok,វីតាមីន,"[1627, 1069, 2142, 1365]",
L3I_IMG_1038.jpg,crops/L3I_IMG_1038_r3.png,ok,ជីវិតប្រកបដោយ,"[72, 1590, 3036, 2274]",
L3I_IMG_1038.jpg,crops/L3I_IMG_1038_r4.png,ok,ភាពស្វាហាប់,"[234, 2229, 2597, 2788]",
L3I_IMG_1038.jpg,crops/L3I_IMG_1038_r5.png,ok,តូរីន,"[2536, 2426, 3095, 2882]",
L3I_IMG_1039.jpg,crops/L3I_IMG_1039_r1.png,ok,លក់/ជួល,"[845, 2027, 1653, 2450]",
L3I_IMG_1039.jpg,crops/L3I_IMG_1039_r2.png,ok,ជួសជុល,"[830, 2267, 1594, 2631]",
L3I_IMG_1040.jpg,crops/L3I_IMG_1040_r1.png,ok,កាយា,"[314, 1545, 3289, 3124]",
L3I_IMG_1040.jpg,crops/L3I_IMG_1040_r2.png,ok,ទឹករ៉ែធម្មជាតិ,"[1185, 2866, 2245, 3274]",
L3I_IMG_1041.jpg,crops/L3I_IMG_1041_r1.png,ok,ទឹកពិសា,"[1245, 2778, 1841, 3000]",
L3I_IMG_1041.jpg,crops/L3I_IMG_1041_r2.png,ok,ដើម្បីសុខភាពលោកអ្នក,"[2191, 3276, 3080, 3733]",
L3I_IMG_1041.jpg,crops/L3I_IMG_1041_r3.png,ok,យាយ-ធិច,"[1220, 2626, 3000, 3412]",
L3I_IMG_1042.jpg,crops/L3I_IMG_1042_r1.png,ok,រក្សាសុខភាពមនុស្សជាទីស្រលាញ់,"[534, 2770, 3080, 3278]",
L3I_IMG_1042.jpg,crops/L3I_IMG_1042_r2.png,ok,ជាមួយ អូ គូលែន,"[1040, 3023, 2567, 3418]",
L3I_IMG_1042.jpg,crops/L3I_IMG_1042_r3.png,ok,រក្សាទុកដោយធម្មជាតិ,"[806, 4178, 1717, 4415]",
L3I_IMG_1043.jpg,crops/L3I_IMG_1043_r1.png,ok,កាន់តែស្រស់ស្រាយ ជាមួយក្រូចឆ្មារ១ចំនិត,"[417, 2770, 3190, 3161]",
L3I_IMG_1044.jpg,crops/L3I_IMG_1044_r1.png,ok,កំប៉ុងវែងថ្មី,"[732, 1106, 2413, 1915]",
L3I_IMG_1044.jpg,crops/L3I_IMG_1044_r2.png,ok,រសជាតិស្រស់ស្រាយដូចដើម,"[761, 1825, 2376, 2171]",
L3I_IMG_1045.jpg,crops/L3I_IMG_1045_r1.png,ok,អាហារកូរ៉េ,"[915, 1715, 1599, 2032]",
L3I_IMG_1046.jpg,crops/L3I_IMG_1046_r1.png,ok,គ្រប់កំណត់ផ្ដល់នូវរស់ជាតិ,"[1495, 1308, 2732, 1617]",
L3I_IMG_1046.jpg,crops/L3I_IMG_1046_r2.png,ok,ដ៏បរិសុទ្ធពីជួរភ្នំនៃប្រទេសបារាំង,"[1381, 1480, 2824, 1856]",
L3I_IMG_1046.jpg,crops/L3I_IMG_1046_r3.png,ok,ផលិតនៅ,"[3086, 1561, 3344, 1647]",
L3I_IMG_1046.jpg,crops/L3I_IMG_1046_r4.png,ok,ប្រទេសបារាំង,"[3023, 1619, 3374, 1731]",
L3I_IMG_1047.jpg,crops/L3I_IMG_1047_r1.png,ok,រង្វាន់ដ៏អស្ចារ្យ! ​សរុបទឹកប្រាក់,"[776, 1172, 2948, 2186]",
L3I_IMG_1047.jpg,crops/L3I_IMG_1047_r2.png,ok,លានរៀន,"[1979, 1480, 2941, 2179]",
L3I_IMG_1047.jpg,crops/L3I_IMG_1047_r3.png,ok,ពីម្សៅស៊ុបខ្នរ,"[798, 1979, 2736, 3352]",
L3I_IMG_1048.jpg,crops/L3I_IMG_1048_r1.png,ok,ចាហ៊ួយរទេះភ្លើង,"[1249, 1744, 2080, 1959]",
L3I_IMG_1048.jpg,crops/L3I_IMG_1048_r2.png,ok,តំលៃលក់,"[1165, 2169, 1365, 2252]",
L3I_IMG_1048.jpg,crops/L3I_IMG_1048_r3.png,ok,៛,"[2056, 2177, 2208, 2377]",
L3I_IMG_1049.jpg,crops/L3I_IMG_1049_r1.png,ok,ទ្រីថប ទឹកផ្លែប៉ោម រសជាតិដើមពីសហរដ្ឋអាមេរិក!,"[307, 1986, 3227, 3117]",
L3I_IMG_1050.jpg,crops/L3I_IMG_1050_r1.png,ok,ឆ្នាំជាមួយអ្នក,"[945, 2067, 2890, 3212]",
L3I_IMG_0101.jpg,crops/L3I_IMG_0101_r1.png,ok,សូមចូលរួមគោរពច្បាប់ចរាចរណ៍,"[664, 877, 1488, 1033]",
L3I_IMG_0101.jpg,crops/L3I_IMG_0101_r2.png,ok,ចង្រ្កានហ្គាសបង្កប់ម៉ាប,"[925, 1133, 1671, 1257]",
L3I_IMG_0101.jpg,crops/L3I_IMG_0101_r3.png,ok,ក្បាលដុតបញ្ចេញ,"[485, 1540, 781, 1616]",
L3I_IMG_0101.jpg,crops/L3I_IMG_0101_r4.png,ok,ភ្លើងខ្លាំង,"[528, 1608, 775, 1671]",
L3I_IMG_0101.jpg,crops/L3I_IMG_0101_r5.png,ok,មកដល់ថ្មី,"[1571, 1066, 1781, 1285]",
L3I_IMG_0101.jpg,crops/L3I_IMG_0101_r6.png,ok,សៀមរាប,"[1646, 2344, 1864, 2419]",
L3I_IMG_0102.jpg,crops/L3I_IMG_0102_r1.png,ok,គ្លីនិក,"[1482, 155, 1600, 270]",
L3I_IMG_0102.jpg,crops/L3I_IMG_0102_r2.png,ok,យ៉ុង,"[1473, 265, 1594, 368]",
L3I_IMG_0102.jpg,crops/L3I_IMG_0102_r3.png,ok,ហាវ,"[1479, 366, 1599, 458]",
L3I_IMG_0102.jpg,crops/L3I_IMG_0102_r4.png,ok,ភ្នំពេញ,"[1479, 460, 1608, 564]",
L3I_IMG_0102.jpg,crops/L3I_IMG_0102_r5.png,ok,សូមចូលរួមគោរពច្បាប់ចរាចរណ៍,"[1308, 1744, 2174, 1893]",
L3I_IMG_0102.jpg,crops/L3I_IMG_0102_r6.png,ok,ភ្នំពេញ,"[1389, 3257, 1652, 3361]",
L3I_IMG_0103.jpg,crops/L3I_IMG_0103_r1.png,ok,គេហដ្ឋាននៃក្តីស្រឡាញ់,"[864, 1036, 2038, 1423]",
L3I_IMG_0103.jpg,crops/L3I_IMG_0103_r2.png,ok,គ្រឹះស្ថាននៃធម៌មេត្តាករុណា,"[812, 1372, 2163, 1714]",
L3I_IMG_0104.jpg,crops/L3I_IMG_0104_r1.png,ok,ពហុកីឡាដ្ឋាន អូឡាំពិក,"[1063, 702, 2133, 934]",
L3I_IMG_0104.jpg,crops/L3I_IMG_0104_r2.png,ok,ម.វិថី ព្រះនរោត្តម,"[1308, 1005, 2185, 1237]",
L3I_IMG_0104.jpg,crops/L3I_IMG_0104_r3.png,ok,វិមានឯករាជ្យ,"[1300, 1312, 2003, 1546]",
L3I_IMG_0104.jpg,crops/L3I_IMG_0104_r4.png,ok,ក្បាលថ្នល់,"[1222, 1606, 1729, 1806]",
L3I_IMG_0104.jpg,crops/L3I_IMG_0104_r5.png,ok,ផ្លូវលេខ ២៥០,"[1479, 2633, 1816, 2762]",
L3I_IMG_0105.jpg,crops/L3I_IMG_0105_r1.png,ok,ប្រម៉ូសិនរដូវភ្លៀង,"[1540, 1063, 2921, 1465]",
L3I_IMG_0105.jpg,crops/L3I_IMG_0105_r2.png,ok,ទិញម៉ូតូ,"[1536, 1508, 1779, 1620]",
L3I_IMG_0105.jpg,crops/L3I_IMG_0105_r3.png,ok,ឬ,"[1834, 1589, 1938, 1722]",
L3I_IMG_0105.jpg,crops/L3I_IMG_0105_r4.png,ok,ឬ,"[1553, 1610, 1665, 1734]",
L3I_IMG_0105.jpg,crops/L3I_IMG_0105_r5.png,ok,កាបូបស្ពាយ ១,"[2462, 2295, 2888, 2411]",
L3I_IMG_0105.jpg,crops/L3I_IMG_0105_r6.png,ok,បន្តោងសោ ១,"[1793, 2291, 2170, 2415]",
L3I_IMG_0105.jpg,crops/L3I_IMG_0105_r7.png,ok,ផ្នែកលក់ម៉ូតូ,"[1683, 2494, 1922, 2578]",
L3I_IMG_0106.jpg,crops/L3I_IMG_0106_r1.png,ok,រូបរាងថ្មី!,"[1218, 1561, 1950, 2105]",
L3I_IMG_0106.jpg,crops/L3I_IMG_0106_r2.png,ok,"ធានាជូន3ឆ្នាំឬ 6០,០០០គ.ម","[1169, 2233, 1585, 2407]",
L3I_IMG_0107.jpg,crops/L3I_IMG_0107_r1.png,ok,បច្ចេកវិទ្យាជំនាន់ថ្មី!,"[1068, 1922, 1624, 2092]",
L3I_IMG_0107.jpg,crops/L3I_IMG_0107_r2.png,ok,បញ្ឆេះម៉ាស៊ីនស្ងាត់,"[1084, 1955, 1930, 2264]",
L3I_IMG_0107.jpg,crops/L3I_IMG_0107_r3.png,ok,ប្រើប្រព័ន្ធបាញ់ប្រេង,"[1134, 2314, 1394, 2428]",
L3I_IMG_0108.jpg,crops/L3I_IMG_0108_r1.png,ok,អ្នកជ្រើសរើស យើងអ្នកដឹកជញ្ជូន,"[1115, 1118, 1688, 1241]",
L3I_IMG_0108.jpg,crops/L3I_IMG_0108_r2.png,ok,ចង់សាកល្បងអី្វថ្មីៗ?,"[1017, 1211, 1766, 1435]",
L3I_IMG_0109.jpg,crops/L3I_IMG_0109_r1.png,ok,ដែកថែប ហុង ឌី សេង,"[1259, 1744, 2203, 1889]",
L3I_IMG_0109.jpg,crops/L3I_IMG_0109_r2.png,ok,កសាងអនាគតកាន់តែប្រសើរជានិរន្តរ៍,"[1186, 1858, 2598, 2036]",
L3I_IMG_0109.jpg,crops/L3I_IMG_0109_r3.png,ok,សូមចូលរួមគោរពច្បាប់ចរាចរណ៍,"[1483, 3094, 2554, 3320]",
L3I_IMG_0110.jpg,crops/L3I_IMG_0110_r1.png,ok,អាហារដ្ឋានរសជាតិទៀជីវ,"[1010, 1267, 2056, 1673]",
L3I_IMG_0110.jpg,crops/L3I_IMG_0110_r2.png,ok,ផ្ទះជួល,"[1202, 1785, 1379, 1885]",
L3I_IMG_0111.jpg,crops/L3I_IMG_0111_r1.png,ok,សង្កាត់ បឹងកេងកង៣ ខណ្ឌចំការមន រាជធានីភ្នំពេញ,"[215, 937, 2961, 1224]",
L3I_IMG_0112.jpg,crops/L3I_IMG_0112_r1.png,ok,ស្គេនទូទាត់តាម,"[1182, 2026, 1789, 2395]",
L3I_IMG_0113.jpg,crops/L3I_IMG_0113_r1.png,ok,មានដេគ័រ,"[1144, 761, 1488, 906]",
L3I_IMG_0113.jpg,crops/L3I_IMG_0113_r2.png,ok,ខាងក្នុងផ្ទះ,"[1267, 895, 1650, 1040]",
L3I_IMG_0113.jpg,crops/L3I_IMG_0113_r3.png,ok,ឌីហ្សាញ និង,"[1377, 1036, 1654, 1116]",
L3I_IMG_0113.jpg,crops/L3I_IMG_0113_r4.png,ok,គូររូប,"[1368, 1110, 1483, 1167]",
L3I_IMG_0114.jpg,crops/L3I_IMG_0114_r1.png,ok,ភាពស៊ីវិល័យដ៏ល្អឥតខ្ចោះ,"[521, 2299, 1840, 2566]",
L3I_IMG_0114.jpg,crops/L3I_IMG_0114_r2.png,ok,ជាមួយនឹងការរស់នៅបែបឯកជនក្នុង,"[382, 2535, 2085, 2753]",
L3I_IMG_0114.jpg,crops/L3I_IMG_0114_r3.png,ok,ខុនដូ ដឹស្តា ប៉ូឡារីស 23,"[488, 2755, 2011, 2953]",
L3I_IMG_0115.jpg,crops/L3I_IMG_0115_r1.png,ok,ទឹកស៊ុបស៊ីឈ័ន,"[1394, 1434, 2505, 1881]",
L3I_IMG_0115.jpg,crops/L3I_IMG_0115_r2.png,ok,ទឹកស៊ុបតុំយ៊ាំ,"[1691, 1862, 2688, 2329]",
L3I_IMG_0115.jpg,crops/L3I_IMG_0115_r3.png,ok,ត្រឹមតែ,"[36, 1761, 372, 1954]",
L3I_IMG_0116.jpg,crops/L3I_IMG_0116_r1.png,ok,ប្រឡាយ បឹងត្របែក,"[1385, 2413, 1938, 2562]",
L3I_IMG_0116.jpg,crops/L3I_IMG_0116_r2.png,ok,ផ្លូវលេខ ១០៥,"[3102, 4056, 3442, 4144]",
L3I_IMG_0117.jpg,crops/L3I_IMG_0117_r1.png,ok,ធនាគារវឌ្ឍនៈអាស៊ី ចំកាត់,"[1153, 1027, 2831, 1469]",
L3I_IMG_0117.jpg,crops/L3I_IMG_0117_r2.png,ok,គ្រឹះស្ថានឯកជន,"[1169, 1442, 2036, 1697]",
L3I_IMG_0117.jpg,crops/L3I_IMG_0117_r3.png,ok,សាខាម៉ៅសេទុង,"[1169, 1687, 1852, 1836]",
L3I_IMG_0117.jpg,crops/L3I_IMG_0117_r4.png,ok,ម៉ាស៊ីនដាក់ប្រាក់រៀល,"[1728, 3538, 1999, 3622]",
L3I_IMG_0117.jpg,crops/L3I_IMG_0117_r5.png,ok,ម៉ាស៊ីនបើកកាត ក្លាសិក,"[2413, 3628, 2696, 3720]",
L3I_IMG_0118.jpg,crops/L3I_IMG_0118_r1.png,ok,មានរម៉កជួល,"[1373, 1518, 2198, 1766]",
L3I_IMG_0119.jpg,crops/L3I_IMG_0119_r1.png,ok,បញ្ចុះតម្លៃ,"[1114, 1299, 1501, 1436]",
L3I_IMG_0119.jpg,crops/L3I_IMG_0119_r2.png,ok,រហូតដល់,"[1239, 1424, 1478, 1501]",
L3I_IMG_0119.jpg,crops/L3I_IMG_0119_r3.png,ok,បញ្ចុះតម្លៃ,"[2210, 1884, 2366, 1962]",
L3I_IMG_0119.jpg,crops/L3I_IMG_0119_r4.png,ok,ធំបំផុត,"[736, 1291, 998, 1426]",
L3I_IMG_0120.jpg,crops/L3I_IMG_0120_r1.png,ok,វីង,"[1074, 920, 1518, 1450]",
L3I_IMG_0120.jpg,crops/L3I_IMG_0120_r2.png,ok,ចំណាយតិច,"[1102, 1440, 1521, 1561]",
L3I_IMG_0120.jpg,crops/L3I_IMG_0120_r3.png,ok,រហ័ស និង,"[1102, 1551, 1523, 1654]",
L3I_IMG_0120.jpg,crops/L3I_IMG_0120_r4.png,ok,មានសុវត្ថិភាព,"[1110, 1650, 1528, 1771]",
L3I_IMG_0121.jpg,crops/L3I_IMG_0121_r1.png,ok,បើកគណនីបញ្ញើ,"[1072, 650, 1728, 834]",
L3I_IMG_0121.jpg,crops/L3I_IMG_0121_r2.png,ok,មានកាលកំណត់,"[1097, 816, 1556, 929]",
L3I_IMG_0121.jpg,crops/L3I_IMG_0121_r3.png,ok,ទទួលបាន,"[1058, 1066, 1254, 1169]",
L3I_IMG_0121.jpg,crops/L3I_IMG_0121_r4.png,ok,អត្រាការប្រាក់ពិសេស,"[979, 1143, 1262, 1238]",
L3I_IMG_0121.jpg,crops/L3I_IMG_0121_r5.png,ok,+0.25% បន្ថែម,"[940, 1196, 1359, 1372]",
L3I_IMG_0121.jpg,crops/L3I_IMG_0121_r6.png,ok,ទីក្រុងឌូបៃ,"[1649, 992, 1806, 1047]",
L3I_IMG_0122.jpg,crops/L3I_IMG_0122_r1.png,ok,ទូទាត់យ៉ាងសម្បូរបែប,"[472, 166, 2921, 1432]",
L3I_IMG_0122.jpg,crops/L3I_IMG_0122_r2.png,ok,ជាមួយកាតឥណពន្ធ,"[611, 3249, 1648, 3577]",
L3I_IMG_0122.jpg,crops/L3I_IMG_0122_r3.png,ok,របស់ ធនាគារ ជីប ម៉ុង,"[721, 3534, 1979, 3891]",
L3I_IMG_0123.jpg,crops/L3I_IMG_0123_r1.png,ok,ទំនាក់ទំនងផ្សព្វផ្សាយពាណិជ្ជកម្ម,"[851, 1699, 3288, 2183]",
L3I_IMG_0123.jpg,crops/L3I_IMG_0123_r2.png,ok,ម៉ាស៊ូត,"[284, 1879, 539, 2125]",
L3I_IMG_0123.jpg,crops/L3I_IMG_0123_r3.png,ok,ហ្គាស,"[231, 2164, 515, 2362]",
L3I_IMG_0124.jpg,crops/L3I_IMG_0124_r1.png,ok,ការិយាល័យសម្រាប់ជួល,"[709, 702, 1626, 876]",
L3I_IMG_0124.jpg,crops/L3I_IMG_0124_r2.png,ok,ស៊ុបភើហ្វីទ,"[1833, 1231, 1997, 1327]",
L3I_IMG_0124.jpg,crops/L3I_IMG_0124_r3.png,ok,ដែកថែប ហុង ឌី សេង,"[1734, 2235, 2030, 2314]",
L3I_IMG_0125.jpg,crops/L3I_IMG_0125_r1.png,ok,ច្រកចូល,"[1589, 2021, 1950, 2191]",
L3I_IMG_0125.jpg,crops/L3I_IMG_0125_r2.png,ok,ច្រកចូល,"[986, 1940, 1204, 2032]",
L3I_IMG_0126.jpg,crops/L3I_IMG_0126_r1.png,ok,ម៉ាស៊ីនដកប្រាក់,"[880, 414, 1209, 515]",
L3I_IMG_0126.jpg,crops/L3I_IMG_0126_r2.png,ok,ម៉ាស៊ីនដាក់ប្រាក់,"[887, 675, 1198, 762]",
L3I_IMG_0126.jpg,crops/L3I_IMG_0126_r3.png,ok,ម៉ាស៊ីនដាក់មូលប្បទានបត្រ,"[835, 920, 1245, 1009]",
L3I_IMG_0126.jpg,crops/L3I_IMG_0126_r4.png,ok,ផ្លូវលេខ ១៩៣,"[1815, 1525, 2098, 1624]",
L3I_IMG_0126.jpg,crops/L3I_IMG_0126_r5.png,ok,សុវត្ថិភាព,"[1627, 461, 1897, 762]",
L3I_IMG_0127.jpg,crops/L3I_IMG_0127_r1.png,ok,ដំណឹងជ្រើសរើសបុគ្គលិក,"[1501, 955, 2215, 1305]",
L3I_IMG_0127.jpg,crops/L3I_IMG_0127_r2.png,ok,ផ្នែក រត់តុ ទាំងពីរភេទ,"[1516, 1129, 2169, 1448]",
L3I_IMG_0128.jpg,crops/L3I_IMG_0128_r1.png,ok,ផ្ទះលក់,"[904, 643, 2003, 2048]",
L3I_IMG_0128.jpg,crops/L3I_IMG_0128_r2.png,ok,កាតគ្រីឡាន,"[358, 166, 727, 384]",
L3I_IMG_0128.jpg,crops/L3I_IMG_0128_r3.png,ok,បូមលូ,"[1267, 2996, 1477, 3108]",
L3I_IMG_0128.jpg,crops/L3I_IMG_0128_r4.png,ok,បូមលូ,"[1235, 3314, 1457, 3422]",
L3I_IMG_0129.jpg,crops/L3I_IMG_0129_r1.png,ok,ហាមចតមុខការដ្ឋាន,"[1198, 1867, 2484, 2203]",
L3I_IMG_0129.jpg,crops/L3I_IMG_0129_r2.png,ok,កំពង់សាងសង់,"[1271, 2140, 2390, 2423]",
L3I_IMG_0129.jpg,crops/L3I_IMG_0129_r3.png,ok,ប្រយ័ត្នគ្រោះថ្នាក់,"[1251, 2429, 2456, 2798]",
L3I_IMG_0129.jpg,crops/L3I_IMG_0129_r4.png,ok,សុវត្ថិភាពជាចំបង!,"[1671, 2776, 2480, 2994]",
L3I_IMG_0130.jpg,crops/L3I_IMG_0130_r1.png,ok,ស្នាដៃល្អ ចេកចៀនពិសេស,"[1165, 1765, 2301, 2007]",
L3I_IMG_0131.jpg,crops/L3I_IMG_0131_r1.png,ok,កម្ចីទិញផ្ទះ,"[774, 1703, 1608, 2019]",
L3I_IMG_0131.jpg,crops/L3I_IMG_0131_r2.png,ok,អត្រាការប្រាក់,"[1642, 1789, 2199, 1942]",
L3I_IMG_0131.jpg,crops/L3I_IMG_0131_r3.png,ok,សមរម្យ,"[1642, 1932, 1995, 2105]",
L3I_IMG_0131.jpg,crops/L3I_IMG_0131_r4.png,ok,សម្រាប់គ្រប់គម្រោងរបស់ ជីប ម៉ុង លែន,"[819, 2034, 1510, 2113]",
L3I_IMG_0131.jpg,crops/L3I_IMG_0131_r5.png,ok,រយៈពេលកម្ចីរហូតដល់ ២០ ឆ្នាំ,"[2352, 1858, 2912, 1975]",
L3I_IMG_0131.jpg,crops/L3I_IMG_0131_r6.png,ok,ទទួលបានទំហំកម្ចីខ្ពស់បំផុត,"[2364, 1964, 2929, 2072]",
L3I_IMG_0132.jpg,crops/L3I_IMG_0132_r1.png,ok,ផ្សារទួលទំពូង,"[731, 537, 1170, 690]",
L3I_IMG_0132.jpg,crops/L3I_IMG_0132_r2.png,ok,ទំនាក់ទំនង,"[899, 1093, 1218, 1172]",
L3I_IMG_0132.jpg,crops/L3I_IMG_0132_r3.png,ok,ផ្សាយពាណិជ្ជកម្ម,"[834, 1170, 1239, 1271]",
L3I_IMG_0133.jpg,crops/L3I_IMG_0133_r1.png,ok,ការពារជីវិតអ្នក ពាក់ខ្សែក្រវ៉ាត់សុវត្ថិភាពឱ្យបានត្រឹមត្រូវជានិច្ច!,"[921, 982, 2672, 1453]",
L3I_IMG_0133.jpg,crops/L3I_IMG_0133_r2.png,ok,ផ្លូវលេខ ១៥៥,"[1911, 3021, 2174, 3108]",
L3I_IMG_0134.jpg,crops/L3I_IMG_0134_r1.png,ok,ជយោ! សន្តិភាព ប្រជាធិបតេយ្យ និងអភិវឌ្ឍន៍,"[757, 2009, 2521, 2448]",
L3I_IMG_0135.jpg,crops/L3I_IMG_0135_r1.png,ok,មន្ទីរ សារការី សាធារណៈ,"[1206, 2450, 2317, 2704]",
L3I_IMG_0135.jpg,crops/L3I_IMG_0135_r2.png,ok,បែនសុន សម័យ មេធាវីសារការី,"[1059, 2833, 2468, 3027]",
L3I_IMG_0135.jpg,crops/L3I_IMG_0135_r3.png,ok,លេខ ១,"[52, 2282, 356, 2366]",
L3I_IMG_0135.jpg,crops/L3I_IMG_0135_r4.png,ok,ម៉ៅ សេ ទុង,"[40, 2348, 356, 2411]",
L3I_IMG_0136.jpg,crops/L3I_IMG_0136_r1.png,ok,ប្ដេជ្ញាថែរក្សាសន្តិភាពនិងស្ថិរភាព,"[782, 1977, 2272, 2305]",
L3I_IMG_0136.jpg,crops/L3I_IMG_0136_r2.png,ok,ដើម្បីធានាការអភិវឌ្ឍប្រទេសជាតិ,"[749, 2234, 2309, 2570]",
L3I_IMG_0137.jpg,crops/L3I_IMG_0137_r1.png,ok,អរគុណសន្តិភាព ក្រោមការដឹកនាំរបស់,"[594, 1540, 2244, 1864]",
L3I_IMG_0137.jpg,crops/L3I_IMG_0137_r2.png,ok,សម្ដេចតេជោ ហ៊ុន សែន,"[794, 1879, 1995, 2301]",
L3I_IMG_0138.jpg,crops/L3I_IMG_0138_r1.png,ok,អ៉ីនធឺណិតល្បឿនលឿន,"[582, 2369, 1207, 2564]",
L3I_IMG_0139.jpg,crops/L3I_IMG_0139_r1.png,ok,ម.វិថី ព្រះនរោត្តម,"[1288, 1402, 1901, 1559]",
L3I_IMG_0139.jpg,crops/L3I_IMG_0139_r2.png,ok,វត្តភ្នំ,"[1288, 1569, 1518, 1669]",
L3I_IMG_0139.jpg,crops/L3I_IMG_0139_r3.png,ok,ម.វិថី សម្តេចសុធារស,"[1610, 1597, 2158, 1722]",
L3I_IMG_0139.jpg,crops/L3I_IMG_0139_r4.png,ok,ម.វិថី ព្រះសីហនុ,"[1100, 1867, 1510, 1987]",
L3I_IMG_0140.jpg,crops/L3I_IMG_0140_r1.png,ok,ផ្ដល់សិទ្ធអាទិភាពអោយគេ,"[859, 2197, 1563, 2366]",
L3I_IMG_0141.jpg,crops/L3I_IMG_0141_r1.png,ok,អបអរសាទរ,"[1500, 1483, 1873, 1624]",
L3I_IMG_0141.jpg,crops/L3I_IMG_0141_r2.png,ok,ព្រះរាជពិធីបុណ្យ អ៉ំទូក,"[1345, 1565, 1991, 1742]",
L3I_IMG_0141.jpg,crops/L3I_IMG_0141_r3.png,ok,បណ្តែតប្រទីប និងសំពះព្រះខែ អកអំបុក,"[1259, 1626, 2130, 1869]",
L3I_IMG_0141.jpg,crops/L3I_IMG_0141_r4.png,ok,អរគុណសន្តិភាព,"[1500, 1842, 1828, 1975]",
L3I_IMG_0141.jpg,crops/L3I_IMG_0141_r5.png,ok,២៦.២៧.២៨ វិច្ឆិកា ២០២៣,"[840, 1806, 1169, 1931]",
L3I_IMG_0142.jpg,crops/L3I_IMG_0142_r1.png,ok,រ៉ូយ៉ាល់ផ្លាទីនឹម,"[895, 1357, 1562, 1619]",
L3I_IMG_0142.jpg,crops/L3I_IMG_0142_r2.png,ok,ចាប់បើក,"[1030, 1803, 1353, 1965]",
L3I_IMG_0142.jpg,crops/L3I_IMG_0142_r3.png,ok,លក់ហើយ,"[990, 1964, 1387, 2113]",
L3I_IMG_0142.jpg,crops/L3I_IMG_0142_r4.png,ok,ផ្ដល់កម្ចីទិញខុនដូ,"[2609, 1373, 2998, 1526]",
L3I_IMG_0142.jpg,crops/L3I_IMG_0142_r5.png,ok,ហុង ឡៃ ហួត គ្រុប,"[1334, 2393, 1705, 2507]",
L3I_IMG_0142.jpg,crops/L3I_IMG_0142_r6.png,ok,រ៉ូយ៉ាល់គ្រុប,"[965, 2426, 1221, 2537]",
L3I_IMG_0143.jpg,crops/L3I_IMG_0143_r1.png,ok,ក្រសួងអប់រំ យុវជន និងកីឡា,"[798, 1850, 3463, 2395]",
L3I_IMG_0144.jpg,crops/L3I_IMG_0144_r1.png,ok,គ្រោះថ្នាក់ដល់ស្លាប់,"[1317, 1069, 1698, 1167]",
L3I_IMG_0145.jpg,crops/L3I_IMG_0145_r1.png,ok,រួមបញ្ចូលជាមួយនិង,"[240, 2246, 1449, 2533]",
L3I_IMG_0145.jpg,crops/L3I_IMG_0145_r2.png,ok,បច្ចេកវិទ្យា,"[271, 1157, 2998, 2243]",
L3I_IMG_0145.jpg,crops/L3I_IMG_0145_r3.png,ok,នៅពេលដែល,"[309, 1108, 1791, 1524]",
L3I_IMG_0145.jpg,crops/L3I_IMG_0145_r4.png,ok,សិល្បៈ,"[1083, 2247, 2936, 3370]",
L3I_IMG_0146.jpg,crops/L3I_IMG_0146_r1.png,ok,ហាមបិទខិត្តប័ណ្ណផ្សព្វផ្សាយ,"[1006, 2185, 1550, 2366]",
L3I_IMG_0146.jpg,crops/L3I_IMG_0146_r2.png,ok,ពាណិជ្ជកម្មតាមរបងសាលា,"[990, 2348, 1555, 2484]",
L3I_IMG_0146.jpg,crops/L3I_IMG_0146_r3.png,ok,អំណោយ,"[904, 3473, 1493, 3642]",
L3I_IMG_0146.jpg,crops/L3I_IMG_0146_r4.png,ok,សិស្សជ័យ សូបូ រិន ជ័យចន្ទបញ្ញា តី,"[564, 3567, 1856, 3838]",
L3I_IMG_0146.jpg,crops/L3I_IMG_0146_r5.png,ok,ជ័យ សំសិរីផលគុណ,"[831, 3714, 1620, 3925]",
L3I_IMG_0147.jpg,crops/L3I_IMG_0147_r1.png,ok,សម្រាប់ជួល,"[1255, 509, 2174, 894]",
L3I_IMG_0148.jpg,crops/L3I_IMG_0148_r1.png,ok,មានការិយាល័យជួល,"[1130, 1487, 1953, 1750]",
L3I_IMG_0148.jpg,crops/L3I_IMG_0148_r2.png,ok,អត្តលេខ,"[1120, 1969, 1294, 2072]",
L3I_IMG_0149.jpg,crops/L3I_IMG_0149_r1.png,ok,ធនាគារពាណិជ្ជទីមួយ,"[637, 2101, 3184, 2565]",
L3I_IMG_0149.jpg,crops/L3I_IMG_0149_r2.png,ok,គ្រឹះស្ថានឯកជន,"[2751, 2454, 3226, 2582]",
L3I_IMG_0149.jpg,crops/L3I_IMG_0149_r3.png,ok,ធនាគារពាណិជ្ជទីមួយ,"[1650, 3392, 3108, 3692]",
L3I_IMG_0149.jpg,crops/L3I_IMG_0149_r4.png,ok,ណិជ្ជទីមួយ,"[494, 3365, 1202, 3667]",
L3I_IMG_0149.jpg,crops/L3I_IMG_0149_r5.png,ok,គារពា,"[23, 3428, 454, 3614]",
L3I_IMG_0150.jpg,crops/L3I_IMG_0150_r1.png,ok,ផ្ទេរប្រាក់បានភ្លាមៗ,"[1474, 1346, 1873, 1507]",
L3I_IMG_0150.jpg,crops/L3I_IMG_0150_r2.png,ok,ពីធនាគារជាសមាជិកបាគង,"[1480, 1518, 1867, 1604]",
L3I_IMG_0150.jpg,crops/L3I_IMG_0150_r3.png,ok,មកកាន់ធនាគារ សាខមប៊ែង ខេមបូឌា,"[1418, 1593, 1910, 1689]",
L3I_IMG_1051.jpg,crops/L3I_IMG_1051_r1.png,ok,តែឆុងឱសថបុរាណធម្មជាតិ,"[1110, 3018, 2484, 3327]",
L3I_IMG_1051.jpg,crops/L3I_IMG_1051_r2.png,ok,មាន,"[381, 2879, 832, 3166]",
L3I_IMG_1051.jpg,crops/L3I_IMG_1051_r3.png,ok,មិនមានភាពធាត់,"[1521, 2636, 3123, 3039]",
L3I_IMG_1100.jpg,crops/L3I_IMG_1100_r1.png,ok,ដំណឹងជ្រើសរើសបុគ្គលិក,"[1528, 2453, 2266, 2775]",
L3I_IMG_1100.jpg,crops/L3I_IMG_1100_r2.png,ok,ផ្នែកលក់បន្ទាន់,"[1234, 2616, 2239, 3248]",
L3I_IMG_1100.jpg,crops/L3I_IMG_1100_r3.png,ok,ត្រូវការបុគ្គលិកជាច្រើនអ្នកផ្នែកលក់នៅក្នុងហាង,"[829, 3971, 2437, 4392]",
L3I_IMG_1100.jpg,crops/L3I_IMG_1100_r4.png,ok,ចំពោះតែនារី,"[1412, 4228, 2465, 4624]",
L3I_IMG_1099.jpg,crops/L3I_IMG_1099_r1.png,ok,ចំណត,"[1292, 2616, 1856, 2907]",
L3I_IMG_1098.jpg,crops/L3I_IMG_1098_r1.png,ok,ប្រយ័ត្នអ្នកថ្មើរជើង,"[1705, 2114, 2202, 2315]",
L3I_IMG_1097.jpg,crops/L3I_IMG_1097_r1.png,ok,ចំណត,"[1899, 2316, 2334, 2547]",
L3I_IMG_1096.jpg,crops/L3I_IMG_1096_r1.png,ok,ប្រូបាយអូទិច,"[1078, 3120, 2507, 3485]",
L3I_IMG_1096.jpg,crops/L3I_IMG_1096_r2.png,ok,ព្រីបាយអូទិចហ្វាយបឺរ,"[866, 3514, 2854, 3895]",
L3I_IMG_1096.jpg,crops/L3I_IMG_1096_r3.png,ok,ធ្វើអោយក្រពះពោះ,"[1406, 4437, 2450, 4620]",
L3I_IMG_1095.jpg,crops/L3I_IMG_1095_r1.png,ok,កំណត់ចំណាំ,"[1591, 808, 2576, 1357]",
L3I_IMG_1095.jpg,crops/L3I_IMG_1095_r2.png,ok,យើងខ្ញុំមិនទទួលខុសត្រូវចំពោះ,"[1596, 1039, 2991, 1640]",
L3I_IMG_1095.jpg,crops/L3I_IMG_1095_r3.png,ok,គ្រោះថ្នាក់ ការខូចខាត ឬការ,"[1591, 1271, 3014, 1840]",
L3I_IMG_1095.jpg,crops/L3I_IMG_1095_r4.png,ok,បាត់បង់ឥវ៉ាន់នៅក្នុងចំណត,"[1596, 1523, 2991, 2045]",
L3I_IMG_1095.jpg,crops/L3I_IMG_1095_r5.png,ok,យានយន្តទេ។,"[1628, 1896, 2287, 2239]",
L3I_IMG_1094.jpg,crops/L3I_IMG_1094_r1.png,ok,ចំណតរថយន្តអាទិភាព,"[1108, 1854, 2387, 2313]",
L3I_IMG_1094.jpg,crops/L3I_IMG_1094_r2.png,ok,មិនសម្រាប់រថយន្តទូទៅ,"[1423, 2322, 2092, 2576]",
L3I_IMG_1093.jpg,crops/L3I_IMG_1093_r1.png,ok,រោងកុនខ្នាតធំ,"[729, 2800, 1661, 3127]",
L3I_IMG_1092.jpg,crops/L3I_IMG_1092_r1.png,ok,ច្រកចេញ,"[1102, 1572, 1590, 1930]",
L3I_IMG_1091.jpg,crops/L3I_IMG_1091_r1.png,ok,ចំណតពេញ,"[1055, 1765, 2657, 3169]",
L3I_IMG_1090.jpg,crops/L3I_IMG_1090_r1.png,ok,ទឹកស៊ីអ៉ីវ និង ទឹកត្រី,"[125, 1780, 1782, 2413]",
L3I_IMG_1090.jpg,crops/L3I_IMG_1090_r2.png,ok,ឈ្ងុយឆ្ងាញ់ដល់ដំណក់ចុងក្រោយ!,"[385, 2222, 2870, 2760]",
L3I_IMG_1089.jpg,crops/L3I_IMG_1089_r1.png,ok,គ្រប់តំណក់ផ្ដល់នូវរសជាតិ,"[966, 3046, 2439, 3587]",
L3I_IMG_1089.jpg,crops/L3I_IMG_1089_r2.png,ok,ដ៏បរិសុទ្ធពីជួរភ្នំនៃប្រទេសបារាំង,"[847, 3284, 2642, 3917]",
L3I_IMG_1088.jpg,crops/L3I_IMG_1088_r1.png,ok,ម៉ាក្រូ,"[803, 1938, 1790, 3106]",
L3I_IMG_1087.jpg,crops/L3I_IMG_1087_r1.png,ok,សុវត្ថិភាពជាចំបង,"[1262, 1947, 2732, 2206]",
L3I_IMG_1087.jpg,crops/L3I_IMG_1087_r2.png,ok,កុមារទាំងអស់ត្រូវស្ថិតនៅក្រោមការ,"[1027, 2313, 3138, 2578]",
L3I_IMG_1087.jpg,crops/L3I_IMG_1087_r3.png,ok,មើលថែពីឪពុកម្ដាយ,"[1450, 2524, 2641, 2726]",
L3I_IMG_1087.jpg,crops/L3I_IMG_1087_r4.png,ok,ឬអាណាព្យាបាលដើម្បីសុវត្ថិភាព,"[1170, 2661, 3006, 2903]",
L3I_IMG_1086.jpg,crops/L3I_IMG_1086_r1.png,ok,ចំណចសម្រាប់ជនពិការ,"[180, 1307, 3201, 3106]",
L3I_IMG_1085.jpg,crops/L3I_IMG_1085_r1.png,ok,ប្រហិតសាច់គោ សាច់ជ្រូក,"[927, 1442, 2165, 1908]",
L3I_IMG_1085.jpg,crops/L3I_IMG_1085_r2.png,ok,គុយទាវ ឆេម,"[933, 1606, 2675, 2366]",
L3I_IMG_1085.jpg,crops/L3I_IMG_1085_r3.png,ok,ឆេម,"[3218, 1448, 3463, 2014]",
L3I_IMG_1085.jpg,crops/L3I_IMG_1085_r4.png,ok,គុយទាវ,"[3255, 1897, 3457, 2232]",
L3I_IMG_1084.jpg,crops/L3I_IMG_1084_r1.png,ok,សេវាកម្មដឹកជញ្ជូនរបស់ម៉ាក្រូ,"[1235, 1927, 2109, 2575]",
L3I_IMG_1084.jpg,crops/L3I_IMG_1084_r2.png,ok,កាន់តែរហ័ស កាន់តែល្អ,"[1374, 2352, 1929, 2686]",
L3I_IMG_1083.jpg,crops/L3I_IMG_1083_r1.png,ok,ពិភពនំឆ្ងាញ់,"[700, 1166, 2146, 1930]",
L3I_IMG_1083.jpg,crops/L3I_IMG_1083_r2.png,ok,សាខាទី,"[2172, 1062, 2635, 1417]",
L3I_IMG_1083.jpg,crops/L3I_IMG_1083_r3.png,ok,មានលក់ដុំ និងរាយ,"[723, 1674, 2000, 2156]",
L3I_IMG_1083.jpg,crops/L3I_IMG_1083_r4.png,ok,មានទទួលធ្វើនំគ្រប់កម្មវិធី,"[818, 1758, 2268, 2363]",
L3I_IMG_1082.jpg,crops/L3I_IMG_1082_r1.png,ok,សាខាវត្តបុទុមវត្តី,"[677, 3160, 2854, 3705]",
L3I_IMG_1081.jpg,crops/L3I_IMG_1081_r1.png,ok,ផាសិនសូដា,"[1366, 1395, 2491, 2116]",
L3I_IMG_1080.jpg,crops/L3I_IMG_1080_r1.png,ok,តែក្រូចឆ្មា,"[885, 1504, 1882, 2117]",
L3I_IMG_1079.jpg,crops/L3I_IMG_1079_r1.png,ok,តែបៃតងដូងក្រអូប,"[444, 1369, 2117, 2055]",
L3I_IMG_1078.jpg,crops/L3I_IMG_1078_r1.png,ok,តែមេអំបៅដូងក្រអូប,"[653, 1218, 2653, 1918]",
L3I_IMG_1077.jpg,crops/L3I_IMG_1077_r1.png,ok,កាហ្វេដូងក្រអូប,"[1118, 1560, 2657, 2507]",
L3I_IMG_1076.jpg,crops/L3I_IMG_1076_r1.png,ok,កៅឡាក់ ឃុន ឆាយ,"[125, 1512, 2933, 3290]",
L3I_IMG_1075.jpg,crops/L3I_IMG_1075_r1.png,ok,ជើងជ្រូកផាក់ឡូវ,"[205, 1528, 1346, 2390]",
L3I_IMG_1075.jpg,crops/L3I_IMG_1075_r2.png,ok,ត្រចៀកជ្រូកផាក់ឡូវ,"[1360, 1260, 2366, 2140]",
L3I_IMG_1075.jpg,crops/L3I_IMG_1075_r3.png,ok,គ្រឿងក្នុងគោហឹរ,"[2421, 1076, 3143, 1765]",
L3I_IMG_1074.jpg,crops/L3I_IMG_1074_r1.png,ok,ដៃគូអាជីវកម្មរបស់អ្នក,"[560, 1724, 1022, 1886]",
L3I_IMG_1074.jpg,crops/L3I_IMG_1074_r2.png,ok,ទាផាក់ឡូវហាងឆ្ងាញ់,"[1232, 1339, 2820, 1899]",
L3I_IMG_1073.jpg,crops/L3I_IMG_1073_r1.png,ok,សូមអរគុណ,"[235, 1969, 2972, 2949]",
L3I_IMG_1072.jpg,crops/L3I_IMG_1072_r1.png,ok,បើករៀងរាល់ថ្ងៃ,"[125, 968, 2917, 1703]",
L3I_IMG_1072.jpg,crops/L3I_IMG_1072_r2.png,ok,៦ ព្រឹក - ១០ យប់,"[38, 1623, 3043, 2350]",
L3I_IMG_1071.jpg,crops/L3I_IMG_1071_r1.png,ok,បុគ្គលិកបេឡា,"[1520, 2474, 2586, 3209]",
L3I_IMG_1070.jpg,crops/L3I_IMG_1070_r1.png,ok,វិក្កយបត្រពន្ធ/បង្កាន់ដៃ,"[992, 1780, 2295, 2665]",
L3I_IMG_1069.jpg,crops/L3I_IMG_1069_r1.png,ok,បញ្ជាគិតលុយទំនិញតិចជាង,"[464, 1552, 2902, 2366]",
L3I_IMG_1069.jpg,crops/L3I_IMG_1069_r2.png,ok,១០​ឯកតា,"[1402, 2245, 2310, 2807]",
L3I_IMG_1068.jpg,crops/L3I_IMG_1068_r1.png,ok,តំលៃលក់,"[533, 2852, 941, 3074]",
L3I_IMG_1068.jpg,crops/L3I_IMG_1068_r2.png,ok,៛,"[2064, 2830, 2329, 3169]",
L3I_IMG_1068.jpg,crops/L3I_IMG_1068_r3.png,ok,សណ្ដែកដី,"[436, 2139, 1129, 2523]",
L3I_IMG_1068.jpg,crops/L3I_IMG_1068_r4.png,ok,រសជាតិបង្គា,"[1515, 1951, 2335, 2347]",
L3I_IMG_1067.jpg,crops/L3I_IMG_1067_r1.png,ok,បានលុយវិញ,"[1064, 1433, 1796, 1912]",
L3I_IMG_1067.jpg,crops/L3I_IMG_1067_r2.png,ok,ម៉ាក្រូ,"[1064, 2484, 1400, 2820]",
L3I_IMG_1067.jpg,crops/L3I_IMG_1067_r3.png,ok,ទូទាត់តាម,"[975, 2962, 1503, 3271]",
L3I_IMG_1067.jpg,crops/L3I_IMG_1067_r4.png,ok,អេស៊ីលីដា,"[1914, 3601, 2287, 3729]",
L3I_IMG_1066.jpg,crops/L3I_IMG_1066_r1.png,ok,រីករាយជាមួយ,"[668, 518, 2213, 1175]",
L3I_IMG_1066.jpg,crops/L3I_IMG_1066_r2.png,ok,សណ្ដែកដី,"[545, 1105, 1551, 1694]",
L3I_IMG_1066.jpg,crops/L3I_IMG_1066_r3.png,ok,គ្រប់រសជាតិ,"[1296, 1538, 2698, 2138]",
L3I_IMG_1065.jpg,crops/L3I_IMG_1065_r1.png,ok,ទំនិញអាហារ,"[873, 1583, 2445, 2712]",
L3I_IMG_1064.jpg,crops/L3I_IMG_1064_r1.png,ok,ទំនិញមានចំនួនតិចជាង ១០ឯកតា,"[757, 1091, 2902, 1523]",
L3I_IMG_1064.jpg,crops/L3I_IMG_1064_r2.png,ok,កន្លែងទូទាត់ប្រាក់រហ័ស,"[1109, 1678, 2384, 2145]",
L3I_IMG_1063.jpg,crops/L3I_IMG_1063_r1.png,ok,កន្លែងទូទាត់ប្រាក់រហ័ស,"[914, 2361, 3046, 2909]",
L3I_IMG_1062.jpg,crops/L3I_IMG_1062_r1.png,ok,ស្រាបៀរ,"[690, 811, 1602, 1529]",
L3I_IMG_1062.jpg,crops/L3I_IMG_1062_r2.png,ok,អាលឺ្លម៉ង់,"[1600, 751, 2560, 1596]",
L3I_IMG_1062.jpg,crops/L3I_IMG_1062_r3.png,ok,វ៉ាស្តាញនឺ,"[951, 1454, 2359, 2323]",
L3I_IMG_1061.jpg,crops/L3I_IMG_1061_r1.png,ok,វ៉ាស្តាញនឺ,"[309, 246, 920, 680]",
L3I_IMG_1061.jpg,crops/L3I_IMG_1061_r2.png,ok,ស្រាបៀរអាលឺម៉ង់,"[755, 435, 1119, 665]",
L3I_IMG_1060.jpg,crops/L3I_IMG_1060_r1.png,ok,ដៃគូអាជីវកម្មរបស់អ្នក,"[1946, 3412, 2602, 3587]",
L3I_IMG_1060.jpg,crops/L3I_IMG_1060_r2.png,ok,អំណោយដ៏ល្អឥតខ្ចោះ សំរាប់ការជួយ,"[1020, 4200, 2586, 4419]",
L3I_IMG_1059.jpg,crops/L3I_IMG_1059_r1.png,ok,ផ្ទះទុរេន ខេមមេរា,"[70, 2789, 2949, 3296]",
L3I_IMG_1059.jpg,crops/L3I_IMG_1059_r2.png,ok,ផ្គត់ផ្គង់ ទុរេនខ្មែរ,"[46, 3223, 3437, 4092]",
L3I_IMG_1059.jpg,crops/L3I_IMG_1059_r3.png,ok,សុទ្ធ ១២ខែ,"[515, 3946, 2949, 4557]",
L3I_IMG_1058.jpg,crops/L3I_IMG_1058_r1.png,ok,ផ្ទះទុរេនខេមមេរា,"[992, 2474, 2649, 2988]",
L3I_IMG_1057.jpg,crops/L3I_IMG_1057_r1.png,ok,តំលៃលក់,"[314, 2442, 702, 2618]",
L3I_IMG_1057.jpg,crops/L3I_IMG_1057_r2.png,ok,៛,"[1976, 2454, 2161, 2720]",
L3I_IMG_1057.jpg,crops/L3I_IMG_1057_r3.png,ok,សូកូឡា,"[266, 1794, 813, 2056]",
L3I_IMG_1057.jpg,crops/L3I_IMG_1057_r4.png,ok,រសជាតិដោះគោ,"[1054, 1660, 2378, 1990]",
L3I_IMG_1056.jpg,crops/L3I_IMG_1056_r1.png,ok,បង្កើនចំណូលកសិករ,"[393, 3262, 2626, 3997]",
L3I_IMG_1055.jpg,crops/L3I_IMG_1055_r1.png,ok,ចេកណាំវ៉ា ១ស្និត,"[346, 1922, 1822, 2381]",
L3I_IMG_1055.jpg,crops/L3I_IMG_1055_r2.png,ok,តំលៃលក់,"[23, 3057, 395, 3335]",
L3I_IMG_1055.jpg,crops/L3I_IMG_1055_r3.png,ok,៛,"[1646, 2915, 1885, 3374]",
L3I_IMG_1054.jpg,crops/L3I_IMG_1054_r1.png,ok,កន្ត្រកទឹកត្រចៀក,"[582, 157, 1948, 529]",
L3I_IMG_1054.jpg,crops/L3I_IMG_1054_r2.png,ok,តំលៃលក់,"[590, 929, 970, 1128]",
L3I_IMG_1054.jpg,crops/L3I_IMG_1054_r3.png,ok,៛,"[2198, 1158, 2405, 1443]",
L3I_IMG_1053.jpg,crops/L3I_IMG_1053_r1.png,ok,កន្ត្រកកាដូរទឹកដោះគោឆៅ,"[913, 795, 2894, 1309]",
L3I_IMG_1053.jpg,crops/L3I_IMG_1053_r2.png,ok,តំលៃលក់,"[677, 1654, 1089, 1830]",
L3I_IMG_1053.jpg,crops/L3I_IMG_1053_r3.png,ok,៛,"[2293, 1694, 2476, 1995]",
L3I_IMG_1052.jpg,crops/L3I_IMG_1052_r1.png,ok,នំធុងកន្ទុំរុយ,"[377, 2513, 1806, 2988]",
L3I_IMG_1052.jpg,crops/L3I_IMG_1052_r2.png,ok,កំលៃលក់,"[434, 3180, 772, 3341]",
L3I_IMG_1052.jpg,crops/L3I_IMG_1052_r3.png,ok,៛,"[2428, 3514, 2701, 3810]",
L3I_IMG_1101.jpg,crops/L3I_IMG_1101_r1.png,ok,អាហារអ៉ីអន,"[1092, 2521, 1803, 2765]",
L3I_IMG_1101.jpg,crops/L3I_IMG_1101_r2.png,ok,ដឹកឥឡូវនេះបាន,"[1381, 2710, 2339, 2996]",
L3I_IMG_1101.jpg,crops/L3I_IMG_1101_r3.png,ok,តោះ!,"[1896, 3057, 2260, 3254]",
L3I_IMG_1101.jpg,crops/L3I_IMG_1101_r4.png,ok,តោះ!,"[1717, 3231, 2061, 3437]",
L3I_IMG_1102.jpg,crops/L3I_IMG_1102_r1.png,ok,ដឹកដល់ផ្ទះត្រឹម ៤៥ នាទី!,"[651, 1365, 2218, 1714]",
L3I_IMG_1103.jpg,crops/L3I_IMG_1103_r1.png,ok,ការតាំងពិព័រណ៌លក់,"[877, 1223, 2549, 1514]",
L3I_IMG_1103.jpg,crops/L3I_IMG_1103_r2.png,ok,សម្ភារៈធ្វើដំណើរ,"[1192, 1460, 2444, 1756]",
L3I_IMG_1104.jpg,crops/L3I_IMG_1104_r1.png,ok,ការតាំងលក់,"[1171, 1444, 2071, 1898]",
L3I_IMG_1104.jpg,crops/L3I_IMG_1104_r2.png,ok,ឈុតកំរាល ពូកខ្នើយ,"[903, 1759, 2334, 2350]",
L3I_IMG_1105.jpg,crops/L3I_IMG_1105_r1.png,ok,ការតាំងពិព័រណ៍លក់,"[803, 2227, 2087, 2534]",
L3I_IMG_1105.jpg,crops/L3I_IMG_1105_r2.png,ok,ស្បែលជើងនារី,"[1071, 2805, 1903, 3091]",
L3I_IMG_1106.jpg,crops/L3I_IMG_1106_r1.png,ok,ផ្ដល់ជូនពិសេស,"[220, 1712, 3353, 2639]",
L3I_IMG_1106.jpg,crops/L3I_IMG_1106_r2.png,ok,រាល់ការទិញចាប់ពី $10ឡើង នឹងមានឪកាសបង្វិលកង 1ដង,"[214, 2653, 3353, 2949]",
L3I_IMG_1106.jpg,crops/L3I_IMG_1106_r3.png,ok,ដើម្បីឈ្នះរង្វាន់ជាច្រើន,"[183, 2905, 1273, 3127]",
L3I_IMG_1106.jpg,crops/L3I_IMG_1106_r4.png,ok,រាល់ការទិញចាប់ពី$20ឡើង នឹងមានឪកាសបង្វិលកង 2ដង,"[178, 3141, 3322, 3464]",
L3I_IMG_1106.jpg,crops/L3I_IMG_1106_r5.png,ok,និងទទួលបានតុក្កតា1ឥតគិតថ្លៃ,"[214, 3346, 1693, 3616]",
L3I_IMG_1107.jpg,crops/L3I_IMG_1107_r1.png,ok,បង់ត្រឹមតែ,"[913, 2931, 1635, 3269]",
L3I_IMG_1107.jpg,crops/L3I_IMG_1107_r2.png,ok,/ខែ,"[2232, 2852, 2497, 3117]",
L3I_IMG_1108.jpg,crops/L3I_IMG_1108_r1.png,ok,បំពង់ពន្លត់អគ្គិភ័យ,"[577, 2290, 3259, 3747]",
L3I_IMG_1109.jpg,crops/L3I_IMG_1109_r1.png,ok,សួនទឹក,"[1008, 2122, 1856, 2613]",
L3I_IMG_1109.jpg,crops/L3I_IMG_1109_r2.png,ok,ដ៏ស្រស់ស្អាត,"[777, 2484, 2071, 3070]",
L3I_IMG_1110.jpg,crops/L3I_IMG_1110_r1.png,ok,ចំណាយពេលត្រឹមតែ,"[887, 609, 1788, 852]",
L3I_IMG_1110.jpg,crops/L3I_IMG_1110_r2.png,ok,នាទី,"[1318, 850, 1556, 1036]",
L3I_IMG_1111.jpg,crops/L3I_IMG_1111_r1.png,ok,បញ្ចុះតម្លៃ,"[1050, 1102, 2260, 1950]",
L3I_IMG_1111.jpg,crops/L3I_IMG_1111_r2.png,ok,លើផលិតផលមួយចំនួន,"[1061, 2484, 2061, 2902]",
L3I_IMG_1112.jpg,crops/L3I_IMG_1112_r1.png,ok,ចាប់ផ្ដើមការធ្វើសប្បុរសធម៌ ចាក់ផ្តើមពីការទិញកាដូ,"[693, 2479, 2770, 2875]",
L3I_IMG_1113.jpg,crops/L3I_IMG_1113_r1.png,ok,ធ្វើល្អ មានអារម្មណ៍ល្អ,"[1770, 2469, 2439, 2681]",
L3I_IMG_1114.jpg,crops/L3I_IMG_1114_r1.png,ok,ផ្លូវនេះ,"[950, 1586, 2245, 2239]",
L3I_IMG_1115.jpg,crops/L3I_IMG_1115_r1.png,ok,ហាងផ្សេងៗ,"[314, 2322, 3169, 3921]",
L3I_IMG_1116.jpg,crops/L3I_IMG_1116_r1.png,ok,ទិវាផាត់ពណ៌,"[1118, 1507, 2108, 1840]",
L3I_IMG_1117.jpg,crops/L3I_IMG_1117_r1.png,ok,បន្ទប់ទឹក,"[693, 2295, 1162, 2607]",
L3I_IMG_1117.jpg,crops/L3I_IMG_1117_r2.png,ok,ជណ្ដើរប្រអប់,"[1817, 2237, 2591, 2492]",
L3I_IMG_1118.jpg,crops/L3I_IMG_1118_r1.png,ok,សំភារៈកីឡា,"[982, 1192, 2628, 2019]",
L3I_IMG_1118.jpg,crops/L3I_IMG_1118_r2.png,ok,សម្រាប់កីឡា 50+ ប្រភេទ,"[1008, 2411, 2639, 2933]",
L3I_IMG_1119.jpg,crops/L3I_IMG_1119_r1.png,ok,ការងាររបស់យើងគឺ,"[1412, 2611, 2276, 3290]",
L3I_IMG_1119.jpg,crops/L3I_IMG_1119_r2.png,ok,បំពេញចិត្តអ្នកលេងកីឡា,"[1355, 2784, 2366, 3537]",
L3I_IMG_1120.jpg,crops/L3I_IMG_1120_r1.png,ok,ដឺ ហ្កាឡាស់ស៊ីស,"[661, 1423, 2870, 2092]",
L3I_IMG_1121.jpg,crops/L3I_IMG_1121_r1.png,ok,ឆ្នាំថ្មី ចំណេញច្រើន,"[1397, 3520, 2576, 3837]",
L3I_IMG_1121.jpg,crops/L3I_IMG_1121_r2.png,ok,គោលដៅហាត់ប្រាណថ្មី,"[1123, 3809, 2618, 4079]",
L3I_IMG_1121.jpg,crops/L3I_IMG_1121_r3.png,ok,ចាប់ផ្ដើមឆ្នាំថ្មីប្រកបដោយសុខភាពល្អជាមួយហ្គានហ្សេ ស្ព័ត,"[855, 4056, 2644, 4257]",
L3I_IMG_1122.jpg,crops/L3I_IMG_1122_r1.png,ok,សល់ត្រឹមតែ,"[1113, 1828, 2119, 2161]",
L3I_IMG_1122.jpg,crops/L3I_IMG_1122_r2.png,ok,តែប៉ុណ្ណោះ,"[1208, 2999, 2134, 3506]",
L3I_IMG_1123.jpg,crops/L3I_IMG_1123_r1.png,ok,លោកអ្នកអាចជាវទំនិញក្នុងតម្លៃ,"[535, 1649, 2523, 2092]",
L3I_IMG_1123.jpg,crops/L3I_IMG_1123_r2.png,ok,៧៩០០ រៀល,"[1166, 2080, 1966, 2392]",
L3I_IMG_1124.jpg,crops/L3I_IMG_1124_r1.png,ok,ទំនិញគ្រប់មុខតម្លៃ,"[840, 1512, 1840, 1877]",
L3I_IMG_1124.jpg,crops/L3I_IMG_1124_r2.png,ok,រៀល (៛),"[882, 1880, 1246, 2071]",
L3I_IMG_1125.jpg,crops/L3I_IMG_1125_r1.png,ok,ទំនិញលក់ដាច់,"[1181, 1859, 2770, 2450]",
L3I_IMG_1126.jpg,crops/L3I_IMG_1126_r1.png,ok,សម្ភារៈសត្វចិញ្ចឹម,"[997, 1412, 2287, 2218]",
L3I_IMG_1127.jpg,crops/L3I_IMG_1127_r1.png,ok,សម្ភារៈសួនច្បារ,"[1433, 1173, 2436, 1696]",
L3I_IMG_1128.jpg,crops/L3I_IMG_1128_r1.png,ok,សម្ភារៈសួនច្បារ,"[1497, 1223, 2607, 1672]",
L3I_IMG_1129.jpg,crops/L3I_IMG_1129_r1.png,ok,សម្ភារៈហត្ថកម្ម,"[1071, 1838, 2166, 2565]",
L3I_IMG_1130.jpg,crops/L3I_IMG_1130_r1.png,ok,សម្ភារៈជប់លៀង និង,"[850, 388, 2434, 1041]",
L3I_IMG_1130.jpg,crops/L3I_IMG_1130_r2.png,ok,ប្រដាប់ប្រដាក្មេងលេង,"[745, 677, 2497, 1299]",
L3I_IMG_1131.jpg,crops/L3I_IMG_1131_r1.png,ok,ទំនិញថ្មី,"[1208, 1738, 2098, 2245]",
L3I_IMG_1132.jpg,crops/L3I_IMG_1132_r1.png,ok,ប្លង់ជម្លៀសពេលអាសន្ន,"[425, 2406, 2371, 2880]",
L3I_IMG_1132.jpg,crops/L3I_IMG_1132_r2.png,ok,អ្នកនៅទីនេះ,"[2245, 4168, 2523, 4269]",
L3I_IMG_1133.jpg,crops/L3I_IMG_1133_r1.png,ok,ព័ត៌មាន,"[1018, 2227, 1630, 2555]",
L3I_IMG_1134.jpg,crops/L3I_IMG_1134_r1.png,ok,សម្លៀកបំពាក់កីឡាវាយកូនហ្គោល,"[766, 3204, 2492, 3853]",
L3I_IMG_1134.jpg,crops/L3I_IMG_1134_r2.png,ok,សម្រាប់មនុស្សស្រី,"[1160, 3551, 2129, 3979]",
L3I_IMG_1135.jpg,crops/L3I_IMG_1135_r1.png,ok,ចាប់ពីថ្ងៃទី ១៥ ធ្នូ ឆ្នាំ២០២៣,"[1066, 1024, 2108, 1257]",
L3I_IMG_1135.jpg,crops/L3I_IMG_1135_r2.png,ok,រហូតដល់,"[1407, 1229, 1809, 1372]",
L3I_IMG_1135.jpg,crops/L3I_IMG_1135_r3.png,ok,ថ្ងៃទី ០១ មករា ឆ្នាំ២០២៤,"[1166, 1328, 2050, 1530]",
L3I_IMG_1136.jpg,crops/L3I_IMG_1136_r1.png,ok,ទូរពន្លត់អគ្គីភ័យ,"[1239, 1670, 2639, 2098]",
L3I_IMG_1137.jpg,crops/L3I_IMG_1137_r1.png,ok,បើកគណនី ធ្វើប្រតិបត្តិការ សន្សំពិន្ទុ,"[829, 2285, 2891, 2655]",
L3I_IMG_1137.jpg,crops/L3I_IMG_1137_r2.png,ok,ដើម្បី ប្ដូរយករង្វាន់,"[808, 2611, 2570, 3143]",
L3I_IMG_1138.jpg,crops/L3I_IMG_1138_r1.png,ok,កន្លែងផ្ដល់ព័ត៌មាន,"[519, 1460, 2565, 2302]",
L3I_IMG_1139.jpg,crops/L3I_IMG_1139_r1.png,ok,សូមយកខ្ញុំ,"[1402, 1439, 2113, 1735]",
L3I_IMG_1139.jpg,crops/L3I_IMG_1139_r2.png,ok,មកដាក់ក្នុងធុងសំណល់ថ្មពិល,"[940, 1670, 2634, 2024]",
L3I_IMG_1139.jpg,crops/L3I_IMG_1139_r3.png,ok,ព្រោះខ្ញុំអាចធ្វើឱ្យគ្រោះថ្នាក់ដល់,"[477, 2611, 2082, 2975]",
L3I_IMG_1139.jpg,crops/L3I_IMG_1139_r4.png,ok,សុខភាពគ្រួសារ និងបរិស្ថានរបស់អ្នក,"[388, 2836, 2203, 3227]",
L3I_IMG_1140.jpg,crops/L3I_IMG_1140_r1.png,ok,រួមគ្នាដើម្បីបរិស្ថានយើង គ្មានសំណល់ថ្មពិល,"[588, 2069, 2902, 2702]",
L3I_IMG_1141.jpg,crops/L3I_IMG_1141_r1.png,ok,មើលឃើញ,"[1281, 1628, 1651, 1861]",
L3I_IMG_1141.jpg,crops/L3I_IMG_1141_r2.png,ok,រូបភាពច្បាស់,"[1391, 1833, 2113, 2035]",
L3I_IMG_1141.jpg,crops/L3I_IMG_1141_r3.png,ok,ដូចផុសនៅនឹងមុខ,"[1586, 2006, 2281, 2203]",
L3I_IMG_1142.jpg,crops/L3I_IMG_1142_r1.png,ok,បញ្ចុះតំលៃ,"[997, 1102, 2103, 1893]",
L3I_IMG_1143.jpg,crops/L3I_IMG_1143_r1.png,ok,ដើម្បីកិបបានល្អ,"[771, 1854, 2965, 2891]",
L3I_IMG_1143.jpg,crops/L3I_IMG_1143_r2.png,ok,ត្រូវប្រើគ្រាប់កិប,"[388, 2594, 2739, 3963]",
L3I_IMG_1144.jpg,crops/L3I_IMG_1144_r1.png,ok,ប្រើកំលាំងស្រាលបំផុត,"[519, 1391, 2297, 2397]",
L3I_IMG_1144.jpg,crops/L3I_IMG_1144_r2.png,ok,ប្រើតែចង្អុលដៃមួយក៏អាចកិបបាន,"[488, 1712, 3159, 3001]",
L3I_IMG_1144.jpg,crops/L3I_IMG_1144_r3.png,ok,កិបបាន,"[2106, 2910, 2660, 3301]",
L3I_IMG_1144.jpg,crops/L3I_IMG_1144_r4.png,ok,សន្លឹក,"[2258, 3598, 2859, 4084]",
L3I_IMG_1145.jpg,crops/L3I_IMG_1145_r1.png,ok,ថៅកែចិត្តចោរ,"[451, 2857, 3101, 3480]",
L3I_IMG_1146.jpg,crops/L3I_IMG_1146_r1.png,ok,គ្មានជាតិពុល,"[1155, 2406, 2486, 3164]",
L3I_IMG_1146.jpg,crops/L3I_IMG_1146_r2.png,ok,គុណភាពពីអាល្លឺម៉ង់,"[724, 2705, 2497, 3700]",
L3I_IMG_1146.jpg,crops/L3I_IMG_1146_r3.png,ok,សុវត្ថិភាពសម្រាប់កុមារ,"[614, 3031, 2513, 4320]",
L3I_IMG_1147.jpg,crops/L3I_IMG_1147_r1.png,ok,បណ្ដូលខ្មៅដៃ,"[734, 566, 1798, 968]",
L3I_IMG_1148.jpg,crops/L3I_IMG_1148_r1.png,ok,ច្រកចូល,"[1039, 1654, 2266, 2218]",
L3I_IMG_1149.jpg,crops/L3I_IMG_1149_r1.png,ok,ប៊ិចសរសេរ ផលិតផលថ្មីពី,"[488, 1560, 1935, 1940]",
L3I_IMG_1150.jpg,crops/L3I_IMG_1150_r1.png,ok,ប្រតិទិនប្រចាំឆ្នាំ,"[1139, 1701, 2245, 1992]",
L3I_IMG_1150.jpg,crops/L3I_IMG_1150_r2.png,ok,ចែកជូន,"[2143, 1985, 2450, 2161]",
L3I_IMG_1150.jpg,crops/L3I_IMG_1150_r3.png,ok,ឥតគិតថ្លៃ,"[2085, 2059, 2450, 2302]",
L3I_IMG_1151.jpg,crops/L3I_IMG_1151_r1.png,ok,សូមស្វាគមន៍មកកាន់,"[62, 3183, 2436, 3642]",
L3I_IMG_1200.jpg,crops/L3I_IMG_1200_r1.png,ok,ត្រៀមខ្លួនហើយ,"[614, 874, 2760, 1719]",
L3I_IMG_1200.jpg,crops/L3I_IMG_1200_r2.png,ok,ឬនៅ?,"[393, 1686, 1767, 2586]",
L3I_IMG_1199.jpg,crops/L3I_IMG_1199_r1.png,ok,ស្កេនដើម្បីចូលមកកាន់ផេក!!,"[188, 2482, 2224, 2886]",
L3I_IMG_1199.jpg,crops/L3I_IMG_1199_r2.png,ok,សែនសុខស៊ីធី ជាន់ទី ២,"[15, 3262, 679, 3432]",
L3I_IMG_1198.jpg,crops/L3I_IMG_1198_r1.png,ok,យើងរង់ចាំស្វាគមន៍អ្នក,"[614, 1465, 2555, 2019]",
L3I_IMG_1198.jpg,crops/L3I_IMG_1198_r2.png,ok,នៅច្រកខាងមុខ,"[905, 1914, 2350, 2342]",
L3I_IMG_1197.jpg,crops/L3I_IMG_1197_r1.png,ok,ភោជនីយដ្ឋាន,"[1363, 1985, 2476, 2302]",
L3I_IMG_1197.jpg,crops/L3I_IMG_1197_r2.png,ok,កន្លែងកម្សាន្ត,"[1323, 2245, 2476, 2586]",
L3I_IMG_1196.jpg,crops/L3I_IMG_1196_r1.png,ok,ច្រើនរសជាតិក្នុងប្រអប់តែ១,"[771, 2482, 2965, 3169]",
L3I_IMG_1195.jpg,crops/L3I_IMG_1195_r1.png,ok,ឆ្ងាញ់ជាប់មាត់,"[1024, 3034, 2358, 3587]",
L3I_IMG_1194.jpg,crops/L3I_IMG_1194_r1.png,ok,គ្មានប៊ីចេង,"[545, 3257, 847, 3364]",
L3I_IMG_1194.jpg,crops/L3I_IMG_1194_r2.png,ok,ប្រេងអូលីវ,"[572, 3351, 856, 3458]",
L3I_IMG_1194.jpg,crops/L3I_IMG_1194_r3.png,ok,ទឹកដោះគោគ្មានជាតិខ្លាញ់,"[409, 3425, 999, 3579]",
L3I_IMG_1194.jpg,crops/L3I_IMG_1194_r4.png,ok,ទឹកឃ្មុំសុទ្ធ,"[556, 3547, 857, 3659]",
L3I_IMG_1194.jpg,crops/L3I_IMG_1194_r5.png,ok,ដឹកជូនរហ័ស,"[1993, 3707, 2913, 4092]",
L3I_IMG_1194.jpg,crops/L3I_IMG_1194_r6.png,ok,ចំណេញច្រើន,"[1772, 3916, 3154, 4502]",
L3I_IMG_1194.jpg,crops/L3I_IMG_1194_r7.png,ok,ចំណេញ,"[2860, 4310, 3280, 4580]",
L3I_IMG_1193.jpg,crops/L3I_IMG_1193_r1.png,ok,ផាកកាហ្វេ,"[882, 1523, 2024, 2045]",
L3I_IMG_1192.jpg,crops/L3I_IMG_1192_r1.png,ok,សាគូរ៉ា ប៊ូហ្វេ សាច់អាំង និងស៊ុគី ស៊ុប,"[850, 1391, 2197, 1777]",
L3I_IMG_1192.jpg,crops/L3I_IMG_1192_r2.png,ok,កាន់តែពិសេស,"[556, 1812, 2744, 2634]",
L3I_IMG_1192.jpg,crops/L3I_IMG_1192_r3.png,ok,ថែមត្រឹមតែ,"[1833, 3099, 3164, 3790]",
L3I_IMG_1191.jpg,crops/L3I_IMG_1191_r1.png,ok,ហូបយូរប៉ុណ្ណាក៏បាន...!,"[230, 1796, 3290, 2518]",
L3I_IMG_1191.jpg,crops/L3I_IMG_1191_r2.png,ok,ឥតកំណត់ម៉ោង,"[1118, 2385, 2702, 2875]",
L3I_IMG_1190.jpg,crops/L3I_IMG_1190_r1.png,ok,ញ៊ាំបង្កង,"[10, 2343, 1945, 3658]",
L3I_IMG_1190.jpg,crops/L3I_IMG_1190_r2.png,ok,ដោយសេរី,"[1512, 2889, 3432, 3695]",
L3I_IMG_1190.jpg,crops/L3I_IMG_1190_r3.png,ok,ជាន់ទី,"[1933, 1239, 2534, 1609]",
L3I_IMG_1189.jpg,crops/L3I_IMG_1189_r1.png,ok,សាគូរ៉ា,"[903, 2348, 1577, 2975]",
L3I_IMG_1189.jpg,crops/L3I_IMG_1189_r2.png,ok,ប៊ូហ្វេ,"[1948, 2111, 2623, 2875]",
L3I_IMG_1188.jpg,crops/L3I_IMG_1188_r1.png,ok,សានតា ហ្វេ,"[256, 982, 2875, 3133]",
L3I_IMG_1187.jpg,crops/L3I_IMG_1187_r1.png,ok,មុខម្ហូបថ្មី,"[1276, 2463, 2161, 2886]",
L3I_IMG_1187.jpg,crops/L3I_IMG_1187_r2.png,ok,សរ រ៉េ,"[209, 2616, 521, 2838]",
L3I_IMG_1187.jpg,crops/L3I_IMG_1187_r3.png,ok,សរ រ៉េ,"[2779, 2279, 3248, 2597]",
L3I_IMG_1186.jpg,crops/L3I_IMG_1186_r1.png,ok,បាប៊ីឃ្យូ ផ្លាហ្សា,"[1265, 2300, 2145, 2676]",
L3I_IMG_1186.jpg,crops/L3I_IMG_1186_r2.png,ok,ឈុតអាហារថ្ងៃត្រង់-សាច់ជ្រូក,"[514, 2758, 2991, 3380]",
L3I_IMG_1186.jpg,crops/L3I_IMG_1186_r3.png,ok,រៀងរាល់ថ្ងៃ,"[1313, 3336, 2061, 3680]",
L3I_IMG_1186.jpg,crops/L3I_IMG_1186_r4.png,ok,តម្លៃត្រឹមតែ,"[2243, 3793, 2597, 3952]",
L3I_IMG_1185.jpg,crops/L3I_IMG_1185_r1.png,ok,រសជាតិសំរាប់ទាំងអស់គ្នា,"[950, 2353, 2739, 2807]",
L3I_IMG_1184.jpg,crops/L3I_IMG_1184_r1.png,ok,ចុះឈ្មោះឥលូវនេះ,"[834, 577, 2161, 1672]",
L3I_IMG_1184.jpg,crops/L3I_IMG_1184_r2.png,ok,ដើម្បីទទួលកាតបញ្ចុះតម្លៃ,"[682, 834, 2366, 2134]",
L3I_IMG_1184.jpg,crops/L3I_IMG_1184_r3.png,ok,តម្លៃដើម,"[519, 2243, 810, 2523]",
L3I_IMG_1184.jpg,crops/L3I_IMG_1184_r4.png,ok,ក្នុង1ហ្គេម,"[1412, 1969, 2686, 3085]",
L3I_IMG_1183.jpg,crops/L3I_IMG_1183_r1.png,ok,មានលក់ចាប់ពីថ្ងៃនេះតទៅ,"[877, 682, 2387, 1625]",
L3I_IMG_1183.jpg,crops/L3I_IMG_1183_r2.png,ok,បញ្ចុះ,"[766, 1975, 1146, 2381]",
L3I_IMG_1183.jpg,crops/L3I_IMG_1183_r3.png,ok,តម្លៃ,"[708, 2300, 1083, 2723]",
L3I_IMG_1182.jpg,crops/L3I_IMG_1182_r1.png,ok,អេក្រង់ធំជាង,"[2332, 2237, 2975, 2465]",
L3I_IMG_1182.jpg,crops/L3I_IMG_1182_r2.png,ok,ធំជាងអេក្រង់ធម្មតា ៤ដង,"[1797, 2464, 2992, 2686]",
L3I_IMG_1182.jpg,crops/L3I_IMG_1182_r3.png,ok,អេក្រង់,"[1057, 2513, 1432, 2717]",
L3I_IMG_1181.jpg,crops/L3I_IMG_1181_r1.png,ok,ប្រព័ន្ធ,"[2027, 1980, 2245, 2161]",
L3I_IMG_1181.jpg,crops/L3I_IMG_1181_r2.png,ok,រូបភាពភ្លឺ និងថ្លាច្បាស់ជាងមុន,"[1922, 2127, 2812, 2402]",
L3I_IMG_1180.jpg,crops/L3I_IMG_1180_r1.png,ok,ដូចជាអ្នកស្ថិតនៅក្នុងភាពយន្ត,"[824, 1565, 2549, 1966]",
L3I_IMG_1179.jpg,crops/L3I_IMG_1179_r1.png,ok,សម្រាប់អ្នកមើលភាពយន្តគ្រប់ជំនាន់,"[829, 1607, 2849, 2008]",
L3I_IMG_1179.jpg,crops/L3I_IMG_1179_r2.png,ok,នៅគ្រប់សាខា រោងភាពយន្ត មេជើរ ស៊ីនេផ្លិច បាយស្មាត,"[950, 1906, 2723, 2166]",
L3I_IMG_1178.jpg,crops/L3I_IMG_1178_r1.png,ok,បបរខកង្កែប,"[1134, 1544, 2155, 2013]",
L3I_IMG_1177.jpg,crops/L3I_IMG_1177_r1.png,ok,មកទទួលយក,"[882, 1528, 2113, 1961]",
L3I_IMG_1177.jpg,crops/L3I_IMG_1177_r2.png,ok,របស់អ្នកឥឡូវនេះ!,"[924, 2180, 2334, 2775]",
L3I_IMG_1176.jpg,crops/L3I_IMG_1176_r1.png,ok,ឃីដ ស៊ីនេម៉ា,"[929, 2805, 2029, 3164]",
L3I_IMG_1176.jpg,crops/L3I_IMG_1176_r2.png,ok,រោងភាពយន្តសម្រាប់កុមារ!!!,"[882, 3157, 2145, 3353]",
L3I_IMG_1175.jpg,crops/L3I_IMG_1175_r1.png,ok,គ្រឿងសមុទ្រស្រស់,"[1812, 1202, 2844, 1882]",
L3I_IMG_1175.jpg,crops/L3I_IMG_1175_r2.png,ok,រសជាតិជាប់ចិត្ត,"[1922, 1565, 2933, 2334]",
L3I_IMG_1174.jpg,crops/L3I_IMG_1174_r1.png,ok,រស់ជាតិថ្មីជាមួយ,"[1281, 1807, 2281, 2134]",
L3I_IMG_1174.jpg,crops/L3I_IMG_1174_r2.png,ok,គ្រឿងសមុទ្រស្រស់។,"[1250, 2027, 2345, 2402]",
L3I_IMG_1173.jpg,crops/L3I_IMG_1173_r1.png,ok,ប្រូម៉ូសិនចុងឆ្នាំ,"[1518, 1071, 2150, 1567]",
L3I_IMG_1173.jpg,crops/L3I_IMG_1173_r2.png,ok,ទិញ,"[1234, 1733, 1845, 2218]",
L3I_IMG_1173.jpg,crops/L3I_IMG_1173_r3.png,ok,ថែម,"[1118, 2064, 1809, 2591]",
L3I_IMG_1173.jpg,crops/L3I_IMG_1173_r4.png,ok,គ្រប់ម៉ូតហ្មង,"[1728, 2274, 2260, 2618]",
L3I_IMG_1172.jpg,crops/L3I_IMG_1172_r1.png,ok,សូមស្វាគមន៍មកកាន់ ហេឡេន,"[1087, 2343, 2387, 2581]",
L3I_IMG_1171.jpg,crops/L3I_IMG_1171_r1.png,ok,ជណ្តើរសំរាប់អតិថិជន,"[1370, 1476, 2397, 2182]",
L3I_IMG_1170.jpg,crops/L3I_IMG_1170_r1.png,ok,ទិញ 3 មុខ,"[813, 1386, 2350, 2187]",
L3I_IMG_1170.jpg,crops/L3I_IMG_1170_r2.png,ok,បញ្ចុះ,"[1292, 1960, 1903, 2446]",
L3I_IMG_1169.jpg,crops/L3I_IMG_1169_r1.png,ok,តោះសាកល្បងតេស្តផលិតផល,"[745, 1691, 2507, 2029]",
L3I_IMG_1169.jpg,crops/L3I_IMG_1169_r2.png,ok,និងទទួលបាន,"[1150, 1949, 2035, 2245]",
L3I_IMG_1169.jpg,crops/L3I_IMG_1169_r3.png,ok,ការផាត់មុខដោយឥតគិតថ្លៃ,"[871, 2206, 2402, 2581]",
L3I_IMG_1168.jpg,crops/L3I_IMG_1168_r1.png,ok,ស្វាគមន៍សមាជិកថ្មី!,"[913, 3094, 3059, 3658]",
L3I_IMG_1168.jpg,crops/L3I_IMG_1168_r2.png,ok,ផ្ដល់ជូនភាពជាសមាជិកជារៀងរហូត,"[1276, 4056, 2576, 4278]",
L3I_IMG_1168.jpg,crops/L3I_IMG_1168_r3.png,ok,ពេលទិញផលិតផលណាមួយ,"[1397, 4256, 2465, 4410]",
L3I_IMG_1167.jpg,crops/L3I_IMG_1167_r1.png,ok,មន្តស្នេហ៍ក្រចក,"[272, 2947, 1625, 3569]",
L3I_IMG_1166.jpg,crops/L3I_IMG_1166_r1.png,ok,អាវយឺត,"[1964, 1365, 3091, 1851]",
L3I_IMG_1165.jpg,crops/L3I_IMG_1165_r1.png,ok,អាវយឺតបុរស,"[913, 777, 2255, 1288]",
L3I_IMG_1164.jpg,crops/L3I_IMG_1164_r1.png,ok,ឈុតកូនក្មេង,"[1223, 656, 1856, 963]",
L3I_IMG_1164.jpg,crops/L3I_IMG_1164_r2.png,ok,សាច់ក្រណាត់ត្រជាក់,"[1897, 2023, 2164, 2116]",
L3I_IMG_1164.jpg,crops/L3I_IMG_1164_r3.png,ok,បឺតញើសនិងស្ងួតរហ័ស,"[2165, 2036, 2454, 2126]",
L3I_IMG_1164.jpg,crops/L3I_IMG_1164_r4.png,ok,ទំនិញមកដល់ថ្មី,"[2077, 2568, 2429, 2690]",
L3I_IMG_1163.jpg,crops/L3I_IMG_1163_r1.png,ok,កម្រាលជូតជើង,"[987, 1239, 1856, 1541]",
L3I_IMG_1162.jpg,crops/L3I_IMG_1162_r1.png,ok,កន្សែងជូតខ្លួនទំហំធំ,"[1076, 2011, 2655, 2702]",
L3I_IMG_1161.jpg,crops/L3I_IMG_1161_r1.png,ok,ប្រូម៉ូសិនពិសេសពី,"[892, 2952, 2255, 3364]",
L3I_IMG_1160.jpg,crops/L3I_IMG_1160_r1.png,ok,ក្រដាស,"[887, 1334, 1845, 1803]",
L3I_IMG_1159.jpg,crops/L3I_IMG_1159_r1.png,ok,ហាងថ្មី,"[1391, 1539, 2260, 1929]",
L3I_IMG_1159.jpg,crops/L3I_IMG_1159_r2.png,ok,ជំហាន,"[1507, 2695, 2523, 3127]",
L3I_IMG_1158.jpg,crops/L3I_IMG_1158_r1.png,ok,ជាប់ចំណាត់ថ្នាក់លេខ 1,"[829, 2679, 2408, 2924]",
L3I_IMG_1157.jpg,crops/L3I_IMG_1157_r1.png,ok,ប្រូម៉ូសិនចុងឆ្នាំពីសាមសុង,"[330, 2332, 2145, 3075]",
L3I_IMG_1157.jpg,crops/L3I_IMG_1157_r2.png,ok,ចាប់ពីថ្ងៃទី 11 ខែតុលា 2023 រហូតដល់ថ្ងៃទី 31 ខែធ្នូ 2023,"[291, 3420, 2153, 3903]",
L3I_IMG_1157.jpg,crops/L3I_IMG_1157_r3.png,ok,ទិញ1,"[401, 2907, 1262, 3635]",
L3I_IMG_1157.jpg,crops/L3I_IMG_1157_r4.png,ok,បាន3,"[1292, 2616, 2429, 3348]",
L3I_IMG_1157.jpg,crops/L3I_IMG_1157_r5.png,ok,ទទួលបានកាដូ,"[2269, 4129, 2723, 4299]",
L3I_IMG_1157.jpg,crops/L3I_IMG_1157_r6.png,ok,បញ្ចុះតម្លៃ,"[2279, 4318, 2723, 4488]",
L3I_IMG_1156.jpg,crops/L3I_IMG_1156_r1.png,ok,អតិថិជនជាទីគោរព!,"[251, 1796, 1979, 2153]",
L3I_IMG_1156.jpg,crops/L3I_IMG_1156_r2.png,ok,សូមលោកអ្នក អញ្ជើញទៅទូទាត់,"[251, 2277, 2775, 2681]",
L3I_IMG_1156.jpg,crops/L3I_IMG_1156_r3.png,ok,ប្រាក់មុនពេលចាកចេញពីច្រកនេះ។,"[235, 2852, 2988, 3256]",
L3I_IMG_1156.jpg,crops/L3I_IMG_1156_r4.png,ok,សូមអរគុណ!,"[1914, 3294, 3020, 3619]",
L3I_IMG_1155.jpg,crops/L3I_IMG_1155_r1.png,ok,ស្ក្រាប់ដុសខ្លួនផ្សំពី,"[1205, 1441, 2618, 1877]",
L3I_IMG_1155.jpg,crops/L3I_IMG_1155_r2.png,ok,អង្ករផ្កាម្លិះនិងផ្កាកូឡាប,"[1087, 1796, 2807, 2176]",
L3I_IMG_1154.jpg,crops/L3I_IMG_1154_r1.png,ok,ការផ្តល់ជូនពិសេសសំរាប់ខែធ្នូ,"[645, 1024, 3012, 2224]",
L3I_IMG_1153.jpg,crops/L3I_IMG_1153_r1.png,ok,ការផ្តល់ជូនពិសេស,"[1071, 2127, 2507, 2563]",
L3I_IMG_1152.jpg,crops/L3I_IMG_1152_r1.png,ok,សម្លាក,"[2143, 1804, 2783, 2098]",
L3I_IMG_1152.jpg,crops/L3I_IMG_1152_r2.png,ok,ស្នាមសង្វារ,"[1906, 2159, 2791, 2507]",
L3I_IMG_1152.jpg,crops/L3I_IMG_1152_r3.png,ok,ស្បែកជ្រីវជ្រួញ និង ស្បែកស្ងួត,"[771, 2505, 2846, 2933]",
L3I_IMG_1201.jpg,crops/L3I_IMG_1201_r1.png,ok,មកភ្លក់រសជាតិដើម,"[1181, 1087, 2957, 1790]",
L3I_IMG_1201.jpg,crops/L3I_IMG_1201_r2.png,ok,ពីកូរ៉េ,"[1024, 1615, 2216, 2649]",
L3I_IMG_1202.jpg,crops/L3I_IMG_1202_r1.png,ok,ងាវឆាគុយទាវ,"[937, 2348, 2035, 2634]",
L3I_IMG_1203.jpg,crops/L3I_IMG_1203_r1.png,ok,ងាវ ប៊ីប៊ីមបាប់,"[1536, 693, 2523, 986]",
L3I_IMG_1204.jpg,crops/L3I_IMG_1204_r1.png,ok,គុយទាវត្រជាក់,"[1906, 2127, 2886, 2586]",
L3I_IMG_1205.jpg,crops/L3I_IMG_1205_r1.png,ok,ស៊ុបឆ្អឹងជំនីគោ,"[1213, 1260, 2035, 1593]",
L3I_IMG_1206.jpg,crops/L3I_IMG_1206_r1.png,ok,តៅហ៊ូសរីរាង្គ,"[976, 1181, 1585, 1530]",
L3I_IMG_1206.jpg,crops/L3I_IMG_1206_r2.png,ok,ទឹកសណ្ដែកសរីរាង្គ,"[1150, 1969, 1948, 2350]",
L3I_IMG_1206.jpg,crops/L3I_IMG_1206_r3.png,ok,តៅហ៊ូសរីរាង្គ,"[1749, 2758, 2287, 3114]",
L3I_IMG_1207.jpg,crops/L3I_IMG_1207_r1.png,ok,ប្រយ័ត្នរអិល!,"[354, 1662, 1104, 2263]",
L3I_IMG_1208.jpg,crops/L3I_IMG_1208_r1.png,ok,មូលនិធិគន្ធបុប្ជាកម្ពុជា,"[582, 1867, 2909, 2720]",
L3I_IMG_1208.jpg,crops/L3I_IMG_1208_r2.png,ok,ភាពញញឹមរបស់កុមារគឺជាអនាគតដ៏ភ្លឺស្វាងរបស់កម្ពុជា,"[645, 2978, 2862, 4178]",
L3I_IMG_1209.jpg,crops/L3I_IMG_1209_r1.png,ok,គ្រឿងសមុទ្រ រសជាតិខ្មែរ និងអាមេរិក,"[566, 1536, 2728, 1940]",
L3I_IMG_1209.jpg,crops/L3I_IMG_1209_r2.png,ok,សម្បូរបែបមាននៅទីនេះ!,"[834, 1851, 2287, 2168]",
L3I_IMG_1210.jpg,crops/L3I_IMG_1210_r1.png,ok,បញ្ចុះតម្លៃ,"[46, 1181, 1916, 2366]",
L3I_IMG_1210.jpg,crops/L3I_IMG_1210_r2.png,ok,គ្រប់មុខតម្លៃត្រឹមតែ,"[220, 2253, 2074, 2980]",
L3I_IMG_1211.jpg,crops/L3I_IMG_1211_r1.png,ok,ឈុតគ្រឿងសមុទ្រ,"[117, 1047, 3453, 1853]",
L3I_IMG_1211.jpg,crops/L3I_IMG_1211_r2.png,ok,ជាមួយសេ្ពហ្គាទី,"[677, 1701, 2791, 2342]",
L3I_IMG_1212.jpg,crops/L3I_IMG_1212_r1.png,ok,ជាន់ផ្ទាល់ដី,"[503, 2600, 1333, 2878]",
L3I_IMG_1213.jpg,crops/L3I_IMG_1213_r1.png,ok,ភីហ្សាខ្នាតតូច,"[393, 2726, 1893, 3264]",
L3I_IMG_1214.jpg,crops/L3I_IMG_1214_r1.png,ok,រសជាតិហឹរបែបស៊ីឈ័ន,"[251, 2758, 3430, 3564]",
L3I_IMG_1215.jpg,crops/L3I_IMG_1215_r1.png,ok,អុិនធឺណិតសម្រាប់,"[1315, 1725, 2980, 2145]",
L3I_IMG_1215.jpg,crops/L3I_IMG_1215_r2.png,ok,គ្រប់តម្រូវការអាជីវកម្ម,"[1150, 2103, 3169, 2586]",
L3I_IMG_1216.jpg,crops/L3I_IMG_1216_r1.png,ok,ឈុតកុមារ,"[1260, 2261, 2665, 2886]",
L3I_IMG_1216.jpg,crops/L3I_IMG_1216_r2.png,ok,ហ្រេ្វនហ្រ្វាយ,"[1433, 4373, 2192, 4620]",
L3I_IMG_1217.jpg,crops/L3I_IMG_1217_r1.png,ok,ម៉ាស្ទ័រ ស៊ូគីស៊ុប,"[1158, 1386, 1885, 1735]",
L3I_IMG_1217.jpg,crops/L3I_IMG_1217_r2.png,ok,កាន់តែពិសេស,"[425, 1757, 2728, 2578]",
L3I_IMG_1217.jpg,crops/L3I_IMG_1217_r3.png,ok,តម្លៃត្រឹមតែ,"[306, 2632, 1073, 3099]",
L3I_IMG_1218.jpg,crops/L3I_IMG_1218_r1.png,ok,ធនាគារ ស្ថាបនា,"[929, 3333, 2917, 3903]",
L3I_IMG_1219.jpg,crops/L3I_IMG_1219_r1.png,ok,ទីនេះ!,"[362, 1749, 1399, 2334]",
L3I_IMG_1219.jpg,crops/L3I_IMG_1219_r2.png,ok,ព័ត៌មានពី,"[1407, 2086, 1792, 2240]",
L3I_IMG_1219.jpg,crops/L3I_IMG_1219_r3.png,ok,អាចសាកសួរ,"[1397, 1975, 1840, 2134]",
L3I_IMG_1219.jpg,crops/L3I_IMG_1219_r4.png,ok,លោកអ្នក,"[1386, 1875, 1709, 2024]",
L3I_IMG_1219.jpg,crops/L3I_IMG_1219_r5.png,ok,កម្ចីអាជីវកម្ម,"[262, 2216, 2150, 2917]",
L3I_IMG_1219.jpg,crops/L3I_IMG_1219_r6.png,ok,ខ្នាតតូច និងមធ្យម,"[540, 2805, 2042, 3259]",
L3I_IMG_1220.jpg,crops/L3I_IMG_1220_r1.png,ok,បាល់ទាត់,"[609, 130, 1120, 348]",
L3I_IMG_1220.jpg,crops/L3I_IMG_1220_r2.png,ok,វាយកូនហ្គោល,"[1623, 115, 2339, 358]",
L3I_IMG_1220.jpg,crops/L3I_IMG_1220_r3.png,ok,ជាន់ទី៤,"[2616, 1039, 3064, 1278]",
L3I_IMG_1221.jpg,crops/L3I_IMG_1221_r1.png,ok,បង់ពន្ធ,"[1765, 1460, 2260, 1751]",
L3I_IMG_1221.jpg,crops/L3I_IMG_1221_r2.png,ok,គ្រប់ប្រភេទ,"[1786, 1712, 2528, 2045]",
L3I_IMG_1222.jpg,crops/L3I_IMG_1222_r1.png,ok,ធនាគារ ស្ថាបនា សូមស្វាគមន៍,"[698, 1491, 2408, 2245]",
L3I_IMG_1223.jpg,crops/L3I_IMG_1223_r1.png,ok,ហង្សមាស,"[940, 1791, 2050, 2213]",
L3I_IMG_1224.jpg,crops/L3I_IMG_1224_r1.png,ok,ទូទាត់កាន់តែរហ័ស និងងាយស្រួលជាមួយ,"[288, 2054, 3270, 2549]",
L3I_IMG_1224.jpg,crops/L3I_IMG_1224_r2.png,ok,អ៉ីអនកាត,"[1003, 2469, 2392, 3117]",
L3I_IMG_1225.jpg,crops/L3I_IMG_1225_r1.png,ok,ផ្ដល់ឱកាសឥតដែនកំណត់,"[950, 2952, 2733, 3338]",
L3I_IMG_1226.jpg,crops/L3I_IMG_1226_r1.png,ok,អគ្គិសនី កម្ពុជា,"[1187, 220, 2050, 663]",
L3I_IMG_1226.jpg,crops/L3I_IMG_1226_r2.png,ok,ពេលនេះលោកអ្នកអាច,"[845, 1418, 2392, 1740]",
L3I_IMG_1226.jpg,crops/L3I_IMG_1226_r3.png,ok,បង់វិក្កយបត្រភ្លើងតាមរយៈ,"[514, 1696, 2665, 2155]",
L3I_IMG_1227.jpg,crops/L3I_IMG_1227_r1.png,ok,អាចទូទាត់ឆ្លងធនាគារ,"[1081, 1092, 2134, 1567]",
L3I_IMG_1227.jpg,crops/L3I_IMG_1227_r2.png,ok,ជាមួយ,"[997, 1397, 1383, 1714]",
L3I_IMG_1227.jpg,crops/L3I_IMG_1227_r3.png,ok,ឥតគិតថ្លៃ,"[609, 1649, 1152, 1971]",
L3I_IMG_1228.jpg,crops/L3I_IMG_1228_r1.png,ok,អាចដកប្រាក់នៅទីនេះ!,"[556, 1677, 2996, 2140]",
L3I_IMG_1228.jpg,crops/L3I_IMG_1228_r2.png,ok,ដោយឥតគិតថ្លៃ!,"[1058, 2274, 2311, 2570]",
L3I_IMG_1228.jpg,crops/L3I_IMG_1228_r3.png,ok,កាត,"[585, 1295, 1074, 1640]",
L3I_IMG_1228.jpg,crops/L3I_IMG_1228_r4.png,ok,អម្រឹត,"[1684, 1256, 2383, 1719]",
L3I_IMG_1229.jpg,crops/L3I_IMG_1229_r1.png,ok,ទទួលបាន,"[572, 2784, 1499, 3169]",
L3I_IMG_1229.jpg,crops/L3I_IMG_1229_r2.png,ok,សម្រាប់ការបើកគណនីថ្មីថ្ងៃនេះ,"[582, 3162, 3296, 3795]",
L3I_IMG_1230.jpg,crops/L3I_IMG_1230_r1.png,ok,កើនទ្រព្យជាមួយ,"[913, 1560, 2187, 2182]",
L3I_IMG_1230.jpg,crops/L3I_IMG_1230_r2.png,ok,គណនីហេងហេង,"[451, 1896, 2912, 2823]",
L3I_IMG_1231.jpg,crops/L3I_IMG_1231_r1.png,ok,មណ្ឌលផ្ដល់សេវា,"[656, 246, 3112, 963]",
L3I_IMG_1231.jpg,crops/L3I_IMG_1231_r2.png,ok,សាធារណៈ,"[1076, 1060, 2555, 1401]",
L3I_IMG_1231.jpg,crops/L3I_IMG_1231_r3.png,ok,ក្រសួងសាធារណការ,"[524, 1628, 3306, 2103]",
L3I_IMG_1231.jpg,crops/L3I_IMG_1231_r4.png,ok,និងដឹកជញ្ជូន,"[913, 2106, 2781, 2838]",
L3I_IMG_1232.jpg,crops/L3I_IMG_1232_r1.png,ok,ទូទាត់ប្រាក់ពីអ្នកប្រើ,"[749, 1712, 2434, 2329]",
L3I_IMG_1232.jpg,crops/L3I_IMG_1232_r2.png,ok,និង ធនាគារដទៃ,"[1236, 2190, 2765, 2739]",
L3I_IMG_1232.jpg,crops/L3I_IMG_1232_r3.png,ok,តាម,"[776, 2717, 1126, 3035]",
L3I_IMG_1233.jpg,crops/L3I_IMG_1233_r1.png,ok,រស្មីហង្សមាស,"[388, 750, 2828, 1640]",
L3I_IMG_1234.jpg,crops/L3I_IMG_1234_r1.png,ok,ហង្សមាស,"[940, 125, 1672, 364]",
L3I_IMG_1234.jpg,crops/L3I_IMG_1234_r2.png,ok,សូកូឡាក្រឡុក,"[2174, 2406, 3038, 2707]",
L3I_IMG_1235.jpg,crops/L3I_IMG_1235_r1.png,ok,តែគុជពិសេស!,"[398, 488, 1772, 1267]",
L3I_IMG_1235.jpg,crops/L3I_IMG_1235_r2.png,ok,គ្រប់មុខ,"[531, 2287, 1351, 2825]",
L3I_IMG_1235.jpg,crops/L3I_IMG_1235_r3.png,ok,រសជាតិថ្មី,"[618, 78, 3127, 2594]",
L3I_IMG_1236.jpg,crops/L3I_IMG_1236_r1.png,ok,វាយបានពិន្ទុខ្ពស់,"[83, 347, 1867, 906]",
L3I_IMG_1236.jpg,crops/L3I_IMG_1236_r2.png,ok,លេងបាន 3ដងទៀត,"[131, 856, 2640, 1463]",
L3I_IMG_1237.jpg,crops/L3I_IMG_1237_r1.png,ok,ចែកកាត,"[849, 3460, 2132, 3873]",
L3I_IMG_1238.jpg,crops/L3I_IMG_1238_r1.png,ok,តាំងមាននៅក្នុងម៉ាស៊ីន,"[117, 2220, 3330, 3002]",
L3I_IMG_1238.jpg,crops/L3I_IMG_1238_r2.png,ok,រាល់ទំនិញដែលដាក់,"[92, 1610, 3336, 2382]",
L3I_IMG_1239.jpg,crops/L3I_IMG_1239_r1.png,ok,សូមអតិថិជនទុកសំបករង្វាន់,"[681, 1768, 2605, 2209]",
L3I_IMG_1239.jpg,crops/L3I_IMG_1239_r2.png,ok,នៅក្នុងកន្ត្រកនេះ សូមអគុណ!,"[674, 2116, 2633, 2550]",
L3I_IMG_1240.jpg,crops/L3I_IMG_1240_r1.png,ok,មីហឹរកូរ៉េ៧កំរិត,"[1058, 1935, 3246, 3114]",
L3I_IMG_1241.jpg,crops/L3I_IMG_1241_r1.png,ok,ជ័យជំនះ,"[466, 1287, 1380, 1826]",
L3I_IMG_1241.jpg,crops/L3I_IMG_1241_r2.png,ok,បាញ់ហយ ណែមនឿង,"[1524, 1538, 3002, 2097]",
L3I_IMG_1242.jpg,crops/L3I_IMG_1242_r1.png,ok,នំប៉័ងសាច់គោជ្រនួចអាំង,"[786, 1698, 2181, 2292]",
L3I_IMG_1242.jpg,crops/L3I_IMG_1242_r2.png,ok,ឆ្ងាញ់ជាប់ចិត្ត !,"[1266, 1997, 2153, 2361]",
L3I_IMG_1243.jpg,crops/L3I_IMG_1243_r1.png,ok,ផាត់ថៃសាច់ក្តាមបំពង,"[459, 3446, 2209, 3831]",
L3I_IMG_1243.jpg,crops/L3I_IMG_1243_r2.png,ok,៛,"[514, 4101, 642, 4312]",
L3I_IMG_1244.jpg,crops/L3I_IMG_1244_r1.png,ok,រសជាតិថ្មី,"[681, 1378, 2306, 2041]",
L3I_IMG_1244.jpg,crops/L3I_IMG_1244_r2.png,ok,មីឆាជប៉ុនហឹរ,"[661, 2722, 2362, 3330]",
L3I_IMG_1245.jpg,crops/L3I_IMG_1245_r1.png,ok,ឈុតថ្ងៃត្រង់ត្រឹមតែ,"[382, 1169, 2842, 2327]",
L3I_IMG_1245.jpg,crops/L3I_IMG_1245_r2.png,ok,សម្រាប់ មនុស្សម្នាក់,"[1900, 2548, 3051, 3351]",
L3I_IMG_1246.jpg,crops/L3I_IMG_1246_r1.png,ok,កន្លែងលក់សំបុត្រ,"[918, 1517, 2153, 2278]",
L3I_IMG_1246.jpg,crops/L3I_IMG_1246_r2.png,ok,ព័ត៌មាន,"[2262, 1872, 2849, 2243]",
L3I_IMG_1247.jpg,crops/L3I_IMG_1247_r1.png,ok,សូមស្វាគមន៍! សូមកម្សាន្តដោយក្តីរីករាយ,"[772, 2603, 3253, 3685]",
L3I_IMG_1248.jpg,crops/L3I_IMG_1248_r1.png,ok,ពែងខ្លាឃ្មុំវិល,"[1009, 3432, 2626, 4054]",
L3I_IMG_1249.jpg,crops/L3I_IMG_1249_r1.png,ok,សូមស្វាគមន៍! សូមកម្សាន្តដោយក្តីរីករាយ!,"[389, 2436, 3135, 3330]",
L3I_IMG_1250.jpg,crops/L3I_IMG_1250_r1.png,ok,ទូកចោរសមុទ្រ,"[570, 2938, 2494, 3553]",
L3I_IMG_1251.jpg,crops/L3I_IMG_1251_r1.png,ok,ម៉ាស៊ីនប្ដូរកាក់,"[699, 2388, 2472, 3075]",
L3I_IMG_1300.jpg,crops/L3I_IMG_1300_r1.png,ok,ផ្ទះសំណាក់ អ៉ី ម៉ាប់,"[1079, 1716, 1257, 1769]",
L3I_IMG_1299.jpg,crops/L3I_IMG_1299_r1.png,ok,អាហារដ្ឋាន ម្លប់រាជ,"[2820, 1911, 3153, 1980]",
L3I_IMG_1299.jpg,crops/L3I_IMG_1299_r2.png,ok,មានលក់បាយ ម្ហូបកម៉្មង់ និងភេសជ្ជៈគ្រប់មុខ,"[2818, 1978, 3153, 2025]",
L3I_IMG_1299.jpg,crops/L3I_IMG_1299_r3.png,ok,ឃុំលាច ស្រុកភ្នំក្រវាញ,"[2810, 2068, 3153, 2148]",
L3I_IMG_1299.jpg,crops/L3I_IMG_1299_r4.png,ok,ម្លប់រាជ,"[3508, 1543, 3849, 1649]",
L3I_IMG_1299.jpg,crops/L3I_IMG_1299_r5.png,ok,មានបន្ទប់ជួលនៅទីនេះ,"[3503, 1660, 3857, 1708]",
L3I_IMG_1298.jpg,crops/L3I_IMG_1298_r1.png,ok,ងួន សារ៉ែន,"[1335, 1523, 1673, 1621]",
L3I_IMG_1297.jpg,crops/L3I_IMG_1297_r1.png,ok,ហាងលក់ទូរស័ព្ទដៃទំនើប,"[262, 950, 577, 1083]",
L3I_IMG_1297.jpg,crops/L3I_IMG_1297_r2.png,ok,គ្នាយើង,"[333, 1020, 554, 1152]",
L3I_IMG_1296.jpg,crops/L3I_IMG_1296_r1.png,ok,រហាល,"[384, 551, 1432, 911]",
L3I_IMG_1296.jpg,crops/L3I_IMG_1296_r2.png,ok,ឃុំរហាល ស្រុកព្រះនេត្រព្រះ ខេត្តបន្ទាយមានជ័យ,"[205, 890, 1405, 1121]",
L3I_IMG_1295.jpg,crops/L3I_IMG_1295_r1.png,ok,វិទ្យាល័យ ជក់វារី,"[175, 220, 377, 251]",
L3I_IMG_1294.jpg,crops/L3I_IMG_1294_r1.png,ok,ភូមិខ្មែរ,"[161, 45, 426, 178]",
L3I_IMG_1293.jpg,crops/L3I_IMG_1293_r1.png,ok,ឆ្ងាញ់ ជាប់មាត់,"[290, 542, 386, 609]",
L3I_IMG_1293.jpg,crops/L3I_IMG_1293_r2.png,ok,រសជាតិជាប់ចិត្ត,"[302, 583, 366, 627]",
L3I_IMG_1293.jpg,crops/L3I_IMG_1293_r3.png,ok,ភេសជ្ជៈ,"[618, 321, 688, 356]",
L3I_IMG_1293.jpg,crops/L3I_IMG_1293_r4.png,ok,ពេញនិយម,"[597, 348, 717, 398]",
L3I_IMG_1293.jpg,crops/L3I_IMG_1293_r5.png,ok,ផឹក ១កែវ,"[574, 569, 676, 626]",
L3I_IMG_1293.jpg,crops/L3I_IMG_1293_r6.png,ok,ឲ្យមានព្រលឹង,"[581, 609, 667, 653]",
L3I_IMG_1292.jpg,crops/L3I_IMG_1292_r1.png,ok,ចង់បានកូនៗ,"[433, 605, 566, 652]",
L3I_IMG_1292.jpg,crops/L3I_IMG_1292_r2.png,ok,ស្បែកស្អាត សក់ស្អាត ធ្មេញរឹងមាំ,"[451, 635, 726, 688]",
L3I_IMG_1292.jpg,crops/L3I_IMG_1292_r3.png,ok,អាចជួយបាន,"[646, 678, 765, 718]",
L3I_IMG_1292.jpg,crops/L3I_IMG_1292_r4.png,ok,ផលិតផលកូរ៉េ,"[375, 717, 484, 743]",
L3I_IMG_1292.jpg,crops/L3I_IMG_1292_r5.png,ok,សម្រាប់ទារក និងកុមារ,"[354, 741, 508, 768]",
L3I_IMG_1291.jpg,crops/L3I_IMG_1291_r1.png,ok,ភូមិគ្រឹះខ្យង,"[392, 507, 549, 581]",
L3I_IMG_1291.jpg,crops/L3I_IMG_1291_r2.png,ok,ម្ចាស់ដើម,"[536, 582, 627, 627]",
L3I_IMG_1291.jpg,crops/L3I_IMG_1291_r3.png,ok,សង្កាត់ព្រែកឯង ខណ្ឌច្បារអំពៅ,"[380, 627, 656, 677]",
L3I_IMG_1290.jpg,crops/L3I_IMG_1290_r1.png,ok,សាលាស្អាត បរិស្ថានល្អ អនាម័យស្អាត,"[682, 582, 1538, 865]",
L3I_IMG_1289.jpg,crops/L3I_IMG_1289_r1.png,ok,បំណិនសម្បទា,"[655, 391, 1181, 624]",
L3I_IMG_1289.jpg,crops/L3I_IMG_1289_r2.png,ok,ត្រិះរិះពិចារណា,"[770, 625, 1052, 776]",
L3I_IMG_1289.jpg,crops/L3I_IMG_1289_r3.png,ok,វិភាគ,"[770, 816, 914, 944]",
L3I_IMG_1289.jpg,crops/L3I_IMG_1289_r4.png,ok,ច្នៃប្រឌិត,"[783, 1011, 973, 1132]",
L3I_IMG_1289.jpg,crops/L3I_IMG_1289_r5.png,ok,ដោះស្រាយបញ្ហា,"[800, 1189, 1092, 1329]",
L3I_IMG_1289.jpg,crops/L3I_IMG_1289_r6.png,ok,សម្រេចចិត្ត,"[813, 1383, 1043, 1537]",
L3I_IMG_1288.jpg,crops/L3I_IMG_1288_r1.png,ok,ចរិយាសម្បទា,"[513, 286, 1092, 416]",
L3I_IMG_1288.jpg,crops/L3I_IMG_1288_r2.png,ok,ចង់ចេះចង់ដឹង,"[622, 457, 891, 561]",
L3I_IMG_1288.jpg,crops/L3I_IMG_1288_r3.png,ok,ចេះផ្តួចផ្តើម,"[621, 614, 849, 717]",
L3I_IMG_1288.jpg,crops/L3I_IMG_1288_r4.png,ok,មានវិន័យ,"[623, 762, 825, 867]",
L3I_IMG_1288.jpg,crops/L3I_IMG_1288_r5.png,ok,ទន់ភ្លន់,"[627, 913, 803, 1018]",
L3I_IMG_1288.jpg,crops/L3I_IMG_1288_r6.png,ok,សុចរិត,"[627, 1069, 779, 1172]",
L3I_IMG_1288.jpg,crops/L3I_IMG_1288_r7.png,ok,ស្មារតីទទួលខុសត្រូវខ្ពស់,"[627, 1221, 1087, 1333]",
L3I_IMG_1288.jpg,crops/L3I_IMG_1288_r8.png,ok,ចេះប្រាស្រ័យទាក់ទង,"[627, 1381, 1040, 1497]",
L3I_IMG_1288.jpg,crops/L3I_IMG_1288_r9.png,ok,សហការជាក្រុម,"[627, 1548, 928, 1662]",
L3I_IMG_1288.jpg,crops/L3I_IMG_1288_r10.png,ok,ថវិកាបន្ថែម ឆ្នាំ២០០៩,"[605, 1904, 920, 1965]",
L3I_IMG_1287.jpg,crops/L3I_IMG_1287_r1.png,ok,ភាពស្រស់ស្អាតនៃបរិស្ថាន គឺចាប់ផ្ដើមពីយើងទាំងអស់គ្នា,"[270, 705, 792, 882]",
L3I_IMG_1287.jpg,crops/L3I_IMG_1287_r2.png,ok,វិទ្យាល័យ ជា ស៊ីម សន្ធរម៉ុក,"[1582, 889, 1800, 952]",
L3I_IMG_1287.jpg,crops/L3I_IMG_1287_r3.png,ok,ភាពជោគជ័យ កើតឡើងពីការយកឈ្នះលើខ្លួនឯង,"[1545, 930, 1823, 1009]",
L3I_IMG_1286.jpg,crops/L3I_IMG_1286_r1.png,ok,ចុមយក្ស,"[362, 368, 541, 443]",
L3I_IMG_1286.jpg,crops/L3I_IMG_1286_r2.png,ok,មានលក់សំបកកង់ឡាន យ៉ាន់ឡាន បាញ់ថ្នាំយ៉ាន់,"[215, 416, 676, 485]",
L3I_IMG_1286.jpg,crops/L3I_IMG_1286_r3.png,ok,មានទទួលប្ដូរសំបកកង់ & យ៉ាន់ តម្លៃថោកៗ,"[243, 454, 650, 523]",
L3I_IMG_1285.jpg,crops/L3I_IMG_1285_r1.png,ok,វិជ្ជាសម្បទា,"[470, 203, 1188, 400]",
L3I_IMG_1285.jpg,crops/L3I_IMG_1285_r2.png,ok,អាន,"[609, 543, 769, 654]",
L3I_IMG_1285.jpg,crops/L3I_IMG_1285_r3.png,ok,សរសេរ,"[622, 787, 851, 914]",
L3I_IMG_1285.jpg,crops/L3I_IMG_1285_r4.png,ok,គិតលេខ,"[619, 1037, 878, 1168]",
L3I_IMG_1285.jpg,crops/L3I_IMG_1285_r5.png,ok,ភាសាបរទេស,"[612, 1314, 1023, 1458]",
L3I_IMG_1285.jpg,crops/L3I_IMG_1285_r6.png,ok,ប្រព័ន្ធបច្ចេកវិទ្យា,"[605, 1575, 1102, 1748]",
L3I_IMG_1284.jpg,crops/L3I_IMG_1284_r1.png,ok,វិទ្យាល័យ ជា ស៊ីម សន្ធរម៉ុក,"[210, 251, 671, 362]",
L3I_IMG_1284.jpg,crops/L3I_IMG_1284_r2.png,ok,ចំណេះវិជ្ជា ជាមាគ៌ាធ្វើឲ្យជីវិតថ្កុំថ្កើង,"[149, 338, 826, 530]",
L3I_IMG_1283.jpg,crops/L3I_IMG_1283_r1.png,ok,វិទ្យាល័យ ជា ស៊ីម សន្ធរម៉ុក,"[231, 256, 742, 340]",
L3I_IMG_1283.jpg,crops/L3I_IMG_1283_r2.png,ok,ទម្លាប់ល្អ ផ្ដើមចេញពីយើងមុនគេ,"[137, 330, 865, 445]",
L3I_IMG_1282.jpg,crops/L3I_IMG_1282_r1.png,ok,មហាវិទ្យាល័យ សំណង់,"[440, 145, 1708, 517]",
L3I_IMG_1281.jpg,crops/L3I_IMG_1281_r1.png,ok,សួស្ដីឆ្នាំថ្ម ឆ្នាំច,"[296, 93, 476, 140]",
L3I_IMG_1280.jpg,crops/L3I_IMG_1280_r1.png,ok,វិទ្យាល័យ បាភ្នំ,"[249, 62, 815, 256]",
L3I_IMG_1279.jpg,crops/L3I_IMG_1279_r1.png,ok,បណ្ណាល័យ ស្តែម,"[892, 215, 1090, 341]",
L3I_IMG_1278.jpg,crops/L3I_IMG_1278_r1.png,ok,ក្រុមការងារថ្នាក់ជាតិ,"[531, 115, 788, 176]",
L3I_IMG_1278.jpg,crops/L3I_IMG_1278_r2.png,ok,ចុះមូលដ្ឋានខណ្ឌទួលគោក,"[493, 182, 817, 238]",
L3I_IMG_1277.jpg,crops/L3I_IMG_1277_r1.png,ok,ដេប៉ូ តេលា,"[156, 358, 341, 423]",
L3I_IMG_1277.jpg,crops/L3I_IMG_1277_r2.png,ok,ម៉ែន រី,"[179, 421, 305, 486]",
L3I_IMG_1277.jpg,crops/L3I_IMG_1277_r3.png,ok,សេវា,"[215, 823, 283, 862]",
L3I_IMG_1277.jpg,crops/L3I_IMG_1277_r4.png,ok,ប្ដូរប្រេងម៉ាស៊ីន,"[168, 859, 317, 913]",
L3I_IMG_1277.jpg,crops/L3I_IMG_1277_r5.png,ok,ធ្វើដំណើរ ដាយសុវត្ថិភាព,"[153, 913, 335, 962]",
L3I_IMG_1276.jpg,crops/L3I_IMG_1276_r1.png,ok,សង្ក្រាន្ត,"[970, 428, 1077, 503]",
L3I_IMG_1276.jpg,crops/L3I_IMG_1276_r2.png,ok,តិចណូ,"[962, 491, 1090, 559]",
L3I_IMG_1275.jpg,crops/L3I_IMG_1275_r1.png,ok,បណ្ណាល័យ ហ៊ុន សែន,"[824, 486, 1219, 582]",
L3I_IMG_1274.jpg,crops/L3I_IMG_1274_r1.png,ok,វិទ្យាល័យ រហាល,"[555, 286, 1299, 449]",
L3I_IMG_1274.jpg,crops/L3I_IMG_1274_r2.png,ok,ពស ២៤៥២ គស ២០០៨,"[359, 394, 641, 450]",
L3I_IMG_1274.jpg,crops/L3I_IMG_1274_r3.png,ok,ភូមិសាលាឆេះ ឃុំរហាល ស្រុកព្រះនេតព្រះ ខេត្តប.ជ,"[1069, 408, 1471, 476]",
L3I_IMG_1274.jpg,crops/L3I_IMG_1274_r4.png,ok,សង្ក្រាន្តវិ.រហាលសូមស្វាគមន៍!,"[594, 538, 1224, 662]",
L3I_IMG_1273.jpg,crops/L3I_IMG_1273_r1.png,ok,សារមន្ទីរ,"[638, 708, 862, 837]",
L3I_IMG_1273.jpg,crops/L3I_IMG_1273_r2.png,ok,ព្រះស្រីឦសានវរ័្មន,"[539, 822, 993, 968]",
L3I_IMG_1272.jpg,crops/L3I_IMG_1272_r1.png,ok,បណ្ណាល័យ,"[551, 314, 783, 402]",
L3I_IMG_1271.jpg,crops/L3I_IMG_1271_r1.png,ok,វិទ្យាល័យ រហាល,"[884, 185, 1323, 275]",
L3I_IMG_1270.jpg,crops/L3I_IMG_1270_r1.png,ok,មណ្ឌលសិក្សាទី១,"[351, 69, 675, 145]",
L3I_IMG_1270.jpg,crops/L3I_IMG_1270_r2.png,ok,កម្មវិធីសមមូលអប់រំកម្រិតមូលដ្ឋានតាមអ៉ីនធឺណិត,"[67, 121, 957, 213]",
L3I_IMG_1269.jpg,crops/L3I_IMG_1269_r1.png,ok,ខ្មែរធ្វើបាន,"[104, 496, 1001, 846]",
L3I_IMG_1268.jpg,crops/L3I_IMG_1268_r1.png,ok,ឆ្នេរឋានសួគ៌ រីស៊ត,"[157, 444, 448, 510]",
L3I_IMG_1267.jpg,crops/L3I_IMG_1267_r1.png,ok,រាធកា,"[359, 191, 612, 292]",
L3I_IMG_1266.jpg,crops/L3I_IMG_1266_r1.png,ok,សាខា,"[1358, 2341, 1559, 2477]",
L3I_IMG_1266.jpg,crops/L3I_IMG_1266_r2.png,ok,កម៉្មង់ទុកមុន,"[927, 2405, 2124, 2893]",
L3I_IMG_1265.jpg,crops/L3I_IMG_1265_r1.png,ok,២នាក់ត្រឹមតែ,"[143, 2991, 1708, 3504]",
L3I_IMG_1264.jpg,crops/L3I_IMG_1264_r1.png,ok,ចុះថ្លៃ,"[1889, 1353, 2196, 1653]",
L3I_IMG_1264.jpg,crops/L3I_IMG_1264_r2.png,ok,ផ្ដាច់មុខលើសំបុត្រកុន,"[1986, 1993, 2896, 2256]",
L3I_IMG_1264.jpg,crops/L3I_IMG_1264_r3.png,ok,ក្នុង,"[2775, 2168, 2975, 2349]",
L3I_IMG_1263.jpg,crops/L3I_IMG_1263_r1.png,ok,២នាក់ត្រឹមតែ,"[467, 2842, 1883, 3298]",
L3I_IMG_1262.jpg,crops/L3I_IMG_1262_r1.png,ok,ហាមឡើងជាន់លើចានបង្គន់,"[661, 669, 2368, 1028]",
L3I_IMG_1262.jpg,crops/L3I_IMG_1262_r2.png,ok,រាល់ការខូចខាតឬបាក់បែកគឺជាការទទួលបន្ទុករបស់អ្នកបង្ករ,"[728, 1651, 2360, 1921]",
L3I_IMG_1261.jpg,crops/L3I_IMG_1261_r1.png,ok,រោងភាពយន្តបែបកូរ៉េ,"[929, 2366, 2360, 2621]",
L3I_IMG_1260.jpg,crops/L3I_IMG_1260_r1.png,ok,កាតសន្សំពិន្ទុ,"[215, 896, 2093, 1732]",
L3I_IMG_1260.jpg,crops/L3I_IMG_1260_r2.png,ok,រៀងរាល់ថ្ងៃទី,"[550, 1770, 1058, 2003]",
L3I_IMG_1260.jpg,crops/L3I_IMG_1260_r3.png,ok,ពិន្ទុ,"[379, 2492, 976, 3097]",
L3I_IMG_1260.jpg,crops/L3I_IMG_1260_r4.png,ok,ដង,"[2328, 3690, 3067, 4183]",
L3I_IMG_1259.jpg,crops/L3I_IMG_1259_r1.png,ok,បំរាម,"[847, 1026, 1675, 1556]",
L3I_IMG_1259.jpg,crops/L3I_IMG_1259_r2.png,ok,ក្តៅ,"[520, 1904, 753, 2144]",
L3I_IMG_1259.jpg,crops/L3I_IMG_1259_r3.png,ok,សូមមេត្តាកុំប៉ះ,"[713, 2723, 2062, 3305]",
L3I_IMG_1259.jpg,crops/L3I_IMG_1259_r4.png,ok,សូមអរគុណ!,"[1450, 3192, 2211, 3506]",
L3I_IMG_1258.jpg,crops/L3I_IMG_1258_r1.png,ok,មុខម្ហូបថ្មី,"[639, 1286, 2926, 2427]",
L3I_IMG_1257.jpg,crops/L3I_IMG_1257_r1.png,ok,តោះញ៊ាំម្ជូរ,"[1115, 2083, 3022, 3000]",
L3I_IMG_1256.jpg,crops/L3I_IMG_1256_r1.png,ok,ការតាំងពិព័រណ៍លក់,"[1234, 1874, 2390, 2092]",
L3I_IMG_1256.jpg,crops/L3I_IMG_1256_r2.png,ok,ស្បែកជើងនារី,"[1428, 2357, 2219, 2560]",
L3I_IMG_1255.jpg,crops/L3I_IMG_1255_r1.png,ok,សាលាដបារ,"[862, 2105, 2315, 2435]",
L3I_IMG_1255.jpg,crops/L3I_IMG_1255_r2.png,ok,៛,"[1033, 2663, 1236, 2948]",
L3I_IMG_1254.jpg,crops/L3I_IMG_1254_r1.png,ok,កម្មវិធីអគ្គរាជទូតវ័យក្មេង ជប៉ុន និងកម្ពុជា,"[513, 2522, 3008, 3127]",
L3I_IMG_1253.jpg,crops/L3I_IMG_1253_r1.png,ok,នំខេក,"[1554, 2693, 2390, 3060]",
L3I_IMG_1252.jpg,crops/L3I_IMG_1252_r1.png,ok,លក់,"[1406, 1971, 2010, 2479]",
L3I_IMG_1252.jpg,crops/L3I_IMG_1252_r2.png,ok,ក្រោមថ្លៃដើម,"[1993, 2068, 2903, 2405]",
L3I_IMG_1252.jpg,crops/L3I_IMG_1252_r3.png,ok,ឈ្នះរង្វាន់,"[1473, 2611, 2516, 3082]",
L3I_IMG_1252.jpg,crops/L3I_IMG_1252_r4.png,ok,ដ៏ច្រើនសន្ធឹកសន្ធាប់,"[1740, 2969, 2725, 3320]",
L3I_IMG_1301.jpg,crops/L3I_IMG_1301_r1.png,ok,មានបន្ទប់ជួល,"[643, 843, 905, 993]",
L3I_IMG_1301.jpg,crops/L3I_IMG_1301_r2.png,ok,មានបន្ទប់ជួល,"[699, 1311, 1117, 1565]",
L3I_IMG_1301.jpg,crops/L3I_IMG_1301_r3.png,ok,ជំនោរ ម្លប់ថ្លុង,"[1635, 1667, 2101, 1817]",
L3I_IMG_1301.jpg,crops/L3I_IMG_1301_r4.png,ok,ឃុំរកាត ស្រុកភ្នំក្រវាញ,"[1623, 1895, 2113, 2005]",
L3I_IMG_1302.jpg,crops/L3I_IMG_1302_r1.png,ok,សម្ផស្ស គោដុត,"[2391, 1903, 2685, 1985]",
L3I_IMG_1302.jpg,crops/L3I_IMG_1302_r2.png,ok,ស្រុកភ្នំក្រវាញ,"[2377, 2015, 2563, 2112]",
L3I_IMG_1302.jpg,crops/L3I_IMG_1302_r3.png,ok,ភ្នំពេញ,"[1055, 2839, 1209, 2925]",
L3I_IMG_1302.jpg,crops/L3I_IMG_1302_r4.png,ok,ភ្នំពេញ,"[2443, 2503, 2577, 2569]",
L3I_IMG_1303.jpg,crops/L3I_IMG_1303_r1.png,ok,សាលាភាសាអន្តរជាតិ,"[1727, 1151, 2553, 1605]",
L3I_IMG_1303.jpg,crops/L3I_IMG_1303_r2.png,ok,បង្រៀនភាសាអង់គ្លេស បារាំង ជប៉ុន ចិន ថៃ កុំព្យូទ័រ និងមត្តេយ្យភាសាអង់គ្លេស,"[1759, 1503, 2553, 1785]",
L3I_IMG_1303.jpg,crops/L3I_IMG_1303_r3.png,ok,សាលាភាសាអន្តរជាតិ,"[1403, 2563, 1717, 2665]",
L3I_IMG_1304.jpg,crops/L3I_IMG_1304_r1.png,ok,មានល្បឿនលឿន តម្លៃសមរម្យ,"[887, 1490, 1169, 1569]",
L3I_IMG_1304.jpg,crops/L3I_IMG_1304_r2.png,ok,ល្បឿនលឿន,"[1195, 1427, 1461, 1521]",
L3I_IMG_1304.jpg,crops/L3I_IMG_1304_r3.png,ok,ឥតគិតថ្លៃ,"[1057, 1595, 1199, 1677]",
L3I_IMG_1305.jpg,crops/L3I_IMG_1305_r1.png,ok,ដាតាអស្ចារ្យ,"[3231, 1167, 3625, 1289]",
L3I_IMG_1305.jpg,crops/L3I_IMG_1305_r2.png,ok,សប្តាហ៍,"[2993, 1320, 3105, 1373]",
L3I_IMG_1305.jpg,crops/L3I_IMG_1305_r3.png,ok,ដើម្បីភ្ជាប់គម្រោង,"[3351, 1411, 3665, 1485]",
L3I_IMG_1306.jpg,crops/L3I_IMG_1306_r1.png,ok,ដាតាអស្ចារ្យ,"[1380, 1311, 1660, 1412]",
L3I_IMG_1306.jpg,crops/L3I_IMG_1306_r2.png,ok,ដើម្បីភ្ជាប់គម្រោង,"[1468, 1516, 1670, 1564]",
L3I_IMG_1306.jpg,crops/L3I_IMG_1306_r3.png,ok,សប្ដាហ៍,"[1196, 1435, 1277, 1477]",
L3I_IMG_1306.jpg,crops/L3I_IMG_1306_r4.png,ok,កញ្ចប់ អ៉ីនធឺណិតសម្រាប់គ្រួសារ,"[1903, 1332, 2137, 1372]",
L3I_IMG_1306.jpg,crops/L3I_IMG_1306_r5.png,ok,មានល្បឿនលឿន តម្លៃសមរម្យ,"[1860, 1359, 2174, 1425]",
L3I_IMG_1306.jpg,crops/L3I_IMG_1306_r6.png,ok,ល្បឿនលឿន,"[2236, 1295, 2478, 1377]",
L3I_IMG_1306.jpg,crops/L3I_IMG_1306_r7.png,ok,ត្រឹមតែ $18 /ខែ,"[2276, 1503, 2497, 1556]",
L3I_IMG_1306.jpg,crops/L3I_IMG_1306_r8.png,ok,អោយខ្លី ហ៊តទ័រ,"[2066, 1455, 2228, 1572]",
L3I_IMG_1307.jpg,crops/L3I_IMG_1307_r1.png,ok,ការិយាល័យអប់រំ យុវជននិងកីឡា ស្រុកភ្នំក្រវាញ,"[1155, 1207, 2145, 1377]",
L3I_IMG_1308.jpg,crops/L3I_IMG_1308_r1.png,ok,អ៉ីនធើណិត,"[927, 1463, 1165, 1537]",
L3I_IMG_1308.jpg,crops/L3I_IMG_1308_r2.png,ok,កាន់តែច្រើន,"[915, 1543, 1181, 1617]",
L3I_IMG_1308.jpg,crops/L3I_IMG_1308_r3.png,ok,អ្វីក៏បាន!,"[995, 1623, 1198, 1693]",
L3I_IMG_1308.jpg,crops/L3I_IMG_1308_r4.png,ok,ភ្ជាប់គម្រោង ចុច,"[1327, 1351, 1638, 1412]",
L3I_IMG_1308.jpg,crops/L3I_IMG_1308_r5.png,ok,សេរី,"[1804, 1268, 2070, 1452]",
L3I_IMG_1308.jpg,crops/L3I_IMG_1308_r6.png,ok,គម្រោង,"[1727, 1412, 1828, 1454]",
L3I_IMG_1308.jpg,crops/L3I_IMG_1308_r7.png,ok,100នាទី 100សារ,"[2255, 1655, 2550, 1719]",
L3I_IMG_1308.jpg,crops/L3I_IMG_1308_r8.png,ok,សុពលភាព 7 ថ្ងៃ,"[2268, 1711, 2548, 1764]",
L3I_IMG_1308.jpg,crops/L3I_IMG_1308_r9.png,ok,អ៉ីនធើណិត,"[2994, 1428, 3228, 1484]",
L3I_IMG_1308.jpg,crops/L3I_IMG_1308_r10.png,ok,កាន់តែច្រើន,"[2964, 1511, 3249, 1574]",
L3I_IMG_1308.jpg,crops/L3I_IMG_1308_r11.png,ok,ប្រើលើអ្វីក៏បាន!,"[2953, 1594, 3286, 1657]",
L3I_IMG_1308.jpg,crops/L3I_IMG_1308_r12.png,ok,ភ្ជាប់គម្រោង ចុច,"[3436, 1287, 3806, 1369]",
L3I_IMG_1309.jpg,crops/L3I_IMG_1309_r1.png,ok,សុភ័ណ្ឌ,"[2261, 825, 2515, 963]",
L3I_IMG_1309.jpg,crops/L3I_IMG_1309_r2.png,ok,ភូមិបោះពួយ ឃុំលា ស្រុកភ្នំក្រវ៉ាញ,"[2796, 673, 3152, 795]",
L3I_IMG_1309.jpg,crops/L3I_IMG_1309_r3.png,ok,ខេត្តពោធិសាត់,"[2801, 761, 2995, 833]",
L3I_IMG_1310.jpg,crops/L3I_IMG_1310_r1.png,ok,សុខណា,"[943, 1018, 1230, 1137]",
L3I_IMG_1310.jpg,crops/L3I_IMG_1310_r2.png,ok,ជាងកាត់កញ្ចក់,"[951, 1114, 1234, 1214]",
L3I_IMG_1310.jpg,crops/L3I_IMG_1310_r3.png,ok,មានទទួលធ្វើ ទូ ទ្វាដែក,"[964, 1175, 1236, 1257]",
L3I_IMG_1310.jpg,crops/L3I_IMG_1310_r4.png,ok,ទ្វាកញ្ចក់ និងបង្អួចគ្រប់ប្រភេទ,"[927, 1226, 1252, 1313]",
L3I_IMG_1310.jpg,crops/L3I_IMG_1310_r5.png,ok,ផ្ទះជួល,"[3287, 1498, 3380, 1550]",
L3I_IMG_1311.jpg,crops/L3I_IMG_1311_r1.png,ok,សិប្បកម្ម ជាងយ៉ត បោះពួយ,"[2043, 1275, 2833, 1573]",
L3I_IMG_1311.jpg,crops/L3I_IMG_1311_r2.png,ok,មានទទួល៖ ទ្វាររមូល ទ្វាររបង,"[2175, 1495, 2737, 1642]",
L3I_IMG_1311.jpg,crops/L3I_IMG_1311_r3.png,ok,បង្អួចកញ្ចក់ បង្កាន់ដៃដែក,"[2179, 1595, 2729, 1729]",
L3I_IMG_1311.jpg,crops/L3I_IMG_1311_r4.png,ok,និង ដំបូលសំយ៉ាបគ្រប់ប្រភេទ,"[2179, 1695, 2709, 1845]",
L3I_IMG_1312.jpg,crops/L3I_IMG_1312_r1.png,ok,ផលិតដោយអ្នកជំនាញ,"[1813, 2237, 2017, 2299]",
L3I_IMG_1312.jpg,crops/L3I_IMG_1312_r2.png,ok,អាល្លឺម៉ង់,"[1841, 2291, 2001, 2337]",
L3I_IMG_1313.jpg,crops/L3I_IMG_1313_r1.png,ok,អា វ៉ី,"[835, 2011, 943, 2081]",
L3I_IMG_1313.jpg,crops/L3I_IMG_1313_r2.png,ok,ស្រុកភ្នំក្រវាញ គ.ម 29,"[731, 2115, 1035, 2179]",
L3I_IMG_1313.jpg,crops/L3I_IMG_1313_r3.png,ok,ភ្នំពេញ,"[1959, 2539, 2021, 2581]",
L3I_IMG_1313.jpg,crops/L3I_IMG_1313_r4.png,ok,អេ អឹម ខេ,"[2693, 2117, 2811, 2163]",
L3I_IMG_1313.jpg,crops/L3I_IMG_1313_r5.png,ok,អីក៏មាន!,"[2703, 2161, 2809, 2193]",
L3I_IMG_1313.jpg,crops/L3I_IMG_1313_r6.png,ok,អីក៏បាន!,"[2701, 2197, 2813, 2233]",
L3I_IMG_1314.jpg,crops/L3I_IMG_1314_r1.png,ok,អ្នកឈ្នះរង្វាន់រថយន្តទី៣ ពី ស្រាបៀរ ម៉ាទ្រីដ,"[215, 1619, 921, 1729]",
L3I_IMG_1314.jpg,crops/L3I_IMG_1314_r2.png,ok,ជាង ម៉ង់,"[1731, 1911, 2001, 1969]",
L3I_IMG_1314.jpg,crops/L3I_IMG_1314_r3.png,ok,ស្រុកភ្នំក្រវាញ គ.ម 29,"[1727, 1991, 2014, 2065]",
L3I_IMG_1314.jpg,crops/L3I_IMG_1314_r4.png,ok,ជាង ម៉ង់ ចែទាល់,"[1783, 2148, 1943, 2189]",
L3I_IMG_1315.jpg,crops/L3I_IMG_1315_r1.png,ok,អាហារដ្ឋាន,"[1638, 1877, 1745, 1919]",
L3I_IMG_1315.jpg,crops/L3I_IMG_1315_r2.png,ok,ម្លប់លាភស្រីមុំ (មានមែន),"[1618, 1914, 1881, 1969]",
L3I_IMG_1315.jpg,crops/L3I_IMG_1315_r3.png,ok,ស្រុកភ្នំក្រវាញ គ.ម 29,"[1618, 1991, 1894, 2057]",
L3I_IMG_1316.jpg,crops/L3I_IMG_1316_r1.png,ok,ភ្នំពេញ,"[1916, 2442, 2009, 2500]",
L3I_IMG_1316.jpg,crops/L3I_IMG_1316_r2.png,ok,ស្រី អូន,"[2772, 1618, 2937, 1681]",
L3I_IMG_1316.jpg,crops/L3I_IMG_1316_r3.png,ok,ស្រុកភ្នំក្រវាញ,"[2770, 1687, 2945, 1718]",
L3I_IMG_1316.jpg,crops/L3I_IMG_1316_r4.png,ok,មានលក់ភេសជ្ជៈគ្រប់មុខ,"[2772, 1770, 2969, 1812]",
L3I_IMG_1317.jpg,crops/L3I_IMG_1317_r1.png,ok,វត្តសេរីគង្គាសេដ្ឋារាម,"[1355, 1355, 1977, 1569]",
L3I_IMG_1318.jpg,crops/L3I_IMG_1318_r1.png,ok,ចែ លក្ខិណា,"[2251, 1675, 2733, 1885]",
L3I_IMG_1318.jpg,crops/L3I_IMG_1318_r2.png,ok,កាត់ សក់,"[1783, 2484, 1940, 2534]",
L3I_IMG_1318.jpg,crops/L3I_IMG_1318_r3.png,ok,លាង ម៉ូតូ,"[1780, 2527, 1950, 2585]",
L3I_IMG_1318.jpg,crops/L3I_IMG_1318_r4.png,ok,កង់,"[1767, 2567, 1940, 2622]",
L3I_IMG_1319.jpg,crops/L3I_IMG_1319_r1.png,ok,ទ្រូម៉ាន់នី,"[2260, 1275, 2516, 1448]",
L3I_IMG_1319.jpg,crops/L3I_IMG_1319_r2.png,ok,ដាក់ស្រួល ដកស្រួល,"[2306, 1428, 2513, 1518]",
L3I_IMG_1319.jpg,crops/L3I_IMG_1319_r3.png,ok,ម៉ោញ ស៊ីណេត,"[1946, 1474, 2126, 1574]",
L3I_IMG_1320.jpg,crops/L3I_IMG_1320_r1.png,ok,យានដ្ឋាន វាសនា,"[1060, 1191, 2166, 1388]",
L3I_IMG_1320.jpg,crops/L3I_IMG_1320_r2.png,ok,មានជួសជុលប្រព័ន្ធភ្លើង ត្រួតពិនិត្យម៉ាស៊ីន,"[1119, 1396, 2100, 1532]",
L3I_IMG_1320.jpg,crops/L3I_IMG_1320_r3.png,ok,ម៉ាស៊ីនត្រជាក់ គ្រឿងក្រោម និងប្តូរប្រេងម៉ាស៊ីន គ្រប់ប្រភេទ,"[908, 1516, 2268, 1644]",
L3I_IMG_1321.jpg,crops/L3I_IMG_1321_r1.png,ok,លី ហួរ វេរលុយ,"[51, 1571, 227, 1660]",
L3I_IMG_1321.jpg,crops/L3I_IMG_1321_r2.png,ok,គីម ថេង (ព្រែក១),"[874, 1566, 1053, 1668]",
L3I_IMG_1321.jpg,crops/L3I_IMG_1321_r3.png,ok,ស្រុកភ្នំក្រវាញ គ.ម 31,"[881, 1696, 1048, 1756]",
L3I_IMG_1321.jpg,crops/L3I_IMG_1321_r4.png,ok,គីម ថេង,"[1392, 1719, 1507, 1789]",
L3I_IMG_1322.jpg,crops/L3I_IMG_1322_r1.png,ok,ស៊ីវ ហួរ,"[1887, 1720, 2088, 1809]",
L3I_IMG_1322.jpg,crops/L3I_IMG_1322_r2.png,ok,ស្រុកភ្នំក្រវាញ គ.ម 31,"[1810, 1842, 2172, 1916]",
L3I_IMG_1323.jpg,crops/L3I_IMG_1323_r1.png,ok,ចែ វណ្ណរី,"[1138, 2166, 1388, 2273]",
L3I_IMG_1323.jpg,crops/L3I_IMG_1323_r2.png,ok,ភ្នាក់ងារ,"[1558, 2013, 1663, 2048]",
L3I_IMG_1323.jpg,crops/L3I_IMG_1323_r3.png,ok,វេរលុយ,"[1541, 2055, 1630, 2076]",
L3I_IMG_1323.jpg,crops/L3I_IMG_1323_r4.png,ok,ដាក់លុយ,"[1541, 2081, 1641, 2108]",
L3I_IMG_1323.jpg,crops/L3I_IMG_1323_r5.png,ok,ដកលុយ,"[1545, 2113, 1641, 2137]",
L3I_IMG_1323.jpg,crops/L3I_IMG_1323_r6.png,ok,បង់ទឹក ភ្លើង សំរាម,"[1545, 2141, 1679, 2171]",
L3I_IMG_1323.jpg,crops/L3I_IMG_1323_r7.png,ok,បង់វិក្កយបត្រ,"[1546, 2170, 1662, 2201]",
L3I_IMG_1323.jpg,crops/L3I_IMG_1323_r8.png,ok,បញ្ចូលលុយទូរស័ព្ទ,"[1548, 2201, 1679, 2231]",
L3I_IMG_1323.jpg,crops/L3I_IMG_1323_r9.png,ok,ទ្រូម៉ាន់នី,"[1700, 2116, 1822, 2171]",
L3I_IMG_1324.jpg,crops/L3I_IMG_1324_r1.png,ok,វត្តសាមគ្គីសន្សំកុសល កំពង់ដំរី,"[1999, 2395, 2421, 2493]",
L3I_IMG_1324.jpg,crops/L3I_IMG_1324_r2.png,ok,ចែ សុភាព,"[2643, 2123, 3133, 2265]",
L3I_IMG_1324.jpg,crops/L3I_IMG_1324_r3.png,ok,ស្រុកភ្នំក្រវាញ គ.ម 32,"[2659, 2327, 3157, 2461]",
L3I_IMG_1325.jpg,crops/L3I_IMG_1325_r1.png,ok,ផលិតដោយអ្នកជំនាញ អាល្លឺម៉ង់,"[2211, 1831, 2629, 1957]",
L3I_IMG_1326.jpg,crops/L3I_IMG_1326_r1.png,ok,គណបក្សប្រជាជនកម្ពុជា,"[1580, 1425, 1924, 1557]",
L3I_IMG_1326.jpg,crops/L3I_IMG_1326_r2.png,ok,ធ្វើអ្វីៗគ្រប់យ៉ាងទាំងអស់ដើម្បីប្រជាជន,"[1495, 1575, 1909, 1689]",
L3I_IMG_1326.jpg,crops/L3I_IMG_1326_r3.png,ok,អរគុណសន្តិភាព!,"[1713, 2117, 1935, 2175]",
L3I_IMG_1327.jpg,crops/L3I_IMG_1327_r1.png,ok,ផលិតដោយអ្នកជំនាញ,"[2835, 2041, 3191, 2125]",
L3I_IMG_1327.jpg,crops/L3I_IMG_1327_r2.png,ok,អាល្លឺម៉ង់,"[2895, 2113, 3131, 2196]",
L3I_IMG_1328.jpg,crops/L3I_IMG_1328_r1.png,ok,ខេត្ត,"[1886, 1989, 2210, 2264]",
L3I_IMG_1328.jpg,crops/L3I_IMG_1328_r2.png,ok,យូណាន,"[1887, 2229, 2460, 2490]",
L3I_IMG_1328.jpg,crops/L3I_IMG_1328_r3.png,ok,តំបន់ដែលដាំនូវ,"[602, 2369, 2035, 2786]",
L3I_IMG_1328.jpg,crops/L3I_IMG_1328_r4.png,ok,ប្រទាលកន្ទុយក្រពើ,"[571, 2684, 2252, 3186]",
L3I_IMG_1329.jpg,crops/L3I_IMG_1329_r1.png,ok,អ្នកកំពុងស្ថិតក្នុងតំបន់មាន,"[1141, 1542, 1886, 1682]",
L3I_IMG_1329.jpg,crops/L3I_IMG_1329_r2.png,ok,កាំមេរ៉ា,"[1402, 1674, 1615, 1772]",
L3I_IMG_1329.jpg,crops/L3I_IMG_1329_r3.png,ok,សម្រាប់តែបុគ្គលិក,"[1325, 2292, 1889, 2458]",
L3I_IMG_1330.jpg,crops/L3I_IMG_1330_r1.png,ok,សម្រាប់តែបុគ្គលិក,"[1057, 1854, 1759, 2060]",
L3I_IMG_1331.jpg,crops/L3I_IMG_1331_r1.png,ok,ទឹកដែលមានប្រភពមកពីធម្មជាតិ,"[910, 1686, 2077, 1949]",
L3I_IMG_1331.jpg,crops/L3I_IMG_1331_r2.png,ok,ហើយបានប្រើប្រាស់បច្ចេកទេសចម្រោះបែបធម្មជាតិដំបូងគេ,"[916, 1827, 2097, 2043]",
L3I_IMG_1332.jpg,crops/L3I_IMG_1332_r1.png,ok,ទិញកាន់តែច្រើន ចំណេញកាន់តែច្រើន!,"[700, 3244, 2313, 3474]",
L3I_IMG_1332.jpg,crops/L3I_IMG_1332_r2.png,ok,ប្រូម៉ូសិនពិសេស,"[1017, 3467, 2099, 3817]",
L3I_IMG_1333.jpg,crops/L3I_IMG_1333_r1.png,ok,ចង់បានលឿនប្រើសេវាកម្ម,"[887, 2365, 1902, 2773]",
L3I_IMG_1333.jpg,crops/L3I_IMG_1333_r2.png,ok,ម៉ាក្រូ,"[2092, 2757, 2326, 3005]",
L3I_IMG_1334.jpg,crops/L3I_IMG_1334_r1.png,ok,កន្សែងពោះគោ,"[2064, 361, 2696, 560]",
L3I_IMG_1334.jpg,crops/L3I_IMG_1334_r2.png,ok,ម្សៅសាប៊ូ ប្រ៊ីស,"[997, 2004, 1755, 2338]",
L3I_IMG_1334.jpg,crops/L3I_IMG_1334_r3.png,ok,កម្ចាត់ស្នាមប្រឡាក់ខ្លាំង,"[796, 2178, 2023, 2622]",
L3I_IMG_1334.jpg,crops/L3I_IMG_1334_r4.png,ok,ល្អជាងសាប៊ូដទៃ3ដង,"[849, 2429, 2007, 2805]",
L3I_IMG_1335.jpg,crops/L3I_IMG_1335_r1.png,ok,ជូន,"[361, 1740, 624, 2063]",
L3I_IMG_1335.jpg,crops/L3I_IMG_1335_r2.png,ok,ដើម្បីបង្ហាញក្តីស្រលាញ់,"[1070, 1907, 2284, 2552]",
L3I_IMG_1335.jpg,crops/L3I_IMG_1335_r3.png,ok,និងការដឹងគុណក្នុងឱកាសពិសេស,"[568, 2075, 2056, 2820]",
L3I_IMG_1336.jpg,crops/L3I_IMG_1336_r1.png,ok,កន្សែងពោះគោ,"[677, 1811, 2054, 2295]",
L3I_IMG_1337.jpg,crops/L3I_IMG_1337_r1.png,ok,ខ្នើយអោបខ្យល់សំឡីកប្បាស់,"[695, 2075, 2324, 2619]",
L3I_IMG_1337.jpg,crops/L3I_IMG_1337_r2.png,ok,៛,"[1659, 2778, 1822, 3027]",
L3I_IMG_1338.jpg,crops/L3I_IMG_1338_r1.png,ok,ពូកសុខភាព,"[1104, 695, 1360, 811]",
L3I_IMG_1338.jpg,crops/L3I_IMG_1338_r2.png,ok,អ្នកឯកទេសការពារសុខភាពឆ្អឹងខ្នង,"[997, 802, 1772, 985]",
L3I_IMG_1338.jpg,crops/L3I_IMG_1338_r3.png,ok,សក្តិសមសម្រាប់មនុស្សគ្រប់វ័យ,"[1090, 1117, 1611, 1260]",
L3I_IMG_1338.jpg,crops/L3I_IMG_1338_r4.png,ok,តម្លៃពិសេស,"[941, 1936, 1728, 2352]",
L3I_IMG_1338.jpg,crops/L3I_IMG_1338_r5.png,ok,ថែមកាបូប១ ភ្លាមៗ,"[1775, 2133, 2652, 2451]",
L3I_IMG_1339.jpg,crops/L3I_IMG_1339_r1.png,ok,កម្រាលការពារពូក,"[802, 2302, 2036, 2739]",
L3I_IMG_1340.jpg,crops/L3I_IMG_1340_r1.png,ok,៛,"[1607, 2309, 1802, 2539]",
L3I_IMG_1340.jpg,crops/L3I_IMG_1340_r2.png,ok,តំលៃលក់,"[559, 2085, 787, 2210]",
L3I_IMG_1340.jpg,crops/L3I_IMG_1340_r3.png,ok,តង់ គេងសំរាប់,"[719, 1702, 1436, 1948]",
L3I_IMG_1340.jpg,crops/L3I_IMG_1340_r4.png,ok,នាក់ពណ៌ខៀវ,"[1535, 1785, 2234, 2055]",
L3I_IMG_1341.jpg,crops/L3I_IMG_1341_r1.png,ok,សម្ភារៈប្រើនៅក្នុងបន្ទប់សណ្ឋាគារ,"[193, 1619, 2980, 2626]",
L3I_IMG_1342.jpg,crops/L3I_IMG_1342_r1.png,ok,វិក្កយបត្រ,"[776, 1492, 1682, 2003]",
L3I_IMG_1342.jpg,crops/L3I_IMG_1342_r2.png,ok,សៀវភៅ,"[642, 1907, 1420, 2318]",
L3I_IMG_1342.jpg,crops/L3I_IMG_1342_r3.png,ok,តម្លៃប្រូម៉ូសិន,"[963, 2168, 1836, 2565]",
L3I_IMG_1343.jpg,crops/L3I_IMG_1343_r1.png,ok,ដៃគូអាជីវកម្មរបស់អ្នក,"[153, 1378, 858, 1561]",
L3I_IMG_1343.jpg,crops/L3I_IMG_1343_r2.png,ok,អតិថិជនជាទីគោរព,"[1104, 1244, 2458, 1454]",
L3I_IMG_1343.jpg,crops/L3I_IMG_1343_r3.png,ok,ទំនិញលក់ជាដុំ សូមកំហែង,"[448, 1566, 2699, 1902]",
L3I_IMG_1343.jpg,crops/L3I_IMG_1343_r4.png,ok,កន្សែងជូតមុខ,"[279, 3869, 787, 4074]",
L3I_IMG_1344.jpg,crops/L3I_IMG_1344_r1.png,ok,អង្ករផ្កាម្លិះរ៉ូយ៉ាល់ម្កុដ,"[709, 1974, 2311, 2820]",
L3I_IMG_1344.jpg,crops/L3I_IMG_1344_r2.png,ok,៛,"[2101, 3059, 2318, 3362]",
L3I_IMG_1345.jpg,crops/L3I_IMG_1345_r1.png,ok,រំដួលមាស,"[200, 997, 2773, 3228]",
L3I_IMG_1346.jpg,crops/L3I_IMG_1346_r1.png,ok,ស្បែកភ្លឺរលោងមានសំណើម,"[521, 1378, 2391, 2264]",
L3I_IMG_1346.jpg,crops/L3I_IMG_1346_r2.png,ok,នារដូវធ្លាក់ខ្យល់,"[1003, 1753, 2050, 2391]",
L3I_IMG_1347.jpg,crops/L3I_IMG_1347_r1.png,ok,ទិញប៊ិក ៣ ប្រអប់ណាមួយខាងលើ,"[635, 2128, 2612, 2425]",
L3I_IMG_1347.jpg,crops/L3I_IMG_1347_r2.png,ok,ថែមជូនអាវយឺតមួយ,"[1023, 2348, 2210, 2530]",
L3I_IMG_1348.jpg,crops/L3I_IMG_1348_r1.png,ok,ពិព័រណ៍សៀវភៅអាន,"[843, 1780, 1969, 2338]",
L3I_IMG_1348.jpg,crops/L3I_IMG_1348_r2.png,ok,សៀវភៅអភិវឌ្ឍខ្លួន ដឹកនាំ អាជីវកម្ម ចំណេះដឹងទូទៅ,"[930, 2222, 1976, 2646]",
L3I_IMG_1349.jpg,crops/L3I_IMG_1349_r1.png,ok,មឹកបន្ទះ,"[999, 2177, 1358, 2331]",
L3I_IMG_1349.jpg,crops/L3I_IMG_1349_r2.png,ok,រស់ជាតិហិរ,"[1592, 2119, 2045, 2286]",
L3I_IMG_1349.jpg,crops/L3I_IMG_1349_r3.png,ok,តំលៃលក់,"[1039, 2479, 1230, 2585]",
L3I_IMG_1349.jpg,crops/L3I_IMG_1349_r4.png,ok,៛/មួយ,"[1860, 2503, 2135, 2657]",
L3I_IMG_1350.jpg,crops/L3I_IMG_1350_r1.png,ok,សញ្ញា,"[1358, 1050, 1943, 1367]",
L3I_IMG_1350.jpg,crops/L3I_IMG_1350_r2.png,ok,អ៊ែស~ប៊ី,"[501, 1318, 2291, 1969]",
L3I_IMG_1350.jpg,crops/L3I_IMG_1350_r3.png,ok,ស្រួយឆ្ងាញ់ ញ៊ាំជក់មាត់,"[452, 2108, 2344, 2706]",
L3I_IMG_1351.jpg,crops/L3I_IMG_1351_r1.png,ok,ទូទាត់ប្រាក់តាមរយៈកាត& ប្រព័ន្ធអេឡិចត្រូនិចតែប៉ុណ្ណោះ,"[461, 1699, 2559, 2216]",
L3I_IMG_1400.jpg,crops/L3I_IMG_1400_r1.png,ok,គណបក្សប្រជាជនកម្ពុជា,"[2543, 1831, 2958, 1937]",
L3I_IMG_1399.jpg,crops/L3I_IMG_1399_r1.png,ok,ប៉ុស្តិ៍នគរបាលរដ្ឋបាលឃុំព្រងិល,"[1791, 1383, 2415, 1494]",
L3I_IMG_1398.jpg,crops/L3I_IMG_1398_r1.png,ok,សាលាឃុំព្រងិល,"[1465, 1369, 1825, 1450]",
L3I_IMG_1398.jpg,crops/L3I_IMG_1398_r2.png,ok,ភូមិ កំពែង ឃុំ ព្រងិល ស្រុក ភ្នំក្រវាញ ខេត្តពោធិ៍សាត់ (ព.ស ២៥៦៦ គ.ស. ២០២៣),"[1320, 1438, 2002, 1530]",
L3I_IMG_1398.jpg,crops/L3I_IMG_1398_r3.png,ok,អរគុណសន្តិភាព!,"[791, 1917, 1127, 1985]",
L3I_IMG_1397.jpg,crops/L3I_IMG_1397_r1.png,ok,ចែ គន្ធា,"[954, 838, 1382, 1109]",
L3I_IMG_1397.jpg,crops/L3I_IMG_1397_r2.png,ok,ស្រុកភ្នំក្រវាញ គ.ម 20,"[776, 1131, 1547, 1328]",
L3I_IMG_1396.jpg,crops/L3I_IMG_1396_r1.png,ok,ធី ឆេង លាង,"[1937, 1515, 2174, 1591]",
L3I_IMG_1396.jpg,crops/L3I_IMG_1396_r2.png,ok,ស្រុកភ្នំក្រវាញ គ.ម 22,"[1933, 1616, 2185, 1685]",
L3I_IMG_1395.jpg,crops/L3I_IMG_1395_r1.png,ok,អ៉ី ភា,"[2250, 301, 2648, 520]",
L3I_IMG_1395.jpg,crops/L3I_IMG_1395_r2.png,ok,ស្រុកភ្នំក្រវាញ គ.ម 25,"[2116, 637, 2827, 800]",
L3I_IMG_1394.jpg,crops/L3I_IMG_1394_r1.png,ok,ផ្ទះយើងខ្ញុំ មានលក់ទឹកបរិសុទ្ធគ្រប់ប្រភេទ,"[1556, 828, 2431, 953]",
L3I_IMG_1394.jpg,crops/L3I_IMG_1394_r2.png,ok,រស់ វុទ្ធី,"[1720, 675, 2192, 852]",
L3I_IMG_1394.jpg,crops/L3I_IMG_1394_r3.png,ok,បោះពុម្ពធៀបការ,"[137, 861, 826, 1046]",
L3I_IMG_1393.jpg,crops/L3I_IMG_1393_r1.png,ok,លី តែ,"[798, 425, 1226, 673]",
L3I_IMG_1393.jpg,crops/L3I_IMG_1393_r2.png,ok,ស្រុកភ្នំក្រវាញ គ.ម 25,"[630, 768, 1423, 938]",
L3I_IMG_1392.jpg,crops/L3I_IMG_1392_r1.png,ok,អឹម អេស ធី អិចប្រេស,"[1854, 839, 2678, 1020]",
L3I_IMG_1392.jpg,crops/L3I_IMG_1392_r2.png,ok,សេវាកម្មទទួលបញ្ញើអីវ៉ាន់ ទូទាំងប្រទេសកម្ពុជា,"[1925, 1037, 2667, 1170]",
L3I_IMG_1392.jpg,crops/L3I_IMG_1392_r3.png,ok,អាសយដ្ឋាន៖ ភូមិ ប៉ែន ឃុំលាច ស្រុកភ្នំក្រវាញ ខេត្តពោធិ៍សាត់,"[1877, 1194, 2756, 1319]",
L3I_IMG_1392.jpg,crops/L3I_IMG_1392_r4.png,ok,សូមស្វាគមន៍,"[1709, 1489, 2275, 1651]",
L3I_IMG_1391.jpg,crops/L3I_IMG_1391_r1.png,ok,សន សុផានី,"[738, 876, 1129, 1154]",
L3I_IMG_1391.jpg,crops/L3I_IMG_1391_r2.png,ok,មានលក់ភេសជ្ជៈគ្រប់មុខ,"[708, 1044, 1125, 1252]",
L3I_IMG_1391.jpg,crops/L3I_IMG_1391_r3.png,ok,ម៉ាស៊ីនត្រជាក់ LG ជម្រើសល្អបំផុត,"[2642, 1033, 3249, 1128]",
L3I_IMG_1391.jpg,crops/L3I_IMG_1391_r4.png,ok,ជួយ សន្សំសំចៃ អ្នកច្រើនជាងគេ,"[2657, 1108, 3260, 1203]",
L3I_IMG_1391.jpg,crops/L3I_IMG_1391_r5.png,ok,សន្សំសំចៃភ្លើង,"[3340, 865, 3566, 1002]",
L3I_IMG_1390.jpg,crops/L3I_IMG_1390_r1.png,ok,វត្តកែវឧត្តម ហៅ វត្តកណ្តាល,"[850, 1612, 1341, 1711]",
L3I_IMG_1390.jpg,crops/L3I_IMG_1390_r2.png,ok,អ្នកកសាង ឧបាសិកា ហ៊ួយសកណាយ ឧបាសក អ៊ា សូយ,"[783, 1679, 1270, 1771]",
L3I_IMG_1390.jpg,crops/L3I_IMG_1390_r3.png,ok,ព.ស ២៥៥០,"[1280, 1660, 1401, 1700]",
L3I_IMG_1390.jpg,crops/L3I_IMG_1390_r4.png,ok,គ.ស 2006,"[1272, 1686, 1405, 1726]",
L3I_IMG_1389.jpg,crops/L3I_IMG_1389_r1.png,ok,ឃុំលាច ស្រុកភ្នំក្រវាញ,"[649, 454, 1285, 830]",
L3I_IMG_1389.jpg,crops/L3I_IMG_1389_r2.png,ok,គណបក្សប្រជាជនកម្ពុជា,"[798, 649, 1158, 860]",
L3I_IMG_1389.jpg,crops/L3I_IMG_1389_r3.png,ok,ប្រ.ជ,"[902, 761, 1076, 875]",
L3I_IMG_1389.jpg,crops/L3I_IMG_1389_r4.png,ok,មួយទៀង,"[2948, 1194, 3466, 1315]",
L3I_IMG_1389.jpg,crops/L3I_IMG_1389_r5.png,ok,បោះដុំ-លក់រាយ សម្ភារៈផ្ទះបាយ គ្រឿងជ័រ និងគ្រឿងអគ្គិសនីគ្រប់ប្រភេទ,"[2739, 1194, 3742, 1397]",
L3I_IMG_1388.jpg,crops/L3I_IMG_1388_r1.png,ok,ខៀវ សុផារី,"[240, 338, 1426, 723]",
L3I_IMG_1388.jpg,crops/L3I_IMG_1388_r2.png,ok,ហាងលក់ទូរស័ព្ទដៃទំនើប,"[1529, 277, 2308, 457]",
L3I_IMG_1388.jpg,crops/L3I_IMG_1388_r3.png,ok,ប្រូម៉ូសិនចុងឆ្នាំពី,"[470, 1246, 986, 1402]",
L3I_IMG_1387.jpg,crops/L3I_IMG_1387_r1.png,ok,ពេទ្យធ្មេញ ហាំ វី,"[562, 977, 1794, 1195]",
L3I_IMG_1386.jpg,crops/L3I_IMG_1386_r1.png,ok,ជាង ជ្រូក,"[649, 440, 1793, 792]",
L3I_IMG_1386.jpg,crops/L3I_IMG_1386_r2.png,ok,ហាងលក់ទូរស័ព្ទដៃទំនើប,"[1858, 425, 2562, 561]",
L3I_IMG_1386.jpg,crops/L3I_IMG_1386_r3.png,ok,ភូមិលាច ឃុំលាច ស្រុកភ្នំក្រវាញ ខេត្តពោធិ៍សាត់,"[1813, 589, 2607, 688]",
L3I_IMG_1386.jpg,crops/L3I_IMG_1386_r4.png,ok,ស្រីពៅអូន,"[2747, 133, 3884, 434]",
L3I_IMG_1386.jpg,crops/L3I_IMG_1386_r5.png,ok,ប្រូម៉ូសិនចុងឆ្នាំពី,"[740, 1405, 1274, 1561]",
L3I_IMG_1385.jpg,crops/L3I_IMG_1385_r1.png,ok,មានលក់ទូរស័ព្ទដៃទំនើប,"[626, 507, 1248, 658]",
L3I_IMG_1385.jpg,crops/L3I_IMG_1385_r2.png,ok,ស្រីពៅអូន,"[1485, 111, 2547, 464]",
L3I_IMG_1385.jpg,crops/L3I_IMG_1385_r3.png,ok,ហាងលក់ទូរស័ព្ទ,"[2545, 21, 3286, 232]",
L3I_IMG_1384.jpg,crops/L3I_IMG_1384_r1.png,ok,ជាង ម៉ៅ,"[383, 640, 952, 848]",
L3I_IMG_1384.jpg,crops/L3I_IMG_1384_r2.png,ok,លក់ និង ជួសជុល ឧបករណ៍,"[984, 635, 1501, 722]",
L3I_IMG_1384.jpg,crops/L3I_IMG_1384_r3.png,ok,អេឡិចត្រូនិចគ្រប់ប្រភេទ,"[950, 715, 1507, 808]",
L3I_IMG_1384.jpg,crops/L3I_IMG_1384_r4.png,ok,ភូមិលាច ឃុំលាច ស្រុកភ្នំក្រវាញ,"[1648, 589, 2108, 682]",
L3I_IMG_1384.jpg,crops/L3I_IMG_1384_r5.png,ok,ខេត្តពោធិ៍សាត់,"[1865, 669, 2114, 721]",
L3I_IMG_1384.jpg,crops/L3I_IMG_1384_r6.png,ok,ម៉ាស៊ីនត្រជាក់ LG ជម្រើសល្អបំផុត,"[835, 182, 1272, 253]",
L3I_IMG_1384.jpg,crops/L3I_IMG_1384_r7.png,ok,ជួយ សន្សំសំចៃ អ្នកច្រើនជាងគេ,"[841, 245, 1266, 316]",
L3I_IMG_1384.jpg,crops/L3I_IMG_1384_r8.png,ok,បច្ចេកវិទ្យាចុងក្រោ,"[2626, 1245, 3083, 1325]",
L3I_IMG_1384.jpg,crops/L3I_IMG_1384_r9.png,ok,អារុណា,"[2843, 1901, 2993, 1964]",
L3I_IMG_1384.jpg,crops/L3I_IMG_1384_r10.png,ok,ផ្ទះសំណាក់,"[2834, 1842, 2986, 1897]",
L3I_IMG_1383.jpg,crops/L3I_IMG_1383_r1.png,ok,អាំង ហូមា,"[607, 669, 1181, 902]",
L3I_IMG_1383.jpg,crops/L3I_IMG_1383_r2.png,ok,មានលក់ភេសជ្ជៈគ្រប់មុខ,"[659, 908, 1140, 995]",
L3I_IMG_1383.jpg,crops/L3I_IMG_1383_r3.png,ok,ផ្សារភ្នំក្រវាញ ស្រុកភ្នំក្រវាញ ខេត្តពោធិ៍សាត់,"[864, 1024, 1628, 1147]",
L3I_IMG_1382.jpg,crops/L3I_IMG_1382_r1.png,ok,បើកគណនី,"[970, 284, 1298, 392]",
L3I_IMG_1382.jpg,crops/L3I_IMG_1382_r2.png,ok,វីង,"[531, 292, 930, 649]",
L3I_IMG_1382.jpg,crops/L3I_IMG_1382_r3.png,ok,បញ្ចូលលុយទូរស័ព្ទ,"[954, 384, 1385, 501]",
L3I_IMG_1382.jpg,crops/L3I_IMG_1382_r4.png,ok,បើកប្រាក់ខែ,"[939, 536, 1251, 620]",
L3I_IMG_1382.jpg,crops/L3I_IMG_1382_r5.png,ok,ដាក់ប្រាក់/ដកប្រាក់,"[1436, 264, 1907, 363]",
L3I_IMG_1382.jpg,crops/L3I_IMG_1382_r6.png,ok,វេរលុយក្នុង/ក្រៅប្រទេស,"[1430, 367, 1981, 497]",
L3I_IMG_1382.jpg,crops/L3I_IMG_1382_r7.png,ok,បង់វិក្កយបត្រផ្សេងៗ,"[1383, 510, 1916, 626]",
L3I_IMG_1382.jpg,crops/L3I_IMG_1382_r8.png,ok,ចំណាយតិច រហ័ស និងមានសុវត្ថិភាព,"[717, 665, 1742, 807]",
L3I_IMG_1382.jpg,crops/L3I_IMG_1382_r9.png,ok,ហោ វណ្ណី,"[1272, 825, 1893, 1023]",
L3I_IMG_1382.jpg,crops/L3I_IMG_1382_r10.png,ok,ភូមិលាច ឃុំលាច ស្រុកភ្នំក្រវាញ ខេត្តពោធិ៍សាត់,"[1129, 1050, 1981, 1134]",
L3I_IMG_1382.jpg,crops/L3I_IMG_1382_r11.png,ok,លេខទូរស័ព្ទ៖ 011 578 372,"[1231, 1126, 1771, 1222]",
L3I_IMG_1381.jpg,crops/L3I_IMG_1381_r1.png,ok,ទ្រី សាន ហេង ហាក់,"[1119, 634, 2502, 837]",
L3I_IMG_1381.jpg,crops/L3I_IMG_1381_r2.png,ok,មានលក់គ្រឿងបន្លាស់ត្រាក់ទ័រ គោយន្ត ប៉ាដាង និងហឺ្វត,"[1184, 783, 2465, 936]",
L3I_IMG_1380.jpg,crops/L3I_IMG_1380_r1.png,ok,ហោ ចំរើន,"[1388, 350, 2047, 546]",
L3I_IMG_1380.jpg,crops/L3I_IMG_1380_r2.png,ok,មានលក់: ម៉ាស៊ីនបាញ់ថ្នាំ កាត់ស្មៅ ម៉ូទ័របូមទឹក ម៉ូទ័រ និងគ្រឿងបន្លាស់គ្រប់ប្រភេទ,"[888, 477, 2607, 688]",
L3I_IMG_1380.jpg,crops/L3I_IMG_1380_r3.png,ok,ស្រុកក្រវាញ ខេត្តពោធិ៍សាត់,"[1014, 843, 1457, 927]",
L3I_IMG_1379.jpg,crops/L3I_IMG_1379_r1.png,ok,សា លា ប ឋ ម សិ ក្សា លា ច,"[1044, 1052, 2211, 1270]",
L3I_IMG_1379.jpg,crops/L3I_IMG_1379_r2.png,ok,ឃុំលាច ស្រុកភ្នំក្រវាញ,"[1755, 1194, 2196, 1296]",
L3I_IMG_1379.jpg,crops/L3I_IMG_1379_r3.png,ok,ការពារខ្លួនឥឡូវនេះ កុំចាំស្អែក,"[1762, 1896, 2136, 2046]",
L3I_IMG_1379.jpg,crops/L3I_IMG_1379_r4.png,ok,កសាងឆ្នាំ,"[2354, 1597, 2584, 1703]",
L3I_IMG_1379.jpg,crops/L3I_IMG_1379_r5.png,ok,២ ៥ ៤ ៤,"[2575, 1560, 2813, 1629]",
L3I_IMG_1379.jpg,crops/L3I_IMG_1379_r6.png,ok,ទីស្នាក់ការ,"[1355, 1920, 1466, 1964]",
L3I_IMG_1378.jpg,crops/L3I_IMG_1378_r1.png,ok,ខេត្តពោធិ៍សាត់,"[1281, 1132, 1636, 1218]",
L3I_IMG_1378.jpg,crops/L3I_IMG_1378_r2.png,ok,សាលាស្រុក ភ្នំក្រវាញ,"[1283, 1201, 2316, 1360]",
L3I_IMG_1377.jpg,crops/L3I_IMG_1377_r1.png,ok,គណបក្ស ប្រជាជនកម្ពុជា,"[1069, 1073, 1685, 1175]",
L3I_IMG_1377.jpg,crops/L3I_IMG_1377_r2.png,ok,ស្រុកភ្នំក្រវាញ,"[1301, 1194, 1475, 1261]",
L3I_IMG_1376.jpg,crops/L3I_IMG_1376_r1.png,ok,សុខជា សុភាព,"[2129, 284, 3085, 533]",
L3I_IMG_1376.jpg,crops/L3I_IMG_1376_r2.png,ok,មានលក់ភេសជ្ជៈគ្រប់មុខ,"[2329, 501, 2895, 636]",
L3I_IMG_1375.jpg,crops/L3I_IMG_1375_r1.png,ok,ម៉ាក់ បញ្ញា,"[714, 589, 1334, 754]",
L3I_IMG_1375.jpg,crops/L3I_IMG_1375_r2.png,ok,មានលក់បោះដុំ-រាយ គ្រឿងទេស និងភេសជ្ជៈគ្រប់មុខ,"[519, 752, 1390, 840]",
L3I_IMG_1375.jpg,crops/L3I_IMG_1375_r3.png,ok,ស្រុកភ្នំក្រវាញ គ.ម 28,"[591, 905, 1353, 1036]",
L3I_IMG_1375.jpg,crops/L3I_IMG_1375_r4.png,ok,ពិសារដោយការទទួលខុសត្រូវ,"[1179, 1030, 1485, 1074]",
L3I_IMG_1374.jpg,crops/L3I_IMG_1374_r1.png,ok,អាហារដ្ឋាន,"[454, 1945, 670, 2054]",
L3I_IMG_1374.jpg,crops/L3I_IMG_1374_r2.png,ok,វាលវែងថ្មី ( អុី ហេវ ),"[542, 2052, 1144, 2189]",
L3I_IMG_1374.jpg,crops/L3I_IMG_1374_r3.png,ok,ស្រុកវាលវែង គ.ម 110,"[635, 2215, 1032, 2333]",
L3I_IMG_1373.jpg,crops/L3I_IMG_1373_r1.png,ok,ភោជនីយដ្ឋាន & KTV 168,"[1276, 1286, 2737, 1580]",
L3I_IMG_1373.jpg,crops/L3I_IMG_1373_r2.png,ok,មានលក់ បាយម្ហូបកម៉្មង់គ្រប់មុខ និងលក់ភេជ្ជៈគ្រប់មុខ,"[1481, 1509, 2533, 1687]",
L3I_IMG_1372.jpg,crops/L3I_IMG_1372_r1.png,ok,ពិសិទ្ធ ស្រី ( កូនយាយការ៉េម ),"[691, 1750, 2017, 2142]",
L3I_IMG_1372.jpg,crops/L3I_IMG_1372_r2.png,ok,មានលក់ភេសជ្ជៈគ្រប់មុខ,"[1184, 2057, 1622, 2189]",
L3I_IMG_1372.jpg,crops/L3I_IMG_1372_r3.png,ok,ស្រុកវាលវែង គ.ម 110,"[1016, 2187, 1808, 2426]",
L3I_IMG_1371.jpg,crops/L3I_IMG_1371_r1.png,ok,អាន សាមន,"[1193, 2192, 1943, 2551]",
L3I_IMG_1371.jpg,crops/L3I_IMG_1371_r2.png,ok,ភូមិប្រម៉ោយ ឃុំប្រម៉ោយ,"[1964, 2326, 2263, 2458]",
L3I_IMG_1371.jpg,crops/L3I_IMG_1371_r3.png,ok,ស្រុកវាលវែង ខេត្តពោធិ៍សាត់,"[1955, 2419, 2291, 2542]",
L3I_IMG_1371.jpg,crops/L3I_IMG_1371_r4.png,ok,(ខាងលិចផ្សារប្រម៉ោយ ២០០ម៉ែត្រ),"[1955, 2498, 2319, 2649]",
L3I_IMG_1371.jpg,crops/L3I_IMG_1371_r5.png,ok,មានលក់ និងជួសជុល ម៉ូទ័រ ឌីណាម៉ូ ដេម៉ារិ គ្រប់ធុន លក់អាគុយ ហើយមានបរិក្ខាអគ្គិសនីគ្រប់ប្រភេទ,"[668, 2317, 2319, 2704]",
L3I_IMG_1370.jpg,crops/L3I_IMG_1370_r1.png,ok,បញ្ចូលលុយទូរស័ព្ទ,"[106, 1328, 772, 1645]",
L3I_IMG_1370.jpg,crops/L3I_IMG_1370_r2.png,ok,ដាក់ប្រាក់/ដកប្រាក់,"[974, 1537, 1566, 1789]",
L3I_IMG_1370.jpg,crops/L3I_IMG_1370_r3.png,ok,បើកគណនី,"[87, 1574, 507, 1789]",
L3I_IMG_1370.jpg,crops/L3I_IMG_1370_r4.png,ok,បើកប្រាក់ខែ,"[1170, 1792, 1562, 1947]",
L3I_IMG_1370.jpg,crops/L3I_IMG_1370_r5.png,ok,បង់វិក្តយបត្រផ្សេងៗ,"[97, 1764, 707, 1938]",
L3I_IMG_1370.jpg,crops/L3I_IMG_1370_r6.png,ok,វេរលុយក្នុង/ក្រៅប្រទេស,"[1016, 1894, 1557, 2110]",
L3I_IMG_1370.jpg,crops/L3I_IMG_1370_r7.png,ok,ចំណាយតិច រហ័ស និងមានសុវត្ថិភាព,"[343, 1922, 1385, 2194]",
L3I_IMG_1370.jpg,crops/L3I_IMG_1370_r8.png,ok,ចាន់ ដាវុធ,"[765, 2257, 1478, 2472]",
L3I_IMG_1370.jpg,crops/L3I_IMG_1370_r9.png,ok,វីង,"[765, 1629, 990, 1893]",
L3I_IMG_1369.jpg,crops/L3I_IMG_1369_r1.png,ok,ចុងភៅ គីម សាន,"[580, 1197, 1046, 1450]",
L3I_IMG_1369.jpg,crops/L3I_IMG_1369_r2.png,ok,មានទទួលធ្វើ ម្ហូបការ បុណ្យ,"[505, 1393, 995, 1548]",
L3I_IMG_1369.jpg,crops/L3I_IMG_1369_r3.png,ok,ជប់លៀង ខួបកំណើត ឡើងគេហដ្ឋាន,"[445, 1481, 1028, 1612]",
L3I_IMG_1369.jpg,crops/L3I_IMG_1369_r4.png,ok,កម្មវិធីផ្សេងៗ និងមានជួលតុ ជួលរោង កៅអី,"[422, 1550, 1042, 1729]",
L3I_IMG_1368.jpg,crops/L3I_IMG_1368_r1.png,ok,យានដ្ឋាន គីម ហ៊ុយ,"[519, 2424, 967, 2570]",
L3I_IMG_1368.jpg,crops/L3I_IMG_1368_r2.png,ok,ជួសជុលរថយន្តគ្រប់ធុន និងប្តូរគ្រឿងបន្លាស់គ្រប់ប្រភេទ ជួសជុលម៉ាស៊ីន,"[779, 2558, 1246, 2635]",
L3I_IMG_1368.jpg,crops/L3I_IMG_1368_r3.png,ok,គ្រឿងក្រោម តប្រព័ន្ធភ្លើង តោន បាញ់ថ្នាំ ស្កេន័រ និងប្តូរប្រេងម៉ាស៊ីនគ្រប់ប្រភេទ,"[775, 2614, 1288, 2704]",
L3I_IMG_1368.jpg,crops/L3I_IMG_1368_r4.png,ok,អាស័យដ្ឋាន: ប្រម៉ោយ វាលវែង,"[482, 2670, 846, 2774]",
L3I_IMG_1368.jpg,crops/L3I_IMG_1368_r5.png,ok,ផលិតផលអាល្លឺម៉ង់,"[268, 2521, 512, 2579]",
L3I_IMG_1368.jpg,crops/L3I_IMG_1368_r6.png,ok,គុណភាពអាល្លឺម៉ង់,"[268, 2568, 503, 2649]",
L3I_IMG_1367.jpg,crops/L3I_IMG_1367_r1.png,ok,បន្ទប់ថែទាំមាត់ធ្មេញ,"[1328, 1941, 1748, 2101]",
L3I_IMG_1367.jpg,crops/L3I_IMG_1367_r2.png,ok,ឡេង ម៉ាឡែន,"[1328, 2080, 1752, 2231]",
L3I_IMG_1367.jpg,crops/L3I_IMG_1367_r3.png,ok,ដក និងដាក់ធ្មេញគ្រប់ប្រភេទ,"[1337, 2540, 1757, 2658]",
L3I_IMG_1367.jpg,crops/L3I_IMG_1367_r4.png,ok,អាសយដ្ឋាន: ភូមិប្រម៉ោយ ឃុំប្រម៉ោយ,"[807, 2154, 1316, 2342]",
L3I_IMG_1367.jpg,crops/L3I_IMG_1367_r5.png,ok,យានដ្ឋាន អង់ ផាន់ ណា,"[2145, 2466, 2430, 2574]",
L3I_IMG_1367.jpg,crops/L3I_IMG_1367_r6.png,ok,សេង ជាឡុង,"[1713, 3232, 2031, 3332]",
L3I_IMG_1366.jpg,crops/L3I_IMG_1366_r1.png,ok,ដាលី ម៉ាក់មង្គល,"[784, 2140, 1334, 2430]",
L3I_IMG_1366.jpg,crops/L3I_IMG_1366_r2.png,ok,លក់សំលៀកបំពាក់កូនក្មេង សំភារ:ទារក និងអីវ៉ាន់ត្រៀមសម្រាលកូនគ្រប់ប្រភេទ,"[612, 2331, 1446, 2533]",
L3I_IMG_1365.jpg,crops/L3I_IMG_1365_r1.png,ok,អាហារដ្ឋាន ស្រីពេជ្រ វាលវែង,"[1360, 1755, 2458, 2138]",
L3I_IMG_1365.jpg,crops/L3I_IMG_1365_r2.png,ok,ស្រុកវាលវែង គ.ម 109,"[1541, 2205, 2156, 2435]",
L3I_IMG_1365.jpg,crops/L3I_IMG_1365_r3.png,ok,ផ្ទះសំណាក់,"[8, 1838, 461, 2077]",
L3I_IMG_1365.jpg,crops/L3I_IMG_1365_r4.png,ok,ស្រីអូន,"[55, 2024, 428, 2249]",
L3I_IMG_1364.jpg,crops/L3I_IMG_1364_r1.png,ok,បោះពុម្ព និងស្លាកយីហោ,"[1420, 1941, 1906, 2217]",
L3I_IMG_1364.jpg,crops/L3I_IMG_1364_r2.png,ok,សាន្នី,"[1081, 1880, 1418, 2375]",
L3I_IMG_1364.jpg,crops/L3I_IMG_1364_r3.png,ok,ហាងលក់ទូរស័ព្ទដៃទំនើប,"[0, 1834, 772, 2217]",
L3I_IMG_1364.jpg,crops/L3I_IMG_1364_r4.png,ok,លឿនជាងគេបំផុត,"[842, 3399, 1206, 3513]",
L3I_IMG_1364.jpg,crops/L3I_IMG_1364_r5.png,ok,ស្ដាប់ចម្រៀង ស្ដាប់លើ,"[1894, 3399, 2217, 3527]",
L3I_IMG_1363.jpg,crops/L3I_IMG_1363_r1.png,ok,សាន្នី,"[347, 2182, 498, 2509]",
L3I_IMG_1363.jpg,crops/L3I_IMG_1363_r2.png,ok,ហាងលក់ទូរស័ព្ទដៃទំនើប,"[477, 2247, 665, 2403]",
L3I_IMG_1363.jpg,crops/L3I_IMG_1363_r3.png,ok,ផ្ទះសំណាក់,"[1513, 2842, 1748, 2951]",
L3I_IMG_1363.jpg,crops/L3I_IMG_1363_r4.png,ok,ណាផាន្នី,"[1513, 2935, 1752, 3067]",
L3I_IMG_1363.jpg,crops/L3I_IMG_1363_r5.png,ok,ពន្លឺព្រះវិហារ បោះពុម្ព,"[333, 3357, 600, 3429]",
L3I_IMG_1363.jpg,crops/L3I_IMG_1363_r6.png,ok,និងស្លាកយីហោ,"[50, 2224, 252, 2407]",
L3I_IMG_1362.jpg,crops/L3I_IMG_1362_r1.png,ok,ចែ មុំ,"[402, 878, 664, 1060]",
L3I_IMG_1362.jpg,crops/L3I_IMG_1362_r2.png,ok,ស្រុកភ្នំក្រវាញ គ.ម 12,"[216, 1095, 825, 1234]",
L3I_IMG_1361.jpg,crops/L3I_IMG_1361_r1.png,ok,អ៉ី ហ៊ុន,"[292, 2071, 484, 2133]",
L3I_IMG_1361.jpg,crops/L3I_IMG_1361_r2.png,ok,ក្រុងពោធិ៍សាត់ គ.ម 12,"[250, 2173, 535, 2240]",
L3I_IMG_1361.jpg,crops/L3I_IMG_1361_r3.png,ok,ចែ ភ័ក្រ្ត,"[2572, 2034, 2770, 2115]",
L3I_IMG_1361.jpg,crops/L3I_IMG_1361_r4.png,ok,ក្រុងពោធិ៍សាត់ គ.ម,"[2535, 2140, 2723, 2198]",
L3I_IMG_1360.jpg,crops/L3I_IMG_1360_r1.png,ok,ញែម រិទ្ធី,"[1777, 1789, 2101, 1902]",
L3I_IMG_1360.jpg,crops/L3I_IMG_1360_r2.png,ok,ក្រុងពោធិ៍សាត់ គ.ម ៧,"[1739, 1913, 2150, 2039]",
L3I_IMG_1359.jpg,crops/L3I_IMG_1359_r1.png,ok,ហាងផ្លែឈើ ស្រី មុំ,"[736, 3025, 2767, 3523]",
L3I_IMG_1358.jpg,crops/L3I_IMG_1358_r1.png,ok,វិថី ឧកញ៉ាហ៊ីង ប៉ែន,"[539, 687, 771, 773]",
L3I_IMG_1357.jpg,crops/L3I_IMG_1357_r1.png,ok,ឈ្នះមាស,"[977, 2235, 2431, 2693]",
L3I_IMG_1357.jpg,crops/L3I_IMG_1357_r2.png,ok,តម្លឹង,"[1666, 2677, 2117, 3061]",
L3I_IMG_1357.jpg,crops/L3I_IMG_1357_r3.png,ok,រីករាយអបអរជាមួយសហគមន៍អ្នក,"[1010, 3574, 2719, 3884]",
L3I_IMG_1356.jpg,crops/L3I_IMG_1356_r1.png,ok,ទិញអស់,"[287, 220, 1327, 838]",
L3I_IMG_1356.jpg,crops/L3I_IMG_1356_r2.png,ok,ទទួលបានបង្វិលកងយករង្វាន់ និង,"[337, 826, 2786, 1193]",
L3I_IMG_1356.jpg,crops/L3I_IMG_1356_r3.png,ok,សន្លឹកឆ្នោតចាប់រង្វាន់ធំ,"[829, 1110, 2505, 1528]",
L3I_IMG_1355.jpg,crops/L3I_IMG_1355_r1.png,ok,ទ្រុងសម្រាប់ដាក់ស្តុក,"[943, 2376, 1996, 2693]",
L3I_IMG_1355.jpg,crops/L3I_IMG_1355_r2.png,ok,អីវ៉ាន់,"[984, 2743, 1394, 2960]",
L3I_IMG_1354.jpg,crops/L3I_IMG_1354_r1.png,ok,អំពូលលើតុសាកថ្ម,"[950, 2871, 2157, 3362]",
L3I_IMG_1353.jpg,crops/L3I_IMG_1353_r1.png,ok,ដើម្បីធ្វើការទិញសូមទំនាក់ទំនងទៅកាន់,"[26, 950, 2697, 1440]",
L3I_IMG_1353.jpg,crops/L3I_IMG_1353_r2.png,ok,បុគ្គលិកឬកន្លែងគិតប្រាក់។ សូមអរគុណ,"[66, 1372, 2719, 1675]",
L3I_IMG_1352.jpg,crops/L3I_IMG_1352_r1.png,ok,សូមប្រយ័ត្ន,"[1441, 1476, 2264, 1992]",
L3I_IMG_1352.jpg,crops/L3I_IMG_1352_r2.png,ok,ហាមប៉ះ,"[1543, 1780, 2077, 2188]",
L3I_IMG_1401.jpg,crops/L3I_IMG_1401_r1.png,ok,ចែ ម៉ៅ,"[1852, 315, 2461, 660]",
L3I_IMG_1401.jpg,crops/L3I_IMG_1401_r2.png,ok,ស្រុកភ្នំក្រវាញ គ.ម 18,"[1721, 719, 2636, 1002]",
L3I_IMG_1450.jpg,crops/L3I_IMG_1450_r1.png,ok,អាគារសម្រាប់ជួល,"[173, 907, 553, 1048]",
L3I_IMG_1450.jpg,crops/L3I_IMG_1450_r2.png,ok,ក្បែរស្តុបអាងទឹកអូឡាំពិក,"[212, 1003, 510, 1095]",
L3I_IMG_1449.jpg,crops/L3I_IMG_1449_r1.png,ok,គ្វីហ្ស៊ីន វត្តដំណាក់,"[191, 532, 803, 694]",
L3I_IMG_1448.jpg,crops/L3I_IMG_1448_r1.png,ok,ច្រកចេញ,"[101, 158, 323, 428]",
L3I_IMG_1448.jpg,crops/L3I_IMG_1448_r2.png,ok,ច្រក,"[740, 140, 931, 360]",
L3I_IMG_1447.jpg,crops/L3I_IMG_1447_r1.png,ok,ខួបទី,"[480, 717, 539, 773]",
L3I_IMG_1447.jpg,crops/L3I_IMG_1447_r2.png,ok,៧០,"[537, 709, 604, 766]",
L3I_IMG_1447.jpg,crops/L3I_IMG_1447_r3.png,ok,បុណ្យឯករាជ្យជាតិ,"[605, 718, 756, 772]",
L3I_IMG_1446.jpg,crops/L3I_IMG_1446_r1.png,ok,ដយឆាងកាហ្វេ,"[281, 331, 769, 476]",
L3I_IMG_1445.jpg,crops/L3I_IMG_1445_r1.png,ok,អាហារដ្ឋាន,"[373, 321, 529, 399]",
L3I_IMG_1445.jpg,crops/L3I_IMG_1445_r2.png,ok,ហេងជៀន,"[371, 371, 607, 473]",
L3I_IMG_1445.jpg,crops/L3I_IMG_1445_r3.png,ok,មានលក់បាយ គុយទាវ,"[373, 432, 603, 505]",
L3I_IMG_1445.jpg,crops/L3I_IMG_1445_r4.png,ok,និងកាហ្វេ,"[429, 468, 545, 525]",
L3I_IMG_1444.jpg,crops/L3I_IMG_1444_r1.png,ok,កំពង់ធំ,"[376, 1202, 494, 1249]",
L3I_IMG_1444.jpg,crops/L3I_IMG_1444_r2.png,ok,កណ្តាល,"[776, 931, 832, 961]",
L3I_IMG_1443.jpg,crops/L3I_IMG_1443_r1.png,ok,សូមស្វាគមន៍,"[638, 686, 1077, 817]",
L3I_IMG_1442.jpg,crops/L3I_IMG_1442_r1.png,ok,ស្ថានីយចេញដំណើរ,"[454, 386, 591, 428]",
L3I_IMG_1442.jpg,crops/L3I_IMG_1442_r2.png,ok,ស្ថានីយចេញដំណើរ,"[148, 383, 300, 421]",
L3I_IMG_1442.jpg,crops/L3I_IMG_1442_r3.png,ok,ស្ថានីយដំណើរមកដល់,"[711, 392, 848, 434]",
L3I_IMG_1441.jpg,crops/L3I_IMG_1441_r1.png,ok,លក់សំលៀកបំពាក់បុរស,"[427, 943, 936, 1169]",
L3I_IMG_1441.jpg,crops/L3I_IMG_1441_r2.png,ok,ទាន់សម័យ,"[527, 1101, 814, 1269]",
L3I_IMG_1440.jpg,crops/L3I_IMG_1440_r1.png,ok,វិហារព្រះម៉ែ,"[577, 412, 667, 445]",
L3I_IMG_1439.jpg,crops/L3I_IMG_1439_r1.png,ok,រទេះរុញអីវ៉ាន់,"[448, 390, 690, 500]",
L3I_IMG_1438.jpg,crops/L3I_IMG_1438_r1.png,ok,ក្រុមហ៊ុន រ៉ូយ៉ាល់ រេលវេ,"[424, 646, 1058, 759]",
L3I_IMG_1438.jpg,crops/L3I_IMG_1438_r2.png,ok,ស្ថានីយរថភ្លើង កំពត,"[530, 826, 958, 912]",
L3I_IMG_1438.jpg,crops/L3I_IMG_1438_r3.png,ok,រ៉ូយ៉ាល់គ្រុប,"[665, 546, 862, 621]",
L3I_IMG_1437.jpg,crops/L3I_IMG_1437_r1.png,ok,ធឺតធូលីអា,"[564, 593, 764, 674]",
L3I_IMG_1436.jpg,crops/L3I_IMG_1436_r1.png,ok,ដាក់អ្នកដំណើរចុះ,"[129, 531, 245, 587]",
L3I_IMG_1436.jpg,crops/L3I_IMG_1436_r2.png,ok,រថយន្តក្រុង,"[132, 606, 197, 645]",
L3I_IMG_1436.jpg,crops/L3I_IMG_1436_r3.png,ok,រ៉ឺម៉កកង់បី,"[552, 587, 655, 636]",
L3I_IMG_1436.jpg,crops/L3I_IMG_1436_r4.png,ok,អ្នកមានកាតស្វាយ,"[371, 576, 474, 625]",
L3I_IMG_1435.jpg,crops/L3I_IMG_1435_r1.png,ok,តាកែវ,"[473, 220, 744, 377]",
L3I_IMG_1434.jpg,crops/L3I_IMG_1434_r1.png,ok,ក្រុមហ៊ុន រ៉ូយ៉ាល់ រេលវេ,"[658, 0, 1163, 81]",
L3I_IMG_1434.jpg,crops/L3I_IMG_1434_r2.png,ok,ស្ថានីយរថភ្លើង ក្រុងតាកែវ,"[709, 134, 1101, 206]",
L3I_IMG_1433.jpg,crops/L3I_IMG_1433_r1.png,ok,ចំណតរថភ្លើង,"[335, 560, 575, 631]",
L3I_IMG_1433.jpg,crops/L3I_IMG_1433_r2.png,ok,អ្នកដំណើរ,"[332, 629, 572, 700]",
L3I_IMG_1432.jpg,crops/L3I_IMG_1432_r1.png,ok,កំពត រីវើ រេស៊ីឌិន,"[434, 490, 798, 611]",
L3I_IMG_1431.jpg,crops/L3I_IMG_1431_r1.png,ok,ភ្នំពេញ,"[354, 208, 587, 298]",
L3I_IMG_1430.jpg,crops/L3I_IMG_1430_r1.png,ok,ត្រូវនឹងថ្ងៃចន្ទ,"[705, 10, 1278, 220]",
L3I_IMG_1429.jpg,crops/L3I_IMG_1429_r1.png,ok,អត្ថប្រយោជន៍,"[176, 569, 291, 603]",
L3I_IMG_1429.jpg,crops/L3I_IMG_1429_r2.png,ok,ពិសេសរបស់,"[171, 600, 283, 634]",
L3I_IMG_1429.jpg,crops/L3I_IMG_1429_r3.png,ok,ក្លាយជាទីប្រឹក្សាឆ្នើម,"[276, 956, 544, 1067]",
L3I_IMG_1429.jpg,crops/L3I_IMG_1429_r4.png,ok,ឥតដែនកំណត់,"[213, 744, 284, 765]",
L3I_IMG_1429.jpg,crops/L3I_IMG_1429_r5.png,ok,ចំណូលខ្ពស់ធៀបនឹងទីផ្សារ,"[219, 713, 322, 740]",
L3I_IMG_1429.jpg,crops/L3I_IMG_1429_r6.png,ok,និងប្រាក់លើកទឹកចិត្ត,"[215, 730, 316, 754]",
L3I_IMG_1428.jpg,crops/L3I_IMG_1428_r1.png,ok,បាសាក់ កាហ្វេ,"[562, 212, 758, 277]",
L3I_IMG_1427.jpg,crops/L3I_IMG_1427_r1.png,ok,សុខា,"[120, 630, 375, 724]",
L3I_IMG_1427.jpg,crops/L3I_IMG_1427_r2.png,ok,ជ្រូកកណ្តុរ អាំងពិសេស,"[47, 712, 436, 772]",
L3I_IMG_1426.jpg,crops/L3I_IMG_1426_r1.png,ok,សោមានហៅ (ចែយួន751),"[347, 165, 597, 246]",
L3I_IMG_1426.jpg,crops/L3I_IMG_1426_r2.png,ok,មានហៅ​(ចែយួន),"[0, 41, 225, 307]",
L3I_IMG_1425.jpg,crops/L3I_IMG_1425_r1.png,ok,ចំាសង្សា,"[421, 647, 618, 727]",
L3I_IMG_1425.jpg,crops/L3I_IMG_1425_r2.png,ok,ចាស់,"[448, 727, 599, 785]",
L3I_IMG_1424.jpg,crops/L3I_IMG_1424_r1.png,ok,សាលាខណ្ឌដូនពេញ,"[432, 1056, 800, 1152]",
L3I_IMG_1423.jpg,crops/L3I_IMG_1423_r1.png,ok,វត្ត កែវសិក្ខាគីរីស្វារៈ,"[404, 480, 564, 521]",
L3I_IMG_1423.jpg,crops/L3I_IMG_1423_r2.png,ok,ហៅ វត្ត ប្រាសាទព្រះវិហារ,"[411, 512, 549, 537]",
L3I_IMG_1422.jpg,crops/L3I_IMG_1422_r1.png,ok,កែប5-0008,"[801, 403, 998, 455]",
L3I_IMG_1421.jpg,crops/L3I_IMG_1421_r1.png,ok,ជាងសោរ,"[363, 881, 684, 1030]",
L3I_IMG_1420.jpg,crops/L3I_IMG_1420_r1.png,ok,ហាក់ លីឈាន់ (ការ៉េមមុខវាំង ៣),"[637, 306, 866, 363]",
L3I_IMG_1419.jpg,crops/L3I_IMG_1419_r1.png,ok,កន្លែង,"[443, 800, 495, 839]",
L3I_IMG_1419.jpg,crops/L3I_IMG_1419_r2.png,ok,ផ្ញើម៉ូ,"[442, 837, 495, 880]",
L3I_IMG_1418.jpg,crops/L3I_IMG_1418_r1.png,ok,អង្គការសិក្សាស្រាវជ្រាវ,"[94, 258, 1236, 458]",
L3I_IMG_1418.jpg,crops/L3I_IMG_1418_r2.png,ok,និង,"[582, 439, 771, 568]",
L3I_IMG_1418.jpg,crops/L3I_IMG_1418_r3.png,ok,អភិរក្សសាស្ត្រាស្លឹករឹតខ្មែរ,"[92, 514, 1216, 734]",
L3I_IMG_1417.jpg,crops/L3I_IMG_1417_r1.png,ok,ម៉ាសាលាដូសាស្ត្រីតឃិតឆិន,"[348, 441, 607, 521]",
L3I_IMG_1416.jpg,crops/L3I_IMG_1416_r1.png,ok,សម្តេចព្រះវនរ័ត ណយ ច្រឹក សម្តេចព្រះឧត្តមបញ្ញា ដូងផង់,"[281, 592, 562, 622]",
L3I_IMG_1416.jpg,crops/L3I_IMG_1416_r2.png,ok,សម្តេចព្រះឧត្តមវង្សា មូង រ៉ា ព្រមទាំងពុទ្ធបរិស័ទ,"[280, 612, 549, 638]",
L3I_IMG_1416.jpg,crops/L3I_IMG_1416_r3.png,ok,និងសិស្សានុសិស្សកសាងឧទ្ទិសដល់អ្នកមានឧបការគុណ,"[279, 627, 549, 653]",
L3I_IMG_1415.jpg,crops/L3I_IMG_1415_r1.png,ok,ប្រយ័ត្ន!,"[829, 494, 889, 520]",
L3I_IMG_1415.jpg,crops/L3I_IMG_1415_r2.png,ok,មែកឈើបាក់ ឬ ធ្លាក់,"[828, 565, 915, 590]",
L3I_IMG_1414.jpg,crops/L3I_IMG_1414_r1.png,ok,វត្តឧណ្ណាលោម,"[331, 700, 602, 769]",
L3I_IMG_1413.jpg,crops/L3I_IMG_1413_r1.png,ok,ទឹកជ្រៅ,"[440, 698, 652, 768]",
L3I_IMG_1413.jpg,crops/L3I_IMG_1413_r2.png,ok,ប្រយ័ត្នគ្រោះថ្នាក់,"[352, 753, 742, 822]",
L3I_IMG_1412.jpg,crops/L3I_IMG_1412_r1.png,ok,ចំណត,"[396, 555, 549, 618]",
L3I_IMG_1412.jpg,crops/L3I_IMG_1412_r2.png,ok,ជនពិការ,"[374, 609, 569, 678]",
L3I_IMG_1411.jpg,crops/L3I_IMG_1411_r1.png,ok,ហាមចត,"[382, 540, 598, 613]",
L3I_IMG_1410.jpg,crops/L3I_IMG_1410_r1.png,ok,សណ្តែកខ្មោច,"[281, 852, 363, 876]",
L3I_IMG_1409.jpg,crops/L3I_IMG_1409_r1.png,ok,រសជាតិក្រូចស្រស់ពិតៗ,"[274, 733, 882, 876]",
L3I_IMG_1409.jpg,crops/L3I_IMG_1409_r2.png,ok,និង,"[341, 843, 449, 950]",
L3I_IMG_1409.jpg,crops/L3I_IMG_1409_r3.png,ok,ទឹកផ្លែឈើក្រឡុក,"[889, 717, 1005, 776]",
L3I_IMG_1408.jpg,crops/L3I_IMG_1408_r1.png,ok,ទឹកផ្លែឈើក្រឡុក,"[191, 645, 371, 702]",
L3I_IMG_1408.jpg,crops/L3I_IMG_1408_r2.png,ok,ទឹកក្រូចស្រស់,"[716, 936, 885, 1008]",
L3I_IMG_1408.jpg,crops/L3I_IMG_1408_r3.png,ok,ក្រូចពោធិ៍សាត់,"[706, 648, 844, 695]",
L3I_IMG_1407.jpg,crops/L3I_IMG_1407_r1.png,ok,ភូមិ នំបញ្ចុក,"[334, 342, 510, 424]",
L3I_IMG_1406.jpg,crops/L3I_IMG_1406_r1.png,ok,ឡារីតា,"[515, 539, 643, 637]",
L3I_IMG_1405.jpg,crops/L3I_IMG_1405_r1.png,ok,សៀមរាប,"[359, 649, 491, 686]",
L3I_IMG_1404.jpg,crops/L3I_IMG_1404_r1.png,ok,ផ្សារលើធំថ្មី,"[556, 252, 708, 313]",
L3I_IMG_1403.jpg,crops/L3I_IMG_1403_r1.png,ok,បម្រើសេវាកម្មដោយខ្លួនឯង,"[194, 808, 344, 855]",
L3I_IMG_1402.jpg,crops/L3I_IMG_1402_r1.png,ok,លី ម៉េង,"[1870, 1334, 2338, 1617]",
L3I_IMG_1402.jpg,crops/L3I_IMG_1402_r2.png,ok,មជ្ឈមណ្ឌលថ្នាំពណ៍ ប៊េជើរ ខេត្តពោធិ៍សាត់,"[1607, 1356, 2606, 1793]",
L3I_IMG_1402.jpg,crops/L3I_IMG_1402_r3.png,ok,លាយពណ៌ដោយ,"[2705, 1848, 3005, 1982]",
L3I_IMG_1402.jpg,crops/L3I_IMG_1402_r4.png,ok,ប្រព័ន្ធកុំព្យូទ័រ,"[2700, 1905, 3010, 2030]",
L3I_IMG_1402.jpg,crops/L3I_IMG_1402_r5.png,ok,តាមតម្រូវការ របស់លោកអ្នក,"[2661, 1949, 3084, 2144]",
L3I_IMG_1402.jpg,crops/L3I_IMG_1402_r6.png,ok,ផ្ទះលេខ178 ផ្លូវ146 ភូមិពោធិ៍អណ្តោត សង្កាត់រលាប ក្រុង/ខេត្តពោធិ៍សាត់,"[812, 1769, 2443, 2263]",
L3I_IMG_1451.jpg,crops/L3I_IMG_1451_r1.png,ok,សារមន្ទីរជាតិ,"[352, 635, 553, 693]",
L3I_IMG_1452.jpg,crops/L3I_IMG_1452_r1.png,ok,អាទីហ្សង់,"[388, 506, 569, 577]",
L3I_IMG_1453.jpg,crops/L3I_IMG_1453_r1.png,ok,សា លា រៀន គៀត មិញ,"[479, 637, 935, 714]",
L3I_IMG_1454.jpg,crops/L3I_IMG_1454_r1.png,ok,សម្លៀកបំពាក់,"[719, 649, 920, 732]",
L3I_IMG_1454.jpg,crops/L3I_IMG_1454_r2.png,ok,ផលិតនៅខេត្តកំពត,"[688, 728, 963, 801]",
L3I_IMG_1454.jpg,crops/L3I_IMG_1454_r3.png,ok,កាហ្វេ,"[298, 395, 595, 572]",
L3I_IMG_1455.jpg,crops/L3I_IMG_1455_r1.png,ok,ខេនឌី ផេបភឺ,"[390, 655, 1008, 800]",
L3I_IMG_1456.jpg,crops/L3I_IMG_1456_r1.png,ok,ការិយាល័យអប់រំ យុវជន និងកីឡា,"[120, 383, 405, 417]",
L3I_IMG_1456.jpg,crops/L3I_IMG_1456_r2.png,ok,សាលាបឋមសិក្សាសម្តេចតា,"[253, 406, 620, 449]",
L3I_IMG_1457.jpg,crops/L3I_IMG_1457_r1.png,ok,សាលារៀនគួងយ៉ុក,"[466, 284, 662, 326]",
L3I_IMG_1458.jpg,crops/L3I_IMG_1458_r1.png,ok,វិហារព្រះម៉ែ,"[611, 414, 717, 449]",
L3I_IMG_1459.jpg,crops/L3I_IMG_1459_r1.png,ok,ដៃគូឆ្លាតវៃ សុវត្ថិភាពខ្ពស់,"[331, 427, 490, 481]",
L3I_IMG_1459.jpg,crops/L3I_IMG_1459_r2.png,ok,ដៃគូឆ្លាតវៃ សុវត្ថិភាពខ្ពស់,"[495, 429, 739, 500]",
L3I_IMG_1459.jpg,crops/L3I_IMG_1459_r3.png,ok,ដៃគូឆ្លាតវៃ សុវត្ថិភាពខ្ពស់,"[743, 451, 871, 523]",
L3I_IMG_1460.jpg,crops/L3I_IMG_1460_r1.png,ok,កំពត,"[335, 69, 506, 160]",
L3I_IMG_1461.jpg,crops/L3I_IMG_1461_r1.png,ok,ស្ថានីយរថភ្លើង ខេត្តតាកែវ សូមស្វាគមន៍!,"[230, 0, 665, 104]",
L3I_IMG_1462.jpg,crops/L3I_IMG_1462_r1.png,ok,ទិញទំនិញ រាប់សែនមុខ,"[464, 416, 686, 465]",
L3I_IMG_1462.jpg,crops/L3I_IMG_1462_r2.png,ok,យ៉ាងងាយស្រួល,"[502, 459, 650, 495]",
L3I_IMG_1462.jpg,crops/L3I_IMG_1462_r3.png,ok,កម្មវិធីកក់សំបុត្រ,"[767, 425, 928, 472]",
L3I_IMG_1463.jpg,crops/L3I_IMG_1463_r1.png,ok,អបអរសាទ ទិវាបុណ្យឯករាជ្យជាតិ,"[400, 744, 718, 796]",
L3I_IMG_1464.jpg,crops/L3I_IMG_1464_r1.png,ok,សិរី មង្គល,"[441, 413, 569, 488]",
L3I_IMG_1465.jpg,crops/L3I_IMG_1465_r1.png,ok,ផ្តល់ឈាម,"[437, 558, 755, 674]",
L3I_IMG_1465.jpg,crops/L3I_IMG_1465_r2.png,ok,ផ្តល់ក្តីស្រលាញ់,"[381, 676, 827, 810]",
L3I_IMG_1465.jpg,crops/L3I_IMG_1465_r3.png,ok,មជ្ឈមណ្ឌលជាតិផ្តល់ឈាម,"[391, 100, 1000, 204]",
L3I_IMG_1466.jpg,crops/L3I_IMG_1466_r1.png,ok,ផ្ទះសំណាក់,"[579, 290, 817, 387]",
L3I_IMG_1466.jpg,crops/L3I_IMG_1466_r2.png,ok,កោះស្តេច ហែម ស៊ីធី,"[571, 335, 983, 458]",
L3I_IMG_1466.jpg,crops/L3I_IMG_1466_r3.png,ok,បន្ទប់គ្រែ០1 កង្ហា$10 បន្ទប់គ្រែ01 ម៉ាស៊ីនត្រជាក់$15,"[578, 480, 986, 525]",
L3I_IMG_1467.jpg,crops/L3I_IMG_1467_r1.png,ok,ប្រាសាទព្រះអង្គគោកធ្លក,"[219, 188, 987, 333]",
L3I_IMG_1468.jpg,crops/L3I_IMG_1468_r1.png,ok,ផ្ទះលក់ ឬ ជួល,"[765, 454, 884, 502]",
L3I_IMG_1469.jpg,crops/L3I_IMG_1469_r1.png,ok,លូ កា,"[282, 624, 466, 670]",
L3I_IMG_1469.jpg,crops/L3I_IMG_1469_r2.png,ok,បោក អ៊ុត,"[274, 662, 458, 708]",
L3I_IMG_1469.jpg,crops/L3I_IMG_1469_r3.png,ok,បោកអ៊ុត១កំភ្លេ ២០០០,"[243, 708, 447, 754]",
L3I_IMG_1469.jpg,crops/L3I_IMG_1469_r4.png,ok,បោកស្ងួត បោក,"[248, 754, 432, 800]",
L3I_IMG_1469.jpg,crops/L3I_IMG_1469_r5.png,ok,លាងម៉ូតូ,"[245, 846, 420, 990]",
L3I_IMG_1470.jpg,crops/L3I_IMG_1470_r1.png,ok,រណ្តៅសពរួមមាន,"[546, 335, 735, 390]",
L3I_IMG_1470.jpg,crops/L3I_IMG_1470_r2.png,ok,ជនរងគ្រោះកុមារនិង,"[534, 382, 745, 430]",
L3I_IMG_1470.jpg,crops/L3I_IMG_1470_r3.png,ok,ត្រីជាង១០០នាក់ ភាគច្រើនគ្មាន,"[406, 408, 756, 473]",
L3I_IMG_1470.jpg,crops/L3I_IMG_1470_r4.png,ok,សំលៀកបំពាក់។,"[644, 464, 809, 509]",
L3I_IMG_1471.jpg,crops/L3I_IMG_1471_r1.png,ok,ដើមច័ន្ទគីរី,"[51, 249, 342, 360]",
L3I_IMG_1471.jpg,crops/L3I_IMG_1471_r2.png,ok,ដែលពេជ្ឈឃាដ,"[4, 331, 378, 425]",
L3I_IMG_1471.jpg,crops/L3I_IMG_1471_r3.png,ok,បោកក្មេងសំលាប់,"[3, 426, 358, 526]",
L3I_IMG_1472.jpg,crops/L3I_IMG_1472_r1.png,ok,មជ្ឈមណ្ឌលប្រល័យពូជសាសន៍,"[261, 327, 569, 373]",
L3I_IMG_1472.jpg,crops/L3I_IMG_1472_r2.png,ok,ជើងឯក,"[356, 366, 455, 404]",
L3I_IMG_1472.jpg,crops/L3I_IMG_1472_r3.png,ok,មគ្គុទេសក៍សម្លេង,"[327, 425, 494, 469]",
L3I_IMG_1472.jpg,crops/L3I_IMG_1472_r4.png,ok,អំពីវាលពិឃាដ,"[328, 461, 489, 501]",
L3I_IMG_1472.jpg,crops/L3I_IMG_1472_r5.png,ok,មគ្គុទេសក៍សម្លេងនេះ បញ្ចប់នៅចំណុចចេតិយរំឭកវិញ្ញាណក្ខន្ធ,"[255, 935, 575, 966]",
L3I_IMG_1472.jpg,crops/L3I_IMG_1472_r6.png,ok,ដែលអដ្ឋិធាតុរបស់ជនរងគ្រោះនៅជើងឯក ត្រូវបានរក្សាទុក,"[267, 963, 566, 989]",
L3I_IMG_1472.jpg,crops/L3I_IMG_1472_r7.png,ok,នៅទីនេះដោយការគោរព។,"[338, 986, 490, 1010]",
L3I_IMG_1472.jpg,crops/L3I_IMG_1472_r8.png,ok,មគ្គុទេសក៍សម្លេងផលិតដោយ,"[318, 1027, 513, 1062]",
L3I_IMG_1472.jpg,crops/L3I_IMG_1472_r9.png,ok,ណែរ៉ូកាស្ទ័រ,"[369, 1059, 461, 1089]",
L3I_IMG_1473.jpg,crops/L3I_IMG_1473_r1.png,ok,ពិព័រណ៍បណ្តាញបេះដូងតែមួយនៃជនពិការអាស៊ី,"[267, 323, 661, 387]",
L3I_IMG_1473.jpg,crops/L3I_IMG_1473_r2.png,ok,២០១៨ នៅកម្ពុជា,"[389, 366, 545, 400]",
L3I_IMG_1474.jpg,crops/L3I_IMG_1474_r1.png,ok,ចាន់​គឹមស្រ៊ុន-សាង462,"[461, 558, 645, 601]",
L3I_IMG_1475.jpg,crops/L3I_IMG_1475_r1.png,ok,១៧​ មេសា១៩៧៥ ប្រជាជន ត្រូវបណ្តេញចេញពីទីក្រុងនិងទីប្រជុំជន,"[151, 2, 1066, 120]",
L3I_IMG_1475.jpg,crops/L3I_IMG_1475_r2.png,ok,សាធារណរដ្ឋ សង្គមនិយម,"[703, 848, 896, 898]",
L3I_IMG_1475.jpg,crops/L3I_IMG_1475_r3.png,ok,វៀតណាម,"[747, 884, 898, 934]",
L3I_IMG_1475.jpg,crops/L3I_IMG_1475_r4.png,ok,សញ្ញាសំគាល់,"[920, 709, 1026, 741]",
L3I_IMG_1475.jpg,crops/L3I_IMG_1475_r5.png,ok,ប្រទេសថៃឡងដ៏,"[176, 127, 412, 254]",
L3I_IMG_1475.jpg,crops/L3I_IMG_1475_r6.png,ok,ឈូង សមុទ្រសៀម,"[180, 777, 318, 932]",
L3I_IMG_1475.jpg,crops/L3I_IMG_1475_r7.png,ok,សាធារណរដ្ឋ ប្រជាមានិត ប្រជាធិបតេយ្យ ឡាវ,"[751, 149, 1032, 194]",
L3I_IMG_1476.jpg,crops/L3I_IMG_1476_r1.png,ok,រមណីយដ្ឋានធម្មជាតិ,"[615, 490, 707, 508]",
L3I_IMG_1476.jpg,crops/L3I_IMG_1476_r2.png,ok,សំបូរព្រៃចាក,"[670, 503, 799, 535]",
L3I_IMG_1477.jpg,crops/L3I_IMG_1477_r1.png,ok,មន្ទីរពេទ្យព្រះកុសម:,"[591, 556, 704, 581]",
L3I_IMG_1477.jpg,crops/L3I_IMG_1477_r2.png,ok,ស្ពានអាកាស ៧មករា,"[596, 594, 715, 621]",
L3I_IMG_1477.jpg,crops/L3I_IMG_1477_r3.png,ok,វិថី ៥៩៨,"[581, 636, 639, 659]",
L3I_IMG_1477.jpg,crops/L3I_IMG_1477_r4.png,ok,សកលវិទ្យាល័យភូមិន្ទភ្នំពេញ,"[594, 673, 727, 700]",
L3I_IMG_1478.jpg,crops/L3I_IMG_1478_r1.png,ok,ផ្ញើប្រាក់ ទៅក្រៅប្រទេសបានភ្លាមៗ,"[233, 572, 463, 630]",
L3I_IMG_1479.jpg,crops/L3I_IMG_1479_r1.png,ok,ការជួបជុំកាន់តែ,"[271, 632, 485, 746]",
L3I_IMG_1479.jpg,crops/L3I_IMG_1479_r2.png,ok,រីករាយជាងមុន,"[358, 690, 485, 761]",
L3I_IMG_1480.jpg,crops/L3I_IMG_1480_r1.png,ok,ធនាគារកម្ពុជាពាណិជ្ជ,"[379, 597, 627, 659]",
L3I_IMG_1481.jpg,crops/L3I_IMG_1481_r1.png,ok,ឪសថស្ថាន អាំ គន់,"[280, 674, 393, 699]",
L3I_IMG_1482.jpg,crops/L3I_IMG_1482_r1.png,ok,ស្អំ នាំឱ្យបរិយាកាសវិនិយោគល្អប្រសើរ,"[0, 608, 670, 690]",
L3I_IMG_1483.jpg,crops/L3I_IMG_1483_r1.png,ok,អបអរសាទរ,"[163, 374, 286, 404]",
L3I_IMG_1483.jpg,crops/L3I_IMG_1483_r2.png,ok,ទិវាគ្រូបង្រៀន,"[148, 400, 311, 444]",
L3I_IMG_1484.jpg,crops/L3I_IMG_1484_r1.png,ok,វិថី បឹងតាអន,"[517, 505, 626, 547]",
L3I_IMG_1484.jpg,crops/L3I_IMG_1484_r2.png,ok,វីឡាប្រ,"[400, 710, 507, 784]",
L3I_IMG_1484.jpg,crops/L3I_IMG_1484_r3.png,ok,ណិត,"[522, 720, 571, 774]",
L3I_IMG_1484.jpg,crops/L3I_IMG_1484_r4.png,ok,បែបអភិ,"[421, 783, 507, 819]",
L3I_IMG_1485.jpg,crops/L3I_IMG_1485_r1.png,ok,ស្នងការដ្ឋាននគរបាលរាជធានីភ្នំពេញ,"[433, 477, 680, 555]",
L3I_IMG_1485.jpg,crops/L3I_IMG_1485_r2.png,ok,អធិការដ្ឋាននគរបាលខណ្ឌជ្រោយចង្វារ,"[414, 524, 702, 594]",
L3I_IMG_1485.jpg,crops/L3I_IMG_1485_r3.png,ok,វិថី បឹងតាអន,"[101, 817, 178, 848]",
L3I_IMG_1486.jpg,crops/L3I_IMG_1486_r1.png,ok,ពិព័រណ៍ផលិតផលក្នុងស្រុក,"[72, 704, 767, 841]",
L3I_IMG_1486.jpg,crops/L3I_IMG_1486_r2.png,ok,គាំទ្រផលិតផលខ្មែរ ថែសេដ្ឋកិច្ចជាតិ,"[111, 827, 713, 911]",
L3I_IMG_1487.jpg,crops/L3I_IMG_1487_r1.png,ok,ផ្ញើរម៉ូតូ-កង់ តម្លៃ ១០០០៛,"[288, 720, 443, 755]",
L3I_IMG_1487.jpg,crops/L3I_IMG_1487_r2.png,ok,សូមថែរក្សាយានយន្ត និងសំភារះដោយខ្លួនឯង,"[251, 758, 482, 803]",
L3I_IMG_1488.jpg,crops/L3I_IMG_1488_r1.png,ok,ចំណតយានយន្តអាទិភាព,"[348, 735, 591, 783]",
L3I_IMG_1489.jpg,crops/L3I_IMG_1489_r1.png,ok,ឌីសប៊ុក D'S BOOKS ឌីសប៊ុក,"[83, 69, 891, 645]",
L3I_IMG_1490.jpg,crops/L3I_IMG_1490_r1.png,ok,បញ្ជរបង់ប្រាក់,"[395, 508, 599, 588]",
L3I_IMG_1491.jpg,crops/L3I_IMG_1491_r1.png,ok,កន្លែងទទួលអាហារ,"[361, 520, 627, 604]",
L3I_IMG_1492.jpg,crops/L3I_IMG_1492_r1.png,ok,សំបកកង់,"[426, 471, 504, 502]",
L3I_IMG_1492.jpg,crops/L3I_IMG_1492_r2.png,ok,ប្រេងម៉ាស៊ីន,"[510, 473, 593, 505]",
L3I_IMG_1492.jpg,crops/L3I_IMG_1492_r3.png,ok,អាគុយ,"[618, 471, 677, 502]",
L3I_IMG_1492.jpg,crops/L3I_IMG_1492_r4.png,ok,គ្រឿងក្រោម,"[709, 472, 794, 502]",
L3I_IMG_1492.jpg,crops/L3I_IMG_1492_r5.png,ok,ហ្រ្វាំង,"[828, 468, 892, 503]",
L3I_IMG_1492.jpg,crops/L3I_IMG_1492_r6.png,ok,ប្រព័ន្ធម៉ាស៊ីនត្រជាក់,"[913, 465, 1067, 501]",
L3I_IMG_1493.jpg,crops/L3I_IMG_1493_r1.png,ok,ស្ថានទូត រុស្ស៊ី,"[494, 540, 591, 590]",
L3I_IMG_1494.jpg,crops/L3I_IMG_1494_r1.png,ok,ទីតាំងកម្មវិធី,"[358, 734, 706, 907]",
L3I_IMG_1495.jpg,crops/L3I_IMG_1495_r1.png,ok,នំអាកោត្នោត,"[304, 8, 871, 222]",
L3I_IMG_1495.jpg,crops/L3I_IMG_1495_r2.png,ok,ចាន់ធូ,"[275, 174, 627, 385]",
L3I_IMG_1495.jpg,crops/L3I_IMG_1495_r3.png,ok,ភូមិព្រះដាក់,"[630, 211, 871, 333]",
L3I_IMG_1495.jpg,crops/L3I_IMG_1495_r4.png,ok,រសជាតិឆ្ងាញ់!!,"[618, 322, 879, 431]",
L3I_IMG_1496.jpg,crops/L3I_IMG_1496_r1.png,ok,រ៉ាយុទ្ធ ព្រះដាក់ មានកង់ជួល,"[312, 78, 988, 255]",
L3I_IMG_1497.jpg,crops/L3I_IMG_1497_r1.png,ok,ពិសារដោយការទទួលខុសត្រូវ,"[226, 495, 486, 555]",
L3I_IMG_1497.jpg,crops/L3I_IMG_1497_r2.png,ok,ផលិតដោយអ្នកជំនាញ,"[271, 684, 467, 742]",
L3I_IMG_1497.jpg,crops/L3I_IMG_1497_r3.png,ok,អាល្លឺម៉ង់,"[307, 726, 430, 786]",
L3I_IMG_1498.jpg,crops/L3I_IMG_1498_r1.png,ok,ជយោ! សន្តិភាព និងការអភិវឌ្ឍ,"[288, 363, 571, 401]",
L3I_IMG_1499.jpg,crops/L3I_IMG_1499_r1.png,ok,ផ្លូវលេខ ៥៩៨,"[411, 463, 711, 647]",
L3I_IMG_1500.jpg,crops/L3I_IMG_1500_r1.png,ok,កក់ភ្លាម ដឹកភ្លាម,"[338, 417, 613, 495]",
L3I_IMG_1500.jpg,crops/L3I_IMG_1500_r2.png,ok,កំពង់ចាម,"[413, 779, 542, 827]",
L3I_IMG_1501.jpg,crops/L3I_IMG_1501_r1.png,ok,ប៉ាតេភ្នំពេញ,"[188, 629, 697, 870]",
L3I_IMG_1502.jpg,crops/L3I_IMG_1502_r1.png,ok,បង្កើនចំណេះដឹងស្ដីពីសុខភាពបន្តពូជ,"[152, 607, 761, 804]",
L3I_IMG_1502.jpg,crops/L3I_IMG_1502_r2.png,ok,សុខភាពផ្លូវភេទ និងសិទ្ធិ,"[254, 716, 709, 874]",
L3I_IMG_1502.jpg,crops/L3I_IMG_1502_r3.png,ok,ក្នុងចំណោមយុវវ័យ,"[286, 810, 683, 950]",
L3I_IMG_1503.jpg,crops/L3I_IMG_1503_r1.png,ok,ហាមចុចផ្ដេសផ្ដាស,"[520, 570, 888, 654]",
L3I_IMG_1503.jpg,crops/L3I_IMG_1503_r2.png,ok,ពេលមិនមានអាសន្ន,"[524, 634, 881, 718]",
L3I_IMG_1504.jpg,crops/L3I_IMG_1504_r1.png,ok,បិតស្គ្រីន,"[224, 515, 586, 718]",
L3I_IMG_1504.jpg,crops/L3I_IMG_1504_r2.png,ok,អ៊ុតទូរស័ព្ទ,"[236, 645, 604, 833]",
L3I_IMG_1504.jpg,crops/L3I_IMG_1504_r3.png,ok,មានបិតស្គ្រីន,"[175, 761, 437, 877]",
L3I_IMG_1504.jpg,crops/L3I_IMG_1504_r4.png,ok,កញ្ចក់កោង,"[474, 813, 674, 916]",
L3I_IMG_1505.jpg,crops/L3I_IMG_1505_r1.png,ok,ហាងមាស ទីមង្គល,"[220, 609, 661, 711]",
L3I_IMG_1506.jpg,crops/L3I_IMG_1506_r1.png,ok,ដាវី មីក្រឡុក,"[293, 516, 554, 692]",
L3I_IMG_1506.jpg,crops/L3I_IMG_1506_r2.png,ok,មីក្រឡុក,"[313, 659, 517, 836]",
L3I_IMG_1507.jpg,crops/L3I_IMG_1507_r1.png,ok,បាញ់ឆែវ បៃតង,"[120, 381, 654, 601]",
L3I_IMG_1507.jpg,crops/L3I_IMG_1507_r2.png,ok,បាញ់ឆែវពិសេស,"[126, 588, 651, 815]",
L3I_IMG_1508.jpg,crops/L3I_IMG_1508_r1.png,ok,អាហារដ្ឋាន,"[144, 324, 592, 490]",
L3I_IMG_1508.jpg,crops/L3I_IMG_1508_r2.png,ok,បើកហើយ,"[56, 550, 692, 774]",
L3I_IMG_1509.jpg,crops/L3I_IMG_1509_r1.png,ok,ទៅអាហារដ្ឋាន,"[208, 533, 597, 768]",
L3I_IMG_1510.jpg,crops/L3I_IMG_1510_r1.png,ok,មានម្ហូបជាច្រើនមុខ,"[431, 202, 788, 335]",
L3I_IMG_1511.jpg,crops/L3I_IMG_1511_r1.png,ok,ញ៊ាំអាហារ និង លេងកំសាន្ត,"[267, 652, 734, 784]",
L3I_IMG_1511.jpg,crops/L3I_IMG_1511_r2.png,ok,នៅទីនេះ,"[417, 741, 660, 884]",
L3I_IMG_1512.jpg,crops/L3I_IMG_1512_r1.png,ok,ទិញ លក់ និង ជួសជុលទូរស័ព្ទ,"[126, 334, 877, 633]",
L3I_IMG_1512.jpg,crops/L3I_IMG_1512_r2.png,ok,ប្ដូរថ្ម ប្ដូរអេក្រង់ និង អ៊ុតកញ្ចក់ថាច់,"[127, 481, 882, 754]",
L3I_IMG_1513.jpg,crops/L3I_IMG_1513_r1.png,ok,ផៃ ច្រឹប,"[3280, 949, 3450, 1040]",
L3I_IMG_1513.jpg,crops/L3I_IMG_1513_r2.png,ok,ក្រុងពោធិ៍សាត់,"[3285, 1103, 3435, 1165]",
L3I_IMG_1513.jpg,crops/L3I_IMG_1513_r3.png,ok,គ.ម 13,"[3273, 1151, 3455, 1223]",
L3I_IMG_1514.jpg,crops/L3I_IMG_1514_r1.png,ok,ទួក សារ៉ាង,"[336, 1000, 583, 1087]",
L3I_IMG_1515.jpg,crops/L3I_IMG_1515_r1.png,ok,ស្រី ធា,"[2716, 1212, 2810, 1268]",
L3I_IMG_1515.jpg,crops/L3I_IMG_1515_r2.png,ok,ស្រុកភ្នំក្រវាញ គ.ម 13,"[2668, 1283, 2856, 1335]",
L3I_IMG_1516.jpg,crops/L3I_IMG_1516_r1.png,ok,ម៉ាក់ អូនហួង,"[953, 1164, 1149, 1257]",
L3I_IMG_1516.jpg,crops/L3I_IMG_1516_r2.png,ok,ស្រុកភ្នំក្រវាញ,"[976, 1316, 1124, 1364]",
L3I_IMG_1516.jpg,crops/L3I_IMG_1516_r3.png,ok,គ.ម 14,"[959, 1357, 1147, 1412]",
L3I_IMG_1517.jpg,crops/L3I_IMG_1517_r1.png,ok,ចែ ល័ក្ខ,"[2091, 1129, 2262, 1224]",
L3I_IMG_1517.jpg,crops/L3I_IMG_1517_r2.png,ok,ស្រុកភ្នំក្រវាញ គ.ម 15,"[2017, 1250, 2342, 1330]",
L3I_IMG_1518.jpg,crops/L3I_IMG_1518_r1.png,ok,អាហារដ្ឋាន,"[1400, 791, 1521, 830]",
L3I_IMG_1518.jpg,crops/L3I_IMG_1518_r2.png,ok,ម្លប់មានមាន,"[1370, 826, 1556, 887]",
L3I_IMG_1518.jpg,crops/L3I_IMG_1518_r3.png,ok,ស្រុកភ្នំក្រវាញ គ.ម 15,"[1364, 891, 1570, 942]",
L3I_IMG_1519.jpg,crops/L3I_IMG_1519_r1.png,ok,ស្រី លាភ,"[561, 1310, 701, 1373]",
L3I_IMG_1519.jpg,crops/L3I_IMG_1519_r2.png,ok,ស្រុកភ្នំក្រវាញ,"[573, 1434, 691, 1483]",
L3I_IMG_1519.jpg,crops/L3I_IMG_1519_r3.png,ok,គ.ម 15,"[566, 1480, 704, 1531]",
L3I_IMG_1520.jpg,crops/L3I_IMG_1520_r1.png,ok,គណបក្សប្រជាជនកម្ពុជា,"[2440, 1295, 2979, 1422]",
L3I_IMG_1521.jpg,crops/L3I_IMG_1521_r1.png,ok,អ៊ុយ សុភក្រ្តា,"[116, 488, 378, 580]",
L3I_IMG_1522.jpg,crops/L3I_IMG_1522_r1.png,ok,ជប់ខ្យល់,"[267, 671, 398, 730]",
L3I_IMG_1522.jpg,crops/L3I_IMG_1522_r2.png,ok,ចាប់សរសៃ,"[269, 728, 397, 775]",
L3I_IMG_1522.jpg,crops/L3I_IMG_1522_r3.png,ok,បែបបុរាណ,"[269, 773, 396, 817]",
L3I_IMG_1523.jpg,crops/L3I_IMG_1523_r1.png,ok,ងួន សារ៉ែន,"[1141, 572, 1295, 625]",
L3I_IMG_1524.jpg,crops/L3I_IMG_1524_r1.png,ok,ងួន សារ៉ែន,"[1482, 328, 1694, 427]",
L3I_IMG_1524.jpg,crops/L3I_IMG_1524_r2.png,ok,ឃុំរកាត,"[1544, 527, 1660, 577]",
L3I_IMG_1524.jpg,crops/L3I_IMG_1524_r3.png,ok,ស្រុកភ្នំក្រវាញ,"[1477, 571, 1746, 678]",
L3I_IMG_1525.jpg,crops/L3I_IMG_1525_r1.png,ok,ស្រី ម៉ៅ(ព្រៃខ្លុង),"[1621, 462, 1821, 520]",
L3I_IMG_1526.jpg,crops/L3I_IMG_1526_r1.png,ok,ទីនេះ អាចទូទាត់តាម,"[338, 294, 553, 355]",
L3I_IMG_1526.jpg,crops/L3I_IMG_1526_r2.png,ok,ម៉ាស៊ូត,"[375, 118, 426, 146]",
L3I_IMG_1527.jpg,crops/L3I_IMG_1527_r1.png,ok,ហាងលក់ភេសជ្ជៈ,"[174, 397, 683, 611]",
L3I_IMG_1527.jpg,crops/L3I_IMG_1527_r2.png,ok,ឆេង ហ៊ី,"[177, 617, 695, 902]",
L3I_IMG_1528.jpg,crops/L3I_IMG_1528_r1.png,ok,បញ្ជាក់ភាពត្រជាក់,"[279, 96, 412, 154]",
L3I_IMG_1528.jpg,crops/L3I_IMG_1528_r2.png,ok,បញ្ចេញពន្លឺ,"[630, 22, 733, 75]",
L3I_IMG_1528.jpg,crops/L3I_IMG_1528_r3.png,ok,ពេលប៉ះជាមួយពន្លឺ,"[583, 59, 742, 120]",
L3I_IMG_1529.jpg,crops/L3I_IMG_1529_r1.png,ok,ដកប្រាក់ពីគណនីវីង,"[113, 65, 646, 191]",
L3I_IMG_1529.jpg,crops/L3I_IMG_1529_r2.png,ok,ឥតគិតថ្លៃ,"[222, 164, 593, 325]",
L3I_IMG_1530.jpg,crops/L3I_IMG_1530_r1.png,ok,ពោះគោទឹកប្រហុក,"[323, 135, 477, 229]",
L3I_IMG_1531.jpg,crops/L3I_IMG_1531_r1.png,ok,សូមធ្វើការកម៉្មង់តិចបំផុត,"[206, 51, 482, 217]",
L3I_IMG_1531.jpg,crops/L3I_IMG_1531_r2.png,ok,តម្លៃដឹកចាប់ពី,"[205, 198, 370, 333]",
L3I_IMG_1532.jpg,crops/L3I_IMG_1532_r1.png,ok,ផ្ទះសំណាក់,"[432, 79, 831, 245]",
L3I_IMG_1532.jpg,crops/L3I_IMG_1532_r2.png,ok,ឆ្នេរមាស,"[262, 206, 826, 453]",
L3I_IMG_1532.jpg,crops/L3I_IMG_1532_r3.png,ok,ផ្លូវលេខ ១៩៨២,"[539, 612, 799, 709]",
L3I_IMG_1533.jpg,crops/L3I_IMG_1533_r1.png,ok,លីង ឡុង ប្ដូរប្រេងម៉ាស៊ីនឡាន,"[144, 787, 730, 1053]",
L3I_IMG_1534.jpg,crops/L3I_IMG_1534_r1.png,ok,សាច់អាំង,"[264, 560, 640, 726]",
L3I_IMG_1535.jpg,crops/L3I_IMG_1535_r1.png,ok,គុយទាវ,"[266, 360, 657, 681]",
L3I_IMG_1535.jpg,crops/L3I_IMG_1535_r2.png,ok,សាច់ចិញ្ច្រាំ,"[119, 542, 699, 953]",
L3I_IMG_1536.jpg,crops/L3I_IMG_1536_r1.png,ok,តម្លៃត្រឹមតែ,"[456, 704, 651, 799]",
L3I_IMG_1536.jpg,crops/L3I_IMG_1536_r2.png,ok,តោះបានសាកនៅ,"[445, 788, 675, 859]",
L3I_IMG_1537.jpg,crops/L3I_IMG_1537_r1.png,ok,ឱសថស្ថាន បូណ៌មី,"[464, 168, 942, 420]",
L3I_IMG_1537.jpg,crops/L3I_IMG_1537_r2.png,ok,ឪសថការីឧត្តម អ៉ីង សេរីសុភ័ក,"[535, 416, 831, 548]",
L3I_IMG_1537.jpg,crops/L3I_IMG_1537_r3.png,ok,បូណ៌មី,"[386, 655, 551, 807]",
L3I_IMG_1538.jpg,crops/L3I_IMG_1538_r1.png,ok,មានហៅ(ចែយួន),"[0, 38, 221, 308]",
L3I_IMG_1538.jpg,crops/L3I_IMG_1538_r2.png,ok,សោមានហៅចែយួន751,"[361, 163, 597, 243]",
L3I_IMG_1539.jpg,crops/L3I_IMG_1539_r1.png,ok,បញ្ទាំងគ្រប់រោងភាពយន្ត,"[549, 69, 1164, 244]",
L3I_IMG_1540.jpg,crops/L3I_IMG_1540_r1.png,ok,វិទ្យាស្ថានបច្ចេកវិទ្យាកម្ពុជា,"[231, 334, 1151, 408]",
L3I_IMG_1541.jpg,crops/L3I_IMG_1541_r1.png,ok,ពិធីជួបជុំគ្រួសារ,"[353, 552, 535, 611]",
L3I_IMG_1541.jpg,crops/L3I_IMG_1541_r2.png,ok,ទេព្យកោសល្យព័ត៌មានវិទ្យានិងទំនាក់ទំនង,"[353, 605, 540, 635]",
L3I_IMG_1542.jpg,crops/L3I_IMG_1542_r1.png,ok,បញ្ជរទូទាត់ប្រាក់ថ្លៃចំណត,"[342, 573, 488, 608]",
L3I_IMG_1543.jpg,crops/L3I_IMG_1543_r1.png,ok,បញ្ជរបង់លុយ,"[462, 431, 637, 489]",
L3I_IMG_1544.jpg,crops/L3I_IMG_1544_r1.png,ok,ជយោ! សម្ដេចព្រះបិតាឯករាជ្យជាតិ,"[40, 768, 332, 824]",
L3I_IMG_1544.jpg,crops/L3I_IMG_1544_r2.png,ok,ជយោ! សន្តិភាព និងការអភិវឌ្ឍ,"[412, 779, 616, 833]",
L3I_IMG_0151.jpg,crops/L3I_IMG_0151_r1.png,ok,ខាងមុខមានការដ្ឋាន,"[1278, 1565, 2131, 1739]",
L3I_IMG_0152.jpg,crops/L3I_IMG_0152_r1.png,ok,ធនាគារ វឌ្ឍនៈ,"[2299, 898, 2937, 1077]",
L3I_IMG_0152.jpg,crops/L3I_IMG_0152_r2.png,ok,បើកគណនីដំបូងរបស់អ្នកឥឡូវនេះ,"[972, 1216, 2539, 1530]",
L3I_IMG_0152.jpg,crops/L3I_IMG_0152_r3.png,ok,ធនាគារ វឌ្ឍនៈ,"[1528, 2036, 1977, 2160]",
L3I_IMG_0152.jpg,crops/L3I_IMG_0152_r4.png,ok,មិនទាន់មានគណនីធនាគារ វឌ្ឍនៈ មែនទេ?,"[1345, 3271, 1970, 3389]",
L3I_IMG_0152.jpg,crops/L3I_IMG_0152_r5.png,ok,បើកគណនីដំបូងរបស់អ្នកឥឡូវនេះ,"[1412, 3400, 1873, 3506]",
L3I_IMG_0152.jpg,crops/L3I_IMG_0152_r6.png,ok,ដាក់ដំណើរការកម្មវិធី ធនាគារ វឌ្ឍនៈ,"[1406, 3602, 1915, 3732]",
L3I_IMG_0153.jpg,crops/L3I_IMG_0153_r1.png,ok,ទទួលយក,"[1173, 904, 2337, 1328]",
L3I_IMG_0153.jpg,crops/L3I_IMG_0153_r2.png,ok,ថាមពលជាមួយគ្រុឌ,"[671, 1308, 2711, 1799]",
L3I_IMG_0153.jpg,crops/L3I_IMG_0153_r3.png,ok,ភេសជ្ជៈប៉ូវកម្លាំង,"[2635, 916, 3279, 1169]",
L3I_IMG_0153.jpg,crops/L3I_IMG_0153_r4.png,ok,ទទួលយកថាមពលជាមួយគ្រុឌ,"[984, 4017, 1915, 4209]",
L3I_IMG_0153.jpg,crops/L3I_IMG_0153_r5.png,ok,ភេសជ្ជៈប៉ូវកម្លាំង,"[1565, 2586, 1854, 3420]",
L3I_IMG_0153.jpg,crops/L3I_IMG_0153_r6.png,ok,គ្រុឌ,"[1332, 2109, 1585, 2319]",
L3I_IMG_0153.jpg,crops/L3I_IMG_0153_r7.png,ok,ថ្មី,"[2005, 1797, 2252, 2160]",
L3I_IMG_0154.jpg,crops/L3I_IMG_0154_r1.png,ok,ទទួលយកថាមពលជាមួយគ្រុឌ,"[800, 690, 1652, 851]",
L3I_IMG_0154.jpg,crops/L3I_IMG_0154_r2.png,ok,ហាមចត,"[1871, 1112, 2344, 1420]",
L3I_IMG_0155.jpg,crops/L3I_IMG_0155_r1.png,ok,ភេសជ្ជៈកីឡា,"[857, 857, 1218, 953]",
L3I_IMG_0155.jpg,crops/L3I_IMG_0155_r2.png,ok,ជីវិតកាន់តែរីករាយ,"[568, 963, 1550, 1127]",
L3I_IMG_0155.jpg,crops/L3I_IMG_0155_r3.png,ok,កាន់តែរស់រវើក,"[584, 1133, 1538, 1250]",
L3I_IMG_0155.jpg,crops/L3I_IMG_0155_r4.png,ok,ភេសជ្ជៈកីឡា,"[1034, 1615, 1127, 1957]",
L3I_IMG_0155.jpg,crops/L3I_IMG_0155_r5.png,ok,ហាមចត,"[1090, 2260, 1278, 2341]",
L3I_IMG_0156.jpg,crops/L3I_IMG_0156_r1.png,ok,ពេទ្យព្រះអង្គឌួង,"[1129, 1205, 1553, 1342]",
L3I_IMG_0156.jpg,crops/L3I_IMG_0156_r2.png,ok,ពេទ្យព្រះអង្គឌួង,"[2256, 918, 2457, 1187]",
L3I_IMG_0157.jpg,crops/L3I_IMG_0157_r1.png,ok,ឧទ្យាន កាណាឌីយ៉ា,"[30, 1555, 913, 1778]",
L3I_IMG_0157.jpg,crops/L3I_IMG_0157_r2.png,ok,អំណោយ របស់,"[69, 1838, 354, 1925]",
L3I_IMG_0157.jpg,crops/L3I_IMG_0157_r3.png,ok,ធនាគារ កាណាឌីយ៉ា,"[22, 1904, 401, 1991]",
L3I_IMG_0158.jpg,crops/L3I_IMG_0158_r1.png,ok,ស្កេនកូដនេះ,"[717, 1178, 1074, 1283]",
L3I_IMG_0158.jpg,crops/L3I_IMG_0158_r2.png,ok,ដើម្បីទទួលព័ត៌មានបន្ថែម៖,"[698, 1294, 1148, 1364]",
L3I_IMG_0158.jpg,crops/L3I_IMG_0158_r3.png,ok,ឬទាក់ទងមកកាន់,"[714, 1355, 977, 1422]",
L3I_IMG_0158.jpg,crops/L3I_IMG_0158_r4.png,ok,គ្រប់គ្រង និងប្រឹក្សាដោយ,"[1378, 1175, 1657, 1251]",
L3I_IMG_0159.jpg,crops/L3I_IMG_0159_r1.png,ok,ធនាគារ ប្រៃសណីយ៍កម្ពុជា ក.អ,"[1584, 302, 2059, 424]",
L3I_IMG_0159.jpg,crops/L3I_IMG_0159_r2.png,ok,ប្រាក់បញ្ញើ,"[1634, 540, 2000, 733]",
L3I_IMG_0159.jpg,crops/L3I_IMG_0159_r3.png,ok,ប្រាក់កម្ចី,"[1638, 880, 1999, 1049]",
L3I_IMG_0159.jpg,crops/L3I_IMG_0159_r4.png,ok,ប្តូរប្រាក់,"[1655, 1210, 1999, 1379]",
L3I_IMG_0159.jpg,crops/L3I_IMG_0159_r5.png,ok,ផ្ទេរប្រាក់,"[1618, 1516, 2003, 1661]",
L3I_IMG_0159.jpg,crops/L3I_IMG_0159_r6.png,ok,ក្នុងស្រុក,"[1622, 1646, 1995, 1771]",
L3I_IMG_0159.jpg,crops/L3I_IMG_0159_r7.png,ok,ផ្ទេរប្រាក់,"[1614, 1850, 2019, 2019]",
L3I_IMG_0159.jpg,crops/L3I_IMG_0159_r8.png,ok,ក្រៅប្រទេស,"[1573, 2005, 2060, 2142]",
L3I_IMG_0159.jpg,crops/L3I_IMG_0159_r9.png,ok,សេវាទូទាត់,"[1573, 2242, 2023, 2378]",
L3I_IMG_0159.jpg,crops/L3I_IMG_0159_r10.png,ok,រហ័ស,"[1597, 2372, 1995, 2505]",
L3I_IMG_0159.jpg,crops/L3I_IMG_0159_r11.png,ok,សេវាធានាគារ,"[1532, 2617, 2072, 2749]",
L3I_IMG_0159.jpg,crops/L3I_IMG_0159_r12.png,ok,ចល័ត,"[1642, 2760, 1934, 2868]",
L3I_IMG_0159.jpg,crops/L3I_IMG_0159_r13.png,ok,អេធីអឹម,"[1626, 3042, 1991, 3182]",
L3I_IMG_0160.jpg,crops/L3I_IMG_0160_r1.png,ok,ធនាគារ កាណាឌីយ៉ា,"[1067, 391, 1661, 564]",
L3I_IMG_0160.jpg,crops/L3I_IMG_0160_r2.png,ok,ចំណតយានយន្ត,"[1046, 2457, 1636, 2592]",
L3I_IMG_0161.jpg,crops/L3I_IMG_0161_r1.png,ok,ធនាគារកម្ពុជាពាណិជ្ជ,"[643, 1589, 1567, 1767]",
L3I_IMG_0162.jpg,crops/L3I_IMG_0162_r1.png,ok,បើកគណនីចរន្តមានការប្រាក់,"[725, 1577, 1930, 1893]",
L3I_IMG_0162.jpg,crops/L3I_IMG_0162_r2.png,ok,នឹងទទួលបានអត្រាការប្រាក់ខ្ពស់,"[707, 1606, 3094, 2174]",
L3I_IMG_0163.jpg,crops/L3I_IMG_0163_r1.png,ok,ក្រុមហ៊ុន រ៉ូយ៉ាល់ រេលវេ,"[15, 1279, 2109, 1775]",
L3I_IMG_0163.jpg,crops/L3I_IMG_0163_r2.png,ok,មានដី និងឃ្លាំងសម្រាប់ជួល,"[154, 2250, 1595, 2631]",
L3I_IMG_0163.jpg,crops/L3I_IMG_0163_r3.png,ok,រ៉ូយ៉ាល់ គ្រុប,"[749, 778, 1290, 1069]",
L3I_IMG_0164.jpg,crops/L3I_IMG_0164_r1.png,ok,ដៃគូហិរញ្ញវត្ថុដែលអ្នកទុកចិត្ត,"[529, 1589, 1722, 1885]",
L3I_IMG_0164.jpg,crops/L3I_IMG_0164_r2.png,ok,ដើម្បីសម្រេចបានផ្ទះក្នុងក្តីស្រមៃ,"[472, 1785, 2130, 2113]",
L3I_IMG_0165.jpg,crops/L3I_IMG_0165_r1.png,ok,ឯកជនភាព និងសេវាកម្មអាទិភាព,"[611, 1402, 2323, 1783]",
L3I_IMG_0165.jpg,crops/L3I_IMG_0165_r2.png,ok,ជាមូលហេតុដែលនាងខ្ញុំជ្រើសរើសយក,"[639, 1663, 2308, 1987]",
L3I_IMG_0165.jpg,crops/L3I_IMG_0165_r3.png,ok,សេវាកម្មធនាគារ,"[635, 2009, 1326, 2187]",
L3I_IMG_0166.jpg,crops/L3I_IMG_0166_r1.png,ok,ប្រឹក្សាយោបល់ ឥតគិតថ្លៃ អំពី,"[933, 1639, 1752, 1773]",
L3I_IMG_0166.jpg,crops/L3I_IMG_0166_r2.png,ok,ការដាក់ពាក្យសិក្សានៅបរទេស &,"[923, 1754, 1752, 1870]",
L3I_IMG_0166.jpg,crops/L3I_IMG_0166_r3.png,ok,ស្នើសុំទិដ្ឋាការសិស្ស ឬ ទេសចរណ៍,"[923, 1857, 1763, 1977]",
L3I_IMG_0166.jpg,crops/L3I_IMG_0166_r4.png,ok,ផ្តល់គុណតម្លៃនៃមាតិកាអ្នក,"[1411, 2314, 1866, 2420]",
L3I_IMG_0167.jpg,crops/L3I_IMG_0167_r1.png,ok,សាខាបាយ័ន,"[1508, 1250, 2195, 1473]",
L3I_IMG_0167.jpg,crops/L3I_IMG_0167_r2.png,ok,កាល់ម៉ែត,"[1572, 1382, 2169, 1632]",
L3I_IMG_0167.jpg,crops/L3I_IMG_0167_r3.png,ok,លេខទូរស័ព្ទ,"[1675, 1597, 2082, 1749]",
L3I_IMG_0167.jpg,crops/L3I_IMG_0167_r4.png,ok,ភ្នំពេញ,"[1785, 3078, 2203, 3259]",
L3I_IMG_0167.jpg,crops/L3I_IMG_0167_r5.png,ok,ភោជនីយដ្ឋាន,"[1081, 1287, 1483, 1491]",
L3I_IMG_0167.jpg,crops/L3I_IMG_0167_r6.png,ok,បាយ័ន,"[1105, 1729, 1537, 1991]",
L3I_IMG_0168.jpg,crops/L3I_IMG_0168_r1.png,ok,អបអរសាទរ ព្រះរាជពិធីបុណ្យអ៉ំទូក,"[892, 1581, 2305, 1869]",
L3I_IMG_0168.jpg,crops/L3I_IMG_0168_r2.png,ok,អកអំបុក បណ្តែតប្រទីប និងសំពះព្រះខែ,"[1051, 1761, 2121, 1966]",
L3I_IMG_0168.jpg,crops/L3I_IMG_0168_r3.png,ok,តំលៃចាប់ពី,"[1177, 2162, 1657, 2366]",
L3I_IMG_0168.jpg,crops/L3I_IMG_0168_r4.png,ok,កាដូរបន្ថែម,"[303, 2539, 604, 2749]",
L3I_IMG_0168.jpg,crops/L3I_IMG_0168_r5.png,ok,មានទទួលបញ្ចាំរថយន្ត,"[2437, 3909, 2831, 4005]",
L3I_IMG_0169.jpg,crops/L3I_IMG_0169_r1.png,ok,កម្ម៉ង់ទុកមុន,"[2050, 2034, 2517, 2187]",
L3I_IMG_0169.jpg,crops/L3I_IMG_0169_r2.png,ok,សួស្ដី,"[2751, 2340, 2925, 2452]",
L3I_IMG_0170.jpg,crops/L3I_IMG_0170_r1.png,ok,ទំនាក់ទំនងផ្សព្វផ្សាយពាណិជ្ជកម្ម,"[680, 753, 2329, 1049]",
L3I_IMG_0170.jpg,crops/L3I_IMG_0170_r2.png,ok,សម្រាប់ជញ្ជាំងដ៏ប្រណិត និងខ្យល់បរិសុទ្ធក្នុងផ្ទះ,"[1039, 1642, 2399, 1958]",
L3I_IMG_0171.jpg,crops/L3I_IMG_0171_r1.png,ok,ហ៊ា ឃ្លាំង,"[1119, 787, 1508, 958]",
L3I_IMG_0171.jpg,crops/L3I_IMG_0171_r2.png,ok,សេវាកម្មលាងម៉ូតូ,"[1027, 946, 1596, 1072]",
L3I_IMG_0172.jpg,crops/L3I_IMG_0172_r1.png,ok,កាតចាក់ប្រេងឥន្ធនះ,"[757, 1329, 1125, 1415]",
L3I_IMG_0172.jpg,crops/L3I_IMG_0172_r2.png,ok,ប្រើជំនួសសាច់ប្រាក់,"[768, 1410, 1130, 1515]",
L3I_IMG_0173.jpg,crops/L3I_IMG_0173_r1.png,ok,ធានា,"[827, 1826, 1228, 2032]",
L3I_IMG_0173.jpg,crops/L3I_IMG_0173_r2.png,ok,បន្ទប់ទឹកស្អាត,"[692, 2013, 1322, 2252]",
L3I_IMG_0174.jpg,crops/L3I_IMG_0174_r1.png,ok,បង់ប្រចាំខែត្រឹមតែ,"[1112, 749, 2827, 1334]",
L3I_IMG_0175.jpg,crops/L3I_IMG_0175_r1.png,ok,ច្រកចេញ,"[1577, 1373, 1999, 1522]",
L3I_IMG_0176.jpg,crops/L3I_IMG_0176_r1.png,ok,តេលា,"[1300, 1179, 2137, 1464]",
L3I_IMG_0176.jpg,crops/L3I_IMG_0176_r2.png,ok,ជាទីទុកចិត្ត,"[1329, 1411, 2102, 1635]",
L3I_IMG_0176.jpg,crops/L3I_IMG_0176_r3.png,ok,តេលា,"[1462, 2141, 2070, 2336]",
L3I_IMG_0176.jpg,crops/L3I_IMG_0176_r4.png,ok,ម៉ាត,"[1496, 2325, 2061, 2517]",
L3I_IMG_0177.jpg,crops/L3I_IMG_0177_r1.png,ok,សាំងស៊ុបពែរ,"[846, 427, 1227, 574]",
L3I_IMG_0177.jpg,crops/L3I_IMG_0177_r2.png,ok,សាំងស៊ុបពែរ,"[865, 661, 1233, 790]",
L3I_IMG_0177.jpg,crops/L3I_IMG_0177_r3.png,ok,សាំងធម្មតា,"[870, 873, 1201, 1014]",
L3I_IMG_0177.jpg,crops/L3I_IMG_0177_r4.png,ok,ម៉ាស៊ូត,"[865, 1103, 1105, 1242]",
L3I_IMG_0177.jpg,crops/L3I_IMG_0177_r5.png,ok,ហ្គាស,"[873, 1337, 1095, 1452]",
L3I_IMG_0177.jpg,crops/L3I_IMG_0177_r6.png,ok,ធុងដីខ្សាច់,"[2604, 1681, 2793, 1783]",
L3I_IMG_0178.jpg,crops/L3I_IMG_0178_r1.png,ok,ធនាគារ អ៊ូរី ជម្រើសហិរញ្ញវត្ថុដ៏ឆ្លាតវៃរបស់អ្នក!,"[1014, 501, 2452, 931]",
L3I_IMG_0178.jpg,crops/L3I_IMG_0178_r2.png,ok,សូមធ្វើដំណើរប្រកបដោយសុវត្ថិភាព,"[859, 1553, 2301, 1869]",
L3I_IMG_0178.jpg,crops/L3I_IMG_0178_r3.png,ok,សង្គមស្អាតស្អំផ្ដើមចេញពីអ្នក,"[1703, 3440, 2619, 3553]",
L3I_IMG_0179.jpg,crops/L3I_IMG_0179_r1.png,ok,ឃ្លីក,"[1399, 730, 1657, 930]",
L3I_IMG_0179.jpg,crops/L3I_IMG_0179_r2.png,ok,ដើម្បីជោគជ័យ,"[1056, 900, 1836, 1132]",
L3I_IMG_0179.jpg,crops/L3I_IMG_0179_r3.png,ok,ក្នុងអាជីវកម្ម,"[1110, 1067, 1824, 1339]",
L3I_IMG_0179.jpg,crops/L3I_IMG_0179_r4.png,ok,បន្ថយល្បឿន,"[1300, 3440, 1632, 3589]",
L3I_IMG_0180.jpg,crops/L3I_IMG_0180_r1.png,ok,ផ្ដល់ដីសុវត្ថិភាព បង្កើតស្នាមញញឹម,"[1092, 1128, 3226, 1555]",
L3I_IMG_0181.jpg,crops/L3I_IMG_0181_r1.png,ok,សន្និសីទសកលលើកទី៣,"[1634, 1018, 2855, 1326]",
L3I_IMG_0181.jpg,crops/L3I_IMG_0181_r2.png,ok,ស្ដីពីកិច្ចសង្គ្រោះជនរងគ្រោះថ្នាក់ដោយសារមីន និងសំណល់ជាតិផ្ទុះពីសង្គ្រាម នៅក្នុងបរិបទនៃសិទ្ធជនមានពិការភាព,"[1043, 1226, 3459, 1489]",
L3I_IMG_0182.jpg,crops/L3I_IMG_0182_r1.png,ok,វិទ្យាស្ថានបច្ចេកវិទ្យាកម្ពុជា,"[1080, 1679, 3218, 2166]",
L3I_IMG_0183.jpg,crops/L3I_IMG_0183_r1.png,ok,តែលកូថេក,"[1047, 896, 1848, 1179]",
L3I_IMG_0183.jpg,crops/L3I_IMG_0183_r2.png,ok,សូមស្វាគមន៍,"[1075, 1569, 1840, 1783]",
L3I_IMG_0184.jpg,crops/L3I_IMG_0184_r1.png,ok,ទេសចរណ៍,"[900, 1186, 1885, 1334]",
L3I_IMG_0185.jpg,crops/L3I_IMG_0185_r1.png,ok,បើកបវេសនកាល,"[911, 887, 1152, 964]",
L3I_IMG_0185.jpg,crops/L3I_IMG_0185_r2.png,ok,ឆ្នាំសិក្សាថ្មី,"[1022, 942, 1203, 1007]",
L3I_IMG_0186.jpg,crops/L3I_IMG_0186_r1.png,ok,មានលក់,"[1026, 1320, 1516, 1498]",
L3I_IMG_0186.jpg,crops/L3I_IMG_0186_r2.png,ok,របស់,"[1053, 1487, 1516, 1577]",
L3I_IMG_0186.jpg,crops/L3I_IMG_0186_r3.png,ok,មួយទឹក។,"[1012, 1587, 1527, 1736]",
L3I_IMG_0187.jpg,crops/L3I_IMG_0187_r1.png,ok,សូមរក្សាយានជំនិះ,"[1190, 1977, 2280, 2195]",
L3I_IMG_0187.jpg,crops/L3I_IMG_0187_r2.png,ok,ដោយខ្លួនឯង,"[1296, 2205, 2178, 2460]",
L3I_IMG_0187.jpg,crops/L3I_IMG_0187_r3.png,ok,សូមអរគុណ!,"[1801, 2543, 2240, 2676]",
L3I_IMG_0188.jpg,crops/L3I_IMG_0188_r1.png,ok,ថ្ងៃអាទិត្យ និងថ្ងៃបុណ្យ,"[664, 749, 2358, 1204]",
L3I_IMG_0188.jpg,crops/L3I_IMG_0188_r2.png,ok,បិទម៉ោង 7:00 យប់,"[684, 1075, 2358, 1489]",
L3I_IMG_0188.jpg,crops/L3I_IMG_0188_r3.png,ok,លើសម៉ោង និងមានផាកពិន័យ,"[668, 1378, 2382, 1718]",
L3I_IMG_0188.jpg,crops/L3I_IMG_0188_r4.png,ok,យប់,"[145, 1190, 525, 1534]",
L3I_IMG_0188.jpg,crops/L3I_IMG_0188_r5.png,ok,ផាកពិន័យ,"[0, 1510, 551, 1778]",
L3I_IMG_0189.jpg,crops/L3I_IMG_0189_r1.png,ok,លើសម៉ោង 9 យប់,"[483, 744, 2194, 1341]",
L3I_IMG_0189.jpg,crops/L3I_IMG_0189_r2.png,ok,បាត់បង់មិនទទួលខុសត្រូវ,"[346, 1420, 2340, 2190]",
L3I_IMG_0190.jpg,crops/L3I_IMG_0190_r1.png,ok,មជ្ឈមណ្ឌលសហប្រតិបត្តិការកម្ពុជា-កូរ៉េ,"[1508, 1655, 2431, 1889]",
L3I_IMG_0190.jpg,crops/L3I_IMG_0190_r2.png,ok,មជ្ឈមណ្ឌលសហប្រតិបត្តិការកម្ពុជា-កូរ៉េ,"[1581, 1036, 2283, 1295]",
L3I_IMG_0191.jpg,crops/L3I_IMG_0191_r1.png,ok,បម្រាម,"[1214, 1267, 1885, 1591]",
L3I_IMG_0191.jpg,crops/L3I_IMG_0191_r2.png,ok,ជាងថតរូប និង,"[978, 1628, 2147, 1975]",
L3I_IMG_0191.jpg,crops/L3I_IMG_0191_r3.png,ok,ឡើងទៅខាងលើ,"[947, 2315, 2252, 2615]",
L3I_IMG_0191.jpg,crops/L3I_IMG_0191_r4.png,ok,និងចូលក្នុងសាល,"[1006, 2622, 2232, 2908]",
L3I_IMG_0191.jpg,crops/L3I_IMG_0191_r5.png,ok,អ្នកលក់ផ្កា,"[1252, 1988, 1994, 2305]",
L3I_IMG_0192.jpg,crops/L3I_IMG_0192_r1.png,ok,ការិយាល័យរដ្ឋបាល,"[1353, 1031, 2619, 1334]",
L3I_IMG_0193.jpg,crops/L3I_IMG_0193_r1.png,ok,មជ្ឈមណ្ឌលសហប្រតិបត្តិការកម្ពុជា-កូរ៉េ,"[1218, 1479, 2056, 1612]",
L3I_IMG_0193.jpg,crops/L3I_IMG_0193_r2.png,ok,ថ្នាក់ភាសាកូរ៉េទូទៅ,"[851, 1842, 2386, 2191]",
L3I_IMG_0193.jpg,crops/L3I_IMG_0193_r3.png,ok,មានបង្រៀនភាសាកូរ៉េទូទៅគ្រប់កម្រិត,"[835, 2401, 2329, 2684]",
L3I_IMG_0193.jpg,crops/L3I_IMG_0193_r4.png,ok,បង្រៀនដោយគ្រូជនជាតិកូរ៉េ និងខ្មែរ,"[847, 2596, 2293, 2859]",
L3I_IMG_0194.jpg,crops/L3I_IMG_0194_r1.png,ok,មជ្ឈមណ្ឌលសហប្រតិបត្តិការកម្ពុជា-កូរ៉េ,"[908, 1691, 2289, 1913]",
L3I_IMG_0194.jpg,crops/L3I_IMG_0194_r2.png,ok,ថ្នាក់ទីផ្សារឌីជីថល,"[533, 2441, 2603, 2876]",
L3I_IMG_0194.jpg,crops/L3I_IMG_0194_r3.png,ok,សម្រាប់អាជីវកម្ម,"[584, 2771, 2522, 3163]",
L3I_IMG_0195.jpg,crops/L3I_IMG_0195_r1.png,ok,បន្ទប់សិក្សា ២,"[1649, 152, 2577, 426]",
L3I_IMG_0195.jpg,crops/L3I_IMG_0195_r2.png,ok,ថ្នាក់ឌីជីថលសម្រាប់ទីផ្សា,"[1510, 1675, 2490, 1873]",
L3I_IMG_0195.jpg,crops/L3I_IMG_0195_r3.png,ok,ស្នើស៉ំប្ដូរពី,"[1491, 1883, 1879, 2032]",
L3I_IMG_0195.jpg,crops/L3I_IMG_0195_r4.png,ok,ប.សិក្សាពី 2,"[1510, 2060, 1885, 2209]",
L3I_IMG_0196.jpg,crops/L3I_IMG_0196_r1.png,ok,ទីនេះជាសាលារៀន សូមរក្សាភាពស្ងៀមស្ងាត់!,"[244, 1748, 1567, 1989]",
L3I_IMG_0196.jpg,crops/L3I_IMG_0196_r2.png,ok,វិន័យ និងសីលធម៌ នាំមកនូវសេចក្តីថ្លៃថ្នូរ,"[1632, 1699, 3004, 1934]",
L3I_IMG_0197.jpg,crops/L3I_IMG_0197_r1.png,ok,ហាមលាងដបទឹក ឬកែវទឹកនៅទីនេះ,"[727, 690, 2741, 1004]",
L3I_IMG_0198.jpg,crops/L3I_IMG_0198_r1.png,ok,អាចយកបាន,"[1424, 2678, 2405, 2894]",
L3I_IMG_0199.jpg,crops/L3I_IMG_0199_r1.png,ok,បន្ទប់ប្រឹក្សាយោបល់ពីកូរ៉េ,"[660, 855, 2166, 1194]",
L3I_IMG_0200.jpg,crops/L3I_IMG_0200_r1.png,ok,ហាមចត,"[1540, 2030, 1854, 2233]",
L3I_IMG_0201.jpg,crops/L3I_IMG_0201_r1.png,ok,សាកលវិទ្យាល័យភូមិន្ទភ្នំពេញ,"[916, 2182, 2075, 2454]",
L3I_IMG_0201.jpg,crops/L3I_IMG_0201_r2.png,ok,មជ្ឈមណ្ឌលកម្ពុជាសម្រាប់ស្រាវជ្រាវផ្លូវសូត្រសមុទ្រសតវត្សទី២១,"[819, 2400, 2893, 2899]",
L3I_IMG_0202.jpg,crops/L3I_IMG_0202_r1.png,ok,បាយស្រូប,"[1516, 1944, 1977, 2117]",
L3I_IMG_0202.jpg,crops/L3I_IMG_0202_r2.png,ok,សាច់គោ,"[1510, 2091, 1983, 2252]",
L3I_IMG_0202.jpg,crops/L3I_IMG_0202_r3.png,ok,ទីនេះមាន,"[2060, 1568, 2399, 1726]",
L3I_IMG_0203.jpg,crops/L3I_IMG_0203_r1.png,ok,គំរូបំពេញពាក្យ,"[169, 1583, 1548, 1958]",
L3I_IMG_0203.jpg,crops/L3I_IMG_0203_r2.png,ok,ឆ្នាំទី១,"[427, 1951, 1243, 2295]",
L3I_IMG_0203.jpg,crops/L3I_IMG_0203_r3.png,ok,ពាក្យស៉ំប្រឡងចូលរៀន,"[1921, 1527, 3117, 1790]",
L3I_IMG_0203.jpg,crops/L3I_IMG_0203_r4.png,ok,ថ្នាក់ឆ្នាំសិក្សាមូលដ្ឋាន,"[1982, 1763, 3075, 2008]",
L3I_IMG_0203.jpg,crops/L3I_IMG_0203_r5.png,ok,(ឆ្នាំទី១),"[2291, 1988, 2802, 2196]",
L3I_IMG_0203.jpg,crops/L3I_IMG_0203_r6.png,ok,"១ច្បាប់=៥,000៛","[2030, 2194, 3105, 2426]",
L3I_IMG_0204.jpg,crops/L3I_IMG_0204_r1.png,ok,ការិយាល័យសិក្សា,"[454, 1437, 3165, 2018]",
L3I_IMG_0204.jpg,crops/L3I_IMG_0204_r2.png,ok,គំរូបំពេញពាក្យ,"[1424, 3553, 2087, 3709]",
L3I_IMG_0204.jpg,crops/L3I_IMG_0204_r3.png,ok,ឆ្នាំទី១,"[1571, 3730, 1915, 3860]",
L3I_IMG_0204.jpg,crops/L3I_IMG_0204_r4.png,ok,ពាក្យស៉ំប្រឡងចូលរៀន,"[2225, 3540, 2772, 3689]",
L3I_IMG_0204.jpg,crops/L3I_IMG_0204_r5.png,ok,ថ្នាក់ឆ្នាំសិក្សាមូលដ្ឋាន,"[2250, 3669, 2815, 3787]",
L3I_IMG_0204.jpg,crops/L3I_IMG_0204_r6.png,ok,(ឆ្នាំទី១),"[2354, 3767, 2680, 3885]",
L3I_IMG_0204.jpg,crops/L3I_IMG_0204_r7.png,ok,"១ច្បាប់=៥,000៛","[2280, 3865, 2796, 3989]",
L3I_IMG_0205.jpg,crops/L3I_IMG_0205_r1.png,ok,សូមនិស្សិតជាប់អាហារូបករណ៍,"[1063, 1161, 2759, 1457]",
L3I_IMG_0205.jpg,crops/L3I_IMG_0205_r2.png,ok,ទៅបង់ប្រាក់,"[1449, 1418, 2295, 1652]",
L3I_IMG_0205.jpg,crops/L3I_IMG_0205_r3.png,ok,នៅការិយាល័យគណនេយ្យ,"[1155, 1644, 2649, 1873]",
L3I_IMG_0205.jpg,crops/L3I_IMG_0205_r4.png,ok,បន្ទប់A105,"[1565, 1868, 2240, 2127]",
L3I_IMG_0206.jpg,crops/L3I_IMG_0206_r1.png,ok,កន្លែងបង់សិទ្ធស៉ំប្រឡង,"[1175, 2182, 2435, 2390]",
L3I_IMG_0206.jpg,crops/L3I_IMG_0206_r2.png,ok,ថ្នាក់ឆ្នាំសិក្សាមូលដ្ឋាន,"[1240, 2388, 2430, 2584]",
L3I_IMG_0206.jpg,crops/L3I_IMG_0206_r3.png,ok,(ឆ្នាំទី១),"[1587, 2578, 2034, 2774]",
L3I_IMG_0207.jpg,crops/L3I_IMG_0207_r1.png,ok,គ្មានភារកិច្ច,"[1938, 1345, 2545, 1567]",
L3I_IMG_0207.jpg,crops/L3I_IMG_0207_r2.png,ok,ហាមចូល,"[1968, 1577, 2539, 1714]",
L3I_IMG_0208.jpg,crops/L3I_IMG_0208_r1.png,ok,ព័ត៌មាន,"[1321, 1889, 2378, 2370]",
L3I_IMG_0208.jpg,crops/L3I_IMG_0208_r2.png,ok,សេចក្តីជូនដំណឹង,"[1571, 3907, 2166, 4087]",
L3I_IMG_0209.jpg,crops/L3I_IMG_0209_r1.png,ok,ដេប៉ាតឺម៉ង់៖ គីមី,"[1332, 1889, 2386, 2117]",
L3I_IMG_0209.jpg,crops/L3I_IMG_0209_r2.png,ok,បញ្ជីរាយនាមនិស្សិតដែល,"[1271, 2366, 2423, 2533]",
L3I_IMG_0209.jpg,crops/L3I_IMG_0209_r3.png,ok,ប្រឡងធ្លាក់នាសម័យប្រឡង,"[1265, 2543, 2429, 2692]",
L3I_IMG_0209.jpg,crops/L3I_IMG_0209_r4.png,ok,ថ្ងៃទី១០ ខែកក្កដា ឆ្នាំ២០២៣,"[1271, 2690, 2429, 2888]",
L3I_IMG_0210.jpg,crops/L3I_IMG_0210_r1.png,ok,កន្លែងពិនិត្យពាក្យ,"[1082, 1504, 2386, 1818]",
L3I_IMG_0210.jpg,crops/L3I_IMG_0210_r2.png,ok,ស៉ំចុះឈ្មោះប្រឡងជ្រើសរើសចូលរៀន,"[617, 1816, 2717, 2123]",
L3I_IMG_0210.jpg,crops/L3I_IMG_0210_r3.png,ok,ថ្នាក់ឆ្នាំសិក្សាមូលដ្ឋាន,"[984, 2146, 2411, 2429]",
L3I_IMG_0210.jpg,crops/L3I_IMG_0210_r4.png,ok,(ឆ្នាំទី១),"[1394, 2470, 2087, 2704]",
L3I_IMG_0211.jpg,crops/L3I_IMG_0211_r1.png,ok,ដេប៉ាតឺម៉ង់ទេសចរណ៍,"[699, 2439, 3059, 2845]",
L3I_IMG_0212.jpg,crops/L3I_IMG_0212_r1.png,ok,មតិកែលម្អ,"[595, 1503, 1881, 1985]",
L3I_IMG_0213.jpg,crops/L3I_IMG_0213_r1.png,ok,ដេប៉ាតឺម៉ង់,"[1504, 1498, 2335, 1750]",
L3I_IMG_0213.jpg,crops/L3I_IMG_0213_r2.png,ok,គ្រប់គ្រងពាណិជ្ជកម្ម,"[1133, 1773, 2637, 2099]",
L3I_IMG_0213.jpg,crops/L3I_IMG_0213_r3.png,ok,(អាហារូបករណ៍+សិក្សាបង់ថ្លៃ),"[1143, 2115, 2619, 2301]",
L3I_IMG_0214.jpg,crops/L3I_IMG_0214_r1.png,ok,វច្ចកុដិ,"[1069, 1049, 2166, 1563]",
L3I_IMG_0215.jpg,crops/L3I_IMG_0215_r1.png,ok,៥,"[2048, 776, 2490, 1261]",
L3I_IMG_0215.jpg,crops/L3I_IMG_0215_r2.png,ok,ទស្សនវិជ្ជា,"[929, 1650, 1555, 1854]",
L3I_IMG_0215.jpg,crops/L3I_IMG_0215_r3.png,ok,បង់ថ្លៃ,"[1013, 1838, 1437, 2048]",
L3I_IMG_0215.jpg,crops/L3I_IMG_0215_r4.png,ok,ប្រវត្តិវិទ្យា,"[1669, 1638, 2380, 1879]",
L3I_IMG_0215.jpg,crops/L3I_IMG_0215_r5.png,ok,បង់ថ្លៃ,"[1742, 1846, 2258, 2068]",
L3I_IMG_0216.jpg,crops/L3I_IMG_0216_r1.png,ok,សូមប្រយ័ត្ន,"[1724, 1216, 2576, 1567]",
L3I_IMG_0216.jpg,crops/L3I_IMG_0216_r2.png,ok,ទឹកជ្រៅ,"[1724, 1540, 2631, 2142]",
L3I_IMG_0217.jpg,crops/L3I_IMG_0217_r1.png,ok,ហាមចោល,"[1143, 1540, 1970, 1983]",
L3I_IMG_0217.jpg,crops/L3I_IMG_0217_r2.png,ok,សំរាមនៅទីនេះ,"[1204, 1736, 2123, 2233]",
L3I_IMG_0218.jpg,crops/L3I_IMG_0218_r1.png,ok,មានលក់សម្ភារសិក្សាគ្រប់ប្រភេទ,"[947, 1320, 2215, 1567]",
L3I_IMG_0218.jpg,crops/L3I_IMG_0218_r2.png,ok,តូប A11,"[727, 1516, 992, 1622]",
L3I_IMG_0219.jpg,crops/L3I_IMG_0219_r1.png,ok,វីតាល់,"[1320, 709, 2607, 1224]",
L3I_IMG_0219.jpg,crops/L3I_IMG_0219_r2.png,ok,ទឹកពិសាគុណភាពខ្ពស់,"[1644, 1192, 2509, 1347]",
L3I_IMG_0219.jpg,crops/L3I_IMG_0219_r3.png,ok,មោទនភាពផលិតផលជាតិ,"[1167, 1320, 2515, 1542]",
L3I_IMG_0220.jpg,crops/L3I_IMG_0220_r1.png,ok,ខាងហួត,"[690, 1528, 1481, 1977]",
L3I_IMG_0220.jpg,crops/L3I_IMG_0220_r2.png,ok,សិប្បកម្មផលិតសាច់ប៉ាតេ,"[1445, 1697, 2154, 1983]",
L3I_IMG_0220.jpg,crops/L3I_IMG_0220_r3.png,ok,មានលក់ដ៉ំ និងរាយ,"[660, 2066, 1408, 2276]",
L3I_IMG_0220.jpg,crops/L3I_IMG_0220_r4.png,ok,ប៉ាតេសរ,"[660, 2250, 955, 2411]",
L3I_IMG_0220.jpg,crops/L3I_IMG_0220_r5.png,ok,សាច់ចិញ្រ្ចាំ,"[1069, 2287, 1475, 2466]",
L3I_IMG_0220.jpg,crops/L3I_IMG_0220_r6.png,ok,ប៉ាតេចៀន,"[635, 2415, 998, 2594]",
L3I_IMG_0220.jpg,crops/L3I_IMG_0220_r7.png,ok,ប៉ាតេចៀកជ្រូក,"[1075, 2452, 1557, 2665]",
L3I_IMG_0221.jpg,crops/L3I_IMG_0221_r1.png,ok,ហាមរថយន្តចូល,"[757, 1237, 1712, 1673]",
L3I_IMG_0222.jpg,crops/L3I_IMG_0222_r1.png,ok,ប្រហិតថៃ3រសជាតិ,"[440, 1963, 2704, 2574]",
L3I_IMG_0223.jpg,crops/L3I_IMG_0223_r1.png,ok,3ថែម1,"[1209, 1085, 2090, 1578]",
L3I_IMG_0223.jpg,crops/L3I_IMG_0223_r2.png,ok,1ចង្កាក់ 1500៛,"[1221, 1543, 2086, 1900]",
L3I_IMG_0223.jpg,crops/L3I_IMG_0223_r3.png,ok,ប្រហិតថៃ,"[2134, 3877, 2835, 4423]",
L3I_IMG_0223.jpg,crops/L3I_IMG_0223_r4.png,ok,ប្រើប្រហិត និងទឹកជ្រលក់ គុណភាពលេខ,"[2105, 4227, 3461, 4624]",
L3I_IMG_0223.jpg,crops/L3I_IMG_0223_r5.png,ok,រសជាតិ,"[3079, 3807, 3464, 4199]",
L3I_IMG_0224.jpg,crops/L3I_IMG_0224_r1.png,ok,កូកា-កូឡា,"[849, 1387, 2240, 1750]",
L3I_IMG_0224.jpg,crops/L3I_IMG_0224_r2.png,ok,រសជាតិនៃអារម្មណ៍ស្រស់ស្រាយ,"[605, 1988, 2402, 2281]",
L3I_IMG_0225.jpg,crops/L3I_IMG_0225_r1.png,ok,ប័រក្រឡុក,"[935, 1473, 1493, 1640]",
L3I_IMG_0225.jpg,crops/L3I_IMG_0225_r2.png,ok,រសជាតិអាល្លឺម៉ង់,"[959, 1657, 1475, 1775]",
L3I_IMG_0225.jpg,crops/L3I_IMG_0225_r3.png,ok,តែក្រូចឆ្មា,"[910, 1981, 1585, 2172]",
L3I_IMG_0225.jpg,crops/L3I_IMG_0225_r4.png,ok,រសជាតិអាល្លឺម៉ង់,"[972, 2152, 1567, 2276]",
L3I_IMG_0225.jpg,crops/L3I_IMG_0225_r5.png,ok,ប័រក្រឡុក,"[1913, 1479, 2429, 1671]",
L3I_IMG_0225.jpg,crops/L3I_IMG_0225_r6.png,ok,អាស៉ី,"[1950, 1669, 2380, 1793]",
L3I_IMG_0225.jpg,crops/L3I_IMG_0225_r7.png,ok,តែជ្រក់,"[1920, 1987, 2399, 2154]",
L3I_IMG_0225.jpg,crops/L3I_IMG_0225_r8.png,ok,អាស៉ី,"[1993, 2164, 2296, 2295]",
L3I_IMG_0226.jpg,crops/L3I_IMG_0226_r1.png,ok,ពងមាន់ - ទា,"[1124, 1565, 2191, 1970]",
L3I_IMG_0227.jpg,crops/L3I_IMG_0227_r1.png,ok,កម្ម៉ងឥឡូវនេះ,"[1736, 1425, 2448, 1640]",
L3I_IMG_0228.jpg,crops/L3I_IMG_0228_r1.png,ok,ម្ហូបឆ្ងាញ់ រហ័ស,"[984, 354, 2062, 747]",
L3I_IMG_0228.jpg,crops/L3I_IMG_0228_r2.png,ok,តម្លៃសមរម្យ,"[1253, 690, 1897, 876]",
L3I_IMG_0228.jpg,crops/L3I_IMG_0228_r3.png,ok,២០០០៛,"[1155, 1179, 2105, 1524]",
L3I_IMG_0228.jpg,crops/L3I_IMG_0228_r4.png,ok,ស្រស់ស្រាយពេញមួយថ្ងៃ,"[1051, 1614, 2270, 1897]",
L3I_IMG_0228.jpg,crops/L3I_IMG_0228_r5.png,ok,ទឹកចាហួយ,"[965, 2048, 1340, 2203]",
L3I_IMG_0228.jpg,crops/L3I_IMG_0228_r6.png,ok,គ្រាប់ជី,"[1002, 2213, 1261, 2325]",
L3I_IMG_0228.jpg,crops/L3I_IMG_0228_r7.png,ok,ទឹកម្ជូរព្រឹក,"[1479, 2054, 1879, 2246]",
L3I_IMG_0228.jpg,crops/L3I_IMG_0228_r8.png,ok,ទឹកផ្កាអមរតៈ,"[1907, 2189, 2319, 2374]",
L3I_IMG_0228.jpg,crops/L3I_IMG_0228_r9.png,ok,ទឹកចាហួយគ្រាប់ជី,"[1075, 3257, 1302, 3361]",
L3I_IMG_0228.jpg,crops/L3I_IMG_0228_r10.png,ok,ទឹកម្ជូរព្រឹក,"[1470, 3169, 1714, 3316]",
L3I_IMG_0228.jpg,crops/L3I_IMG_0228_r11.png,ok,ទឹកផ្កាអមរតៈ,"[1895, 3343, 2121, 3434]",
L3I_IMG_0228.jpg,crops/L3I_IMG_0228_r12.png,ok,ត្រីបំពង,"[227, 570, 486, 706]",
L3I_IMG_0228.jpg,crops/L3I_IMG_0228_r13.png,ok,ម្ជូរស្វាយ,"[268, 713, 502, 804]",
L3I_IMG_0229.jpg,crops/L3I_IMG_0229_r1.png,ok,កំពតស្រ្ពីងវ៉ធើរ,"[815, 1594, 2085, 1828]",
L3I_IMG_0229.jpg,crops/L3I_IMG_0229_r2.png,ok,មោទនភាពផលិតផលជាតិខ្មែរ,"[803, 1773, 1983, 1946]",
L3I_IMG_0229.jpg,crops/L3I_IMG_0229_r3.png,ok,ទឹកពិសាបរិសុទ្ធកំពត ស្រ្ពីងវ៉ធើរ,"[427, 1871, 2270, 2113]",
L3I_IMG_0229.jpg,crops/L3I_IMG_0229_r4.png,ok,លេខទំនាក់ទំនង:,"[484, 2181, 1208, 2362]",
L3I_IMG_0229.jpg,crops/L3I_IMG_0229_r5.png,ok,ទាក់ទងមកលេខអត់គិតថ្លៃ:,"[505, 2317, 1497, 2541]",
L3I_IMG_0230.jpg,crops/L3I_IMG_0230_r1.png,ok,សូមអរគុណដែលចូលរួមមិនបើកភ្លើង,"[1080, 1993, 2696, 2256]",
L3I_IMG_0230.jpg,crops/L3I_IMG_0230_r2.png,ok,នៅពេលថ្ងៃ,"[1569, 2217, 2211, 2407]",
L3I_IMG_0231.jpg,crops/L3I_IMG_0231_r1.png,ok,បន្ទប់ទឹក,"[1479, 1369, 2162, 1526]",
L3I_IMG_0232.jpg,crops/L3I_IMG_0232_r1.png,ok,ជ្រើសរើស បុគ្គលិក,"[1075, 872, 2244, 1388]",
L3I_IMG_0232.jpg,crops/L3I_IMG_0232_r2.png,ok,(រត់តុ),"[1721, 1375, 2068, 1662]",
L3I_IMG_0232.jpg,crops/L3I_IMG_0232_r3.png,ok,ប្រុស វេនថ្ងៃ,"[1193, 1364, 1693, 1626]",
L3I_IMG_0232.jpg,crops/L3I_IMG_0232_r4.png,ok,ម៉ោង 12ថ្ងៃត្រង់ ដល់ 8យប់,"[1139, 1642, 2223, 1971]",
L3I_IMG_0232.jpg,crops/L3I_IMG_0232_r5.png,ok,ទំនាក់ទំនងលេខ៖,"[1218, 1982, 2099, 2260]",
L3I_IMG_0233.jpg,crops/L3I_IMG_0233_r1.png,ok,បិទ,"[1326, 1493, 1732, 1691]",
L3I_IMG_0233.jpg,crops/L3I_IMG_0233_r2.png,ok,ទាញ,"[1805, 2103, 2038, 2246]",
L3I_IMG_0234.jpg,crops/L3I_IMG_0234_r1.png,ok,មជ្ឈមណ្ឌលបណ្ដុះធុរកិច្ចថ្មី «តេជោ»,"[1104, 2702, 2333, 2896]",
L3I_IMG_0234.jpg,crops/L3I_IMG_0234_r2.png,ok,២០១៨,"[1589, 3057, 1913, 3194]",
L3I_IMG_0234.jpg,crops/L3I_IMG_0234_r3.png,ok,មជ្ឈមណ្ឌលបណ្ដុះធុរកិច្ចថ្មី «តេជោ»,"[1408, 1962, 2074, 2243]",
L3I_IMG_0235.jpg,crops/L3I_IMG_0235_r1.png,ok,ធនាគារពាណិជ្ជកម្មក្រៅប្រទេស នៃកម្ពុជា,"[366, 1292, 3070, 1771]",
L3I_IMG_0236.jpg,crops/L3I_IMG_0236_r1.png,ok,សហព័ន្ធកីឡាការ៉ាតេកម្ពុជា,"[751, 448, 1784, 1183]",
L3I_IMG_0237.jpg,crops/L3I_IMG_0237_r1.png,ok,ច្រកចូល,"[868, 1165, 2179, 1660]",
L3I_IMG_0238.jpg,crops/L3I_IMG_0238_r1.png,ok,ប្រយ័ត្នដើមឈើរលំ,"[1569, 1756, 2227, 1938]",
L3I_IMG_0239.jpg,crops/L3I_IMG_0239_r1.png,ok,អគារមូល(វ.ស.ន.ប),"[1300, 36, 1901, 140]",
L3I_IMG_0239.jpg,crops/L3I_IMG_0239_r2.png,ok,សង្គ្រោះបឋម,"[1194, 651, 2007, 878]",
L3I_IMG_0240.jpg,crops/L3I_IMG_0240_r1.png,ok,ជីបម៉ុងខនគ្រីត,"[1385, 1858, 2052, 2207]",
L3I_IMG_0241.jpg,crops/L3I_IMG_0241_r1.png,ok,សង្គ្រោះបឋម,"[908, 1553, 2056, 1873]",
L3I_IMG_0242.jpg,crops/L3I_IMG_0242_r1.png,ok,ធុងដាក់លុយ,"[945, 1478, 2372, 2002]",
L3I_IMG_0242.jpg,crops/L3I_IMG_0242_r2.png,ok,មានលក់ចំណីត្រី,"[1141, 2814, 2696, 3385]",
L3I_IMG_0242.jpg,crops/L3I_IMG_0242_r3.png,ok,១កញ្ចប់ ៥00៛,"[1187, 3363, 2587, 3875]",
L3I_IMG_0243.jpg,crops/L3I_IMG_0243_r1.png,ok,បន្ទប់ទឹក,"[1418, 1952, 2183, 2227]",
L3I_IMG_0244.jpg,crops/L3I_IMG_0244_r1.png,ok,សូមកុំឱ្យចំណីសត្វព្រាប,"[1394, 2074, 2191, 2256]",
L3I_IMG_0245.jpg,crops/L3I_IMG_0245_r1.png,ok,កន្លែងទទួលពាក្យ,"[1296, 1891, 2183, 2109]",
L3I_IMG_0246.jpg,crops/L3I_IMG_0246_r1.png,ok,បន្ទប់សាស្រ្តចារ្យ,"[1455, 1899, 2072, 2113]",
L3I_IMG_0247.jpg,crops/L3I_IMG_0247_r1.png,ok,អាហារដ្ឋាន នគរសម្បត្តិ,"[839, 2026, 2794, 2415]",
L3I_IMG_0247.jpg,crops/L3I_IMG_0247_r2.png,ok,បង្កើតបរិយាកាសរីករាយ ពេលញ៊ាំអាហារ,"[1667, 2967, 2937, 3341]",
L3I_IMG_0248.jpg,crops/L3I_IMG_0248_r1.png,ok,សូមដើរថ្នមៗ និង និយាយតិចៗ,"[1165, 896, 2127, 1175]",
L3I_IMG_0249.jpg,crops/L3I_IMG_0249_r1.png,ok,អាគារ,"[1518, 1472, 1744, 1626]",
L3I_IMG_0249.jpg,crops/L3I_IMG_0249_r2.png,ok,សាងសង់ ឆ្នាំ ២០០៣,"[1412, 1584, 1953, 1759]",
L3I_IMG_0249.jpg,crops/L3I_IMG_0249_r3.png,ok,ដោយថវិកាវគ្គសិក្សាបង់ថ្លៃ,"[1345, 1699, 2033, 1871]",
L3I_IMG_0249.jpg,crops/L3I_IMG_0249_r4.png,ok,ដេប៉ាតឺម៉ង់ ភាសាអង់គ្លេស,"[1366, 1833, 1996, 1983]",
L3I_IMG_0250.jpg,crops/L3I_IMG_0250_r1.png,ok,ប្រយ័ត្ន រអិល!,"[1165, 1381, 1869, 1559]",
L3I_IMG_0251.jpg,crops/L3I_IMG_0251_r1.png,ok,ចំណត,"[824, 1328, 1341, 1565]",
L3I_IMG_0251.jpg,crops/L3I_IMG_0251_r2.png,ok,ជនពិការ,"[788, 1545, 1365, 1824]",
L3I_IMG_0252.jpg,crops/L3I_IMG_0252_r1.png,ok,ប្រញាប់ឡើងចំនួនមានកំណត់!!!,"[776, 1255, 2379, 1585]",
L3I_IMG_0253.jpg,crops/L3I_IMG_0253_r1.png,ok,សំរាមកែច្នៃបាន,"[916, 1981, 1928, 2552]",
L3I_IMG_0254.jpg,crops/L3I_IMG_0254_r1.png,ok,ទឹកអាកុលសំរាប់លាងដៃ,"[1133, 1866, 2686, 2215]",
L3I_IMG_0255.jpg,crops/L3I_IMG_0255_r1.png,ok,ទឹកអំពៅ ១កែវ = 2000៛,"[562, 1852, 2466, 2136]",
L3I_IMG_0255.jpg,crops/L3I_IMG_0255_r2.png,ok,កូកា(coca) ១កំប៉ុង = 3000៛,"[586, 2097, 2466, 2337]",
L3I_IMG_0255.jpg,crops/L3I_IMG_0255_r3.png,ok,វីហ្គ័រ(Vigor) ១កំប៉ុង = 3000៛,"[635, 2311, 2435, 2521]",
L3I_IMG_0255.jpg,crops/L3I_IMG_0255_r4.png,ok,Stingក្រហម១ កំប៉ុង = 3000៛,"[660, 2537, 2441, 2741]",
L3I_IMG_0255.jpg,crops/L3I_IMG_0255_r5.png,ok,ទឹកបរិសុទ្ធ(60ml) ១ ដប = 1000៛,"[678, 2696, 2435, 2931]",
L3I_IMG_0256.jpg,crops/L3I_IMG_0256_r1.png,ok,កាត់សក់បុរស-នារី,"[1642, 1678, 2644, 2044]",
L3I_IMG_0256.jpg,crops/L3I_IMG_0256_r2.png,ok,ធីវី,"[1112, 1767, 1628, 2244]",
L3I_IMG_0257.jpg,crops/L3I_IMG_0257_r1.png,ok,សួស្ដីបង។,"[890, 965, 1487, 1286]",
L3I_IMG_0258.jpg,crops/L3I_IMG_0258_r1.png,ok,កន្លែងផ្ញើ,"[1170, 1712, 1977, 1995]",
L3I_IMG_0258.jpg,crops/L3I_IMG_0258_r2.png,ok,កង់-ម៉ូតូ,"[1173, 1993, 1970, 2215]",
L3I_IMG_0258.jpg,crops/L3I_IMG_0258_r3.png,ok,ហាមឈប់,"[340, 1556, 676, 1686]",
L3I_IMG_0259.jpg,crops/L3I_IMG_0259_r1.png,ok,កាលវិភាគសម្អាតប្រចាំថ្ងៃ,"[666, 1613, 2149, 1863]",
L3I_IMG_0260.jpg,crops/L3I_IMG_0260_r1.png,ok,ហាមជក់វេប,"[983, 650, 1625, 837]",
L3I_IMG_0261.jpg,crops/L3I_IMG_0261_r1.png,ok,រសជាតិទាន់សម័យ,"[770, 1663, 2536, 2815]",
L3I_IMG_0262.jpg,crops/L3I_IMG_0262_r1.png,ok,តែបៃតង និង ភេសជ្ជៈគ្រប់មុខ,"[12, 2799, 2883, 3428]",
L3I_IMG_0263.jpg,crops/L3I_IMG_0263_r1.png,ok,អ៉ី ហ្គេត អ្នកជំនាញផ្នែក ដឹកជញ្ជូនអាហារនិងភេសជ្ជៈ,"[556, 2836, 2954, 3145]",
L3I_IMG_0264.jpg,crops/L3I_IMG_0264_r1.png,ok,ចង់ពូកែត្រូវតែក្លាហាន,"[1069, 1595, 2957, 1842]",
L3I_IMG_0265.jpg,crops/L3I_IMG_0265_r1.png,ok,ផ្ទះសុភមង្គល,"[874, 1237, 2175, 1729]",
L3I_IMG_0266.jpg,crops/L3I_IMG_0266_r1.png,ok,សូមចុចទឹកត្រង់នេះ,"[1105, 1889, 2019, 2074]",
L3I_IMG_0266.jpg,crops/L3I_IMG_0266_r2.png,ok,សូមអរគុណ,"[1773, 2115, 2270, 2289]",
L3I_IMG_0267.jpg,crops/L3I_IMG_0267_r1.png,ok,សូមពិនិត្យមើលរបស់របរផ្ទាល់ខ្លួនរបស់អ្នកមុននឹងចាកចេញ,"[746, 1679, 2980, 2065]",
L3I_IMG_0267.jpg,crops/L3I_IMG_0267_r2.png,ok,សូមរក្សាអនាម័យ!,"[1051, 2684, 2735, 3106]",
L3I_IMG_0268.jpg,crops/L3I_IMG_0268_r1.png,ok,ក្រដាសអនាម័យ,"[445, 1332, 1616, 1706]",
L3I_IMG_0269.jpg,crops/L3I_IMG_0269_r1.png,ok,ផ្ទះលក់បន្ទាន់ (តម្លៃក្រោមទីផ្សារ),"[1149, 2005, 2627, 2598]",
L3I_IMG_0270.jpg,crops/L3I_IMG_0270_r1.png,ok,ផ្ទះគំរូ វីឡា កូនកាត់ A,"[969, 1865, 1811, 2032]",
L3I_IMG_0271.jpg,crops/L3I_IMG_0271_r1.png,ok,ម៉ាស៊ីនដកប្រាក់,"[605, 2592, 2937, 3190]",
L3I_IMG_0272.jpg,crops/L3I_IMG_0272_r1.png,ok,កាត,"[1449, 2319, 1801, 2570]",
L3I_IMG_0273.jpg,crops/L3I_IMG_0273_r1.png,ok,វិក្កយបត្រ,"[733, 2305, 1475, 2711]",
L3I_IMG_0274.jpg,crops/L3I_IMG_0274_r1.png,ok,ប្រព័ន្ធទូរស័ព្ទឥតគិតថ្លៃ,"[381, 866, 1820, 1256]",
L3I_IMG_0275.jpg,crops/L3I_IMG_0275_r1.png,ok,ដកប្រាក់,"[684, 1510, 1457, 1775]",
L3I_IMG_0275.jpg,crops/L3I_IMG_0275_r2.png,ok,ដាក់ប្រាក់,"[684, 1797, 1463, 2078]",
L3I_IMG_0276.jpg,crops/L3I_IMG_0276_r1.png,ok,ទូទាត់លឿនស្រួល,"[548, 1748, 2631, 2499]",
L3I_IMG_0276.jpg,crops/L3I_IMG_0276_r2.png,ok,គ្រប់ធនាគារ!,"[782, 2268, 2368, 2925]",
L3I_IMG_0277.jpg,crops/L3I_IMG_0277_r1.png,ok,ឥតគិត,"[874, 629, 2185, 1212]",
L3I_IMG_0277.jpg,crops/L3I_IMG_0277_r2.png,ok,ថ្លៃសេវា,"[806, 1247, 2252, 1879]",
L3I_IMG_0277.jpg,crops/L3I_IMG_0277_r3.png,ok,ស្កេន QR កូដ,"[1705, 3510, 2136, 3652]",
L3I_IMG_0278.jpg,crops/L3I_IMG_0278_r1.png,ok,ដាក់លុយចូលគណនី,"[605, 2818, 2244, 3196]",
L3I_IMG_0278.jpg,crops/L3I_IMG_0278_r2.png,ok,ឬបង់កម្ចី នៅគ្រប់ភ្នាក់ងារទ្រូម៉ាន់នី,"[299, 3146, 3039, 3602]",
L3I_IMG_0278.jpg,crops/L3I_IMG_0278_r3.png,ok,ឥតគិតថ្លៃ,"[2598, 372, 3133, 625]",
L3I_IMG_0279.jpg,crops/L3I_IMG_0279_r1.png,ok,ដកប្រាក់ / ដាក់ប្រាក់ / ដាក់មូលប្បទានបត្រ / បើកកាត,"[608, 1519, 2199, 1693]",
L3I_IMG_0280.jpg,crops/L3I_IMG_0280_r1.png,ok,សេវាផ្ទេរប្រាក់ភ្លាម។,"[1272, 1802, 2188, 2058]",
L3I_IMG_0280.jpg,crops/L3I_IMG_0280_r2.png,ok,ពីកាត ទៅ កាត,"[1365, 1988, 2123, 2180]",
L3I_IMG_0280.jpg,crops/L3I_IMG_0280_r3.png,ok,តាម,"[1240, 2213, 1506, 2386]",
L3I_IMG_0281.jpg,crops/L3I_IMG_0281_r1.png,ok,ម៉ាស៊ីនដាក់,"[1271, 2158, 2243, 2521]",
L3I_IMG_0281.jpg,crops/L3I_IMG_0281_r2.png,ok,មូលប្បទានបត្រ,"[1194, 2446, 2289, 2827]",
L3I_IMG_0282.jpg,crops/L3I_IMG_0282_r1.png,ok,ម៉ាស៉ីនបើកកាត់ ក្លាសិក,"[1045, 1608, 2123, 2038]",
L3I_IMG_0283.jpg,crops/L3I_IMG_0283_r1.png,ok,ចុចត្រង់នេះ,"[1052, 1920, 1983, 2222]",
L3I_IMG_0283.jpg,crops/L3I_IMG_0283_r2.png,ok,ដើម្បីយកកាត,"[858, 2220, 1661, 2482]",
L3I_IMG_0283.jpg,crops/L3I_IMG_0283_r3.png,ok,យកកាត,"[470, 4062, 1169, 4307]",
L3I_IMG_0284.jpg,crops/L3I_IMG_0284_r1.png,ok,របៀបបើក,"[1547, 2096, 2277, 2293]",
L3I_IMG_0284.jpg,crops/L3I_IMG_0284_r2.png,ok,គណនីរហ័ស,"[1467, 2250, 2429, 2472]",
L3I_IMG_0284.jpg,crops/L3I_IMG_0284_r3.png,ok,ដោនឡូត,"[1242, 2634, 1496, 2744]",
L3I_IMG_0284.jpg,crops/L3I_IMG_0284_r4.png,ok,ថតមុខខ្លួនឯង,"[1257, 3299, 1591, 3402]",
L3I_IMG_0284.jpg,crops/L3I_IMG_0284_r5.png,ok,បញ្ចូលលេខទូរស័ព្ទ,"[2196, 2644, 2614, 2778]",
L3I_IMG_0284.jpg,crops/L3I_IMG_0284_r6.png,ok,ថត អត្តសញ្ញាណប័ណ្ណ,"[2176, 3272, 2701, 3463]",
L3I_IMG_0284.jpg,crops/L3I_IMG_0284_r7.png,ok,ដាក់លុយចូលគណនី,"[1163, 4011, 1711, 4163]",
L3I_IMG_0284.jpg,crops/L3I_IMG_0284_r8.png,ok,ចាប់ផ្ដើមប្រើប្រាស់,"[2242, 4012, 2729, 4229]",
L3I_IMG_0285.jpg,crops/L3I_IMG_0285_r1.png,ok,ផ្សារទំនើប ជីប ម៉ុង,"[1118, 1895, 2191, 2272]",
L3I_IMG_0285.jpg,crops/L3I_IMG_0285_r2.png,ok,(ជាន់ទី១),"[1265, 2213, 2019, 2484]",
L3I_IMG_0286.jpg,crops/L3I_IMG_0286_r1.png,ok,ឡឺប៉័ងប៉ាតេ,"[519, 721, 1500, 1224]",
L3I_IMG_0286.jpg,crops/L3I_IMG_0286_r2.png,ok,ចាប់បើកហើយ,"[549, 898, 2564, 1610]",
L3I_IMG_0286.jpg,crops/L3I_IMG_0286_r3.png,ok,ឆ្ងាញ់ អនាម័យ រហ័ស,"[1020, 3461, 2478, 3787]",
L3I_IMG_0286.jpg,crops/L3I_IMG_0286_r4.png,ok,ស្ថិតនៅផ្សារទំនើប ជីប ម៉ុង ២៧១ មេហ្កា ម៉ល នៅជាន់ទី១,"[1082, 3993, 1799, 4130]",
L3I_IMG_0286.jpg,crops/L3I_IMG_0286_r5.png,ok,(ទល់មុខ ម៉ាត ជីប ម៉ុង),"[1214, 4097, 1705, 4168]",
L3I_IMG_0286.jpg,crops/L3I_IMG_0286_r6.png,ok,នំប៉័ងប៉ាតេ,"[2254, 3991, 2496, 4046]",
L3I_IMG_0286.jpg,crops/L3I_IMG_0286_r7.png,ok,ឆ្ងាញ់ជាងគេ,"[2258, 4044, 2496, 4103]",
L3I_IMG_0287.jpg,crops/L3I_IMG_0287_r1.png,ok,ឱកាសឈ្នះរថយន្ត,"[525, 2880, 3218, 3500]",
L3I_IMG_0287.jpg,crops/L3I_IMG_0287_r2.png,ok,ស៊េរីថ្មី,"[2806, 3534, 3334, 3922]",
L3I_IMG_0287.jpg,crops/L3I_IMG_0287_r3.png,ok,និងរង្វាន់ជាច្រើនទៀត,"[910, 3895, 2668, 4307]",
L3I_IMG_0288.jpg,crops/L3I_IMG_0288_r1.png,ok,ញ៊ាំ3ថែម1នាក់,"[231, 849, 2961, 1860]",
L3I_IMG_0288.jpg,crops/L3I_IMG_0288_r2.png,ok,សម្រាប់តែអាហារពេលថ្ងៃ,"[757, 1577, 2998, 2019]",
L3I_IMG_0288.jpg,crops/L3I_IMG_0288_r3.png,ok,រៀងរាល់ថ្ងៃច័ន្ទ-ពុធ,"[1467, 1926, 2435, 2135]",
L3I_IMG_0288.jpg,crops/L3I_IMG_0288_r4.png,ok,ញ៊ាំបង្កង,"[1553, 2210, 2992, 2961]",
L3I_IMG_0288.jpg,crops/L3I_IMG_0288_r5.png,ok,ដោយសេរី,"[1351, 2984, 3053, 3616]",
L3I_IMG_0288.jpg,crops/L3I_IMG_0288_r6.png,ok,ហូបយូរប៉ុណ្ណាក៏បាន...!,"[482, 3644, 3084, 4264]",
L3I_IMG_0288.jpg,crops/L3I_IMG_0288_r7.png,ok,ឥតកំណត់ម៉ោង,"[1118, 4109, 2521, 4545]",
L3I_IMG_0289.jpg,crops/L3I_IMG_0289_r1.png,ok,បន្លែក្នុងផ្ទះសំណាញ់,"[488, 2470, 2405, 2925]",
L3I_IMG_0289.jpg,crops/L3I_IMG_0289_r2.png,ok,ដាំដុះស្តង់ដាជប៉ុន,"[941, 2886, 2637, 3316]",
L3I_IMG_0290.jpg,crops/L3I_IMG_0290_r1.png,ok,ទំនិញ,"[1803, 1283, 2974, 1952]",
L3I_IMG_0290.jpg,crops/L3I_IMG_0290_r2.png,ok,លក់ដាច់,"[1834, 1822, 3090, 2478]",
L3I_IMG_0291.jpg,crops/L3I_IMG_0291_r1.png,ok,ទឹកដោះគោជូររសជាតិ,"[321, 2703, 2193, 2982]",
L3I_IMG_0291.jpg,crops/L3I_IMG_0291_r2.png,ok,ស្ត្រប៊ឺរី,"[366, 2934, 930, 3180]",
L3I_IMG_0291.jpg,crops/L3I_IMG_0291_r3.png,ok,៛,"[2023, 3655, 2258, 3991]",
L3I_IMG_0292.jpg,crops/L3I_IMG_0292_r1.png,ok,សាច់ក្រកសៀមរាប លីធាងសេង,"[821, 3009, 2647, 3424]",
L3I_IMG_0293.jpg,crops/L3I_IMG_0293_r1.png,ok,កសិផលកែច្នៃក្នុងស្រុក,"[779, 3095, 3184, 3663]",
L3I_IMG_0293.jpg,crops/L3I_IMG_0293_r2.png,ok,កែវរមៀត,"[1584, 4223, 2230, 4596]",
L3I_IMG_0293.jpg,crops/L3I_IMG_0293_r3.png,ok,លោកសក្តិ,"[746, 2278, 2433, 2986]",
L3I_IMG_0294.jpg,crops/L3I_IMG_0294_r1.png,ok,អង្សារទូរទឹក,"[1516, 1173, 2466, 1414]",
L3I_IMG_0295.jpg,crops/L3I_IMG_0295_r1.png,ok,កន្លែងឆុងមី,"[1461, 2458, 2540, 2895]",
L3I_IMG_0296.jpg,crops/L3I_IMG_0296_r1.png,ok,នំប៉័ង,"[390, 1809, 1811, 2478]",
L3I_IMG_0297.jpg,crops/L3I_IMG_0297_r1.png,ok,សូមធ្វើការ,"[1514, 1675, 2319, 1977]",
L3I_IMG_0297.jpg,crops/L3I_IMG_0297_r2.png,ok,បញ្ជាគិតលុយ,"[1430, 1956, 2359, 2238]",
L3I_IMG_0297.jpg,crops/L3I_IMG_0297_r3.png,ok,នំប៉ាវស្នូលពងមាន់ផ្អែម,"[2864, 2764, 3383, 2870]",
L3I_IMG_0297.jpg,crops/L3I_IMG_0297_r4.png,ok,នំប៉ាវស្នូលសាស៊ីវសាច់ជ្រូក,"[2855, 2918, 3396, 3036]",
L3I_IMG_0297.jpg,crops/L3I_IMG_0297_r5.png,ok,នំប៉ាវស្នូលសាច់មាន់ បន្លែ,"[2882, 3137, 3408, 3251]",
L3I_IMG_0297.jpg,crops/L3I_IMG_0297_r6.png,ok,នំប៉ាវស្នូលសាច់ជ្រូកពងមាន់,"[2885, 3355, 3426, 3472]",
L3I_IMG_0297.jpg,crops/L3I_IMG_0297_r7.png,ok,កុំភ្លេចចាក់ទឹក,"[2973, 3873, 3123, 4278]",
L3I_IMG_0298.jpg,crops/L3I_IMG_0298_r1.png,ok,ផ្លែឈើ គឺជាប្រភពនៃវីតាមីនដ៏ល្អសំរាប់សុខភាព,"[170, 1907, 3234, 2309]",
L3I_IMG_0299.jpg,crops/L3I_IMG_0299_r1.png,ok,បន្លែពិសិដ្ឋ,"[1100, 2633, 2342, 3112]",
L3I_IMG_0299.jpg,crops/L3I_IMG_0299_r2.png,ok,ស្តង់ដារសុវត្ថិភាព,"[1540, 3208, 2289, 3418]",
L3I_IMG_0299.jpg,crops/L3I_IMG_0299_r3.png,ok,ដាំដុះក្នុងផ្ទះសំណាញ់,"[1548, 3363, 2346, 3593]",
L3I_IMG_0299.jpg,crops/L3I_IMG_0299_r4.png,ok,បន្លែ,"[1214, 3155, 1550, 3504]",
L3I_IMG_0300.jpg,crops/L3I_IMG_0300_r1.png,ok,បញ្ចុះតម្លៃប្រចាំសប្តាហ៍,"[251, 2670, 1730, 3002]",
L3I_IMG_0300.jpg,crops/L3I_IMG_0300_r2.png,ok,រាល់ការទិញបន្លែសុវត្ថិភាព Ksafefresh ចាប់ពី,"[941, 3021, 2488, 3247]",
L3I_IMG_0300.jpg,crops/L3I_IMG_0300_r3.png,ok,ឡើងនិងទទួលបានកាបូប1,"[515, 3110, 3221, 3510]",
L3I_IMG_0301.jpg,crops/L3I_IMG_0301_r1.png,ok,ទឹកដោះគោស្រស់,"[553, 2294, 2347, 2889]",
L3I_IMG_0350.jpg,crops/L3I_IMG_0350_r1.png,ok,មីញាំ បែបថៃ,"[810, 1072, 2484, 1705]",
L3I_IMG_0350.jpg,crops/L3I_IMG_0350_r2.png,ok,៛,"[2041, 1616, 2206, 1917]",
L3I_IMG_0349.jpg,crops/L3I_IMG_0349_r1.png,ok,ប្រហិតត្រីឈីនចាំង,"[859, 1355, 2571, 1705]",
L3I_IMG_0349.jpg,crops/L3I_IMG_0349_r2.png,ok,មានលក់នៅទីនេះ,"[353, 1921, 2582, 2445]",
L3I_IMG_0349.jpg,crops/L3I_IMG_0349_r3.png,ok,ប្រហិតត្រីឈីនចាំង,"[1763, 3919, 2456, 4095]",
L3I_IMG_0349.jpg,crops/L3I_IMG_0349_r4.png,ok,យ៉ាគូហ្សា ស្រួយ,"[1725, 4060, 2554, 4209]",
L3I_IMG_0349.jpg,crops/L3I_IMG_0349_r5.png,ok,ខ្នាតធំ ១០០០០ ៛ ២០គ្រាប់,"[1660, 4169, 2641, 4335]",
L3I_IMG_0348.jpg,crops/L3I_IMG_0348_r1.png,ok,បាយស,"[734, 2215, 1683, 2549]",
L3I_IMG_0347.jpg,crops/L3I_IMG_0347_r1.png,ok,បិទបញ្ជរ,"[2323, 1835, 2991, 2120]",
L3I_IMG_0347.jpg,crops/L3I_IMG_0347_r2.png,ok,សូមប្រើប្រាស់បញ្ជរបន្ទាប់,"[2085, 2069, 3192, 2301]",
L3I_IMG_0346.jpg,crops/L3I_IMG_0346_r1.png,ok,ស្តង់ដារសុវត្ថិភាព,"[1332, 1362, 2643, 1744]",
L3I_IMG_0346.jpg,crops/L3I_IMG_0346_r2.png,ok,ដាំដុះក្នុងផ្ទះសំណាញ់,"[1290, 1640, 2932, 2118]",
L3I_IMG_0346.jpg,crops/L3I_IMG_0346_r3.png,ok,បន្លែ,"[536, 1247, 1334, 2064]",
L3I_IMG_0346.jpg,crops/L3I_IMG_0346_r4.png,ok,សា្វយចន្ទី,"[986, 3094, 1282, 3275]",
L3I_IMG_0346.jpg,crops/L3I_IMG_0346_r5.png,ok,ផលិតផលប្រទេសកម្ពុជា,"[1159, 3676, 1485, 3769]",
L3I_IMG_0346.jpg,crops/L3I_IMG_0346_r6.png,ok,សា្វយចន្ទី,"[1606, 3058, 1904, 3229]",
L3I_IMG_0346.jpg,crops/L3I_IMG_0346_r7.png,ok,ផលិតផលប្រទេសកម្ពុជា,"[1789, 3615, 2090, 3714]",
L3I_IMG_0346.jpg,crops/L3I_IMG_0346_r8.png,ok,សា្វយចន្ទី,"[2219, 2950, 2488, 3106]",
L3I_IMG_0346.jpg,crops/L3I_IMG_0346_r9.png,ok,ផលិតផលប្រទេសកម្ពុជា,"[2366, 3504, 2640, 3576]",
L3I_IMG_0346.jpg,crops/L3I_IMG_0346_r10.png,ok,ដំណាប់,"[2894, 2928, 3048, 3026]",
L3I_IMG_0346.jpg,crops/L3I_IMG_0346_r11.png,ok,កែវរមៀត,"[2872, 2921, 3258, 3159]",
L3I_IMG_0346.jpg,crops/L3I_IMG_0346_r12.png,ok,ផលិតផលប្រទេសកម្ពុជា,"[2911, 3437, 3212, 3535]",
L3I_IMG_0345.jpg,crops/L3I_IMG_0345_r1.png,ok,បន្លែសុវត្ថិភាពខ្មែរ,"[524, 1633, 2546, 2160]",
L3I_IMG_0344.jpg,crops/L3I_IMG_0344_r1.png,ok,មីជាតិ,"[1235, 1971, 2414, 2613]",
L3I_IMG_0344.jpg,crops/L3I_IMG_0344_r2.png,ok,ម៉ាស៊ីនជប៉ុន បច្ចេកវិទ្យាជប៉ុន,"[2315, 1579, 3228, 1895]",
L3I_IMG_0344.jpg,crops/L3I_IMG_0344_r3.png,ok,សាច់ជ្រូក,"[2074, 2966, 2661, 3312]",
L3I_IMG_0344.jpg,crops/L3I_IMG_0344_r4.png,ok,ចិញ្ច្រាំ,"[2297, 2972, 2956, 3463]",
L3I_IMG_0344.jpg,crops/L3I_IMG_0344_r5.png,ok,ស្នាដៃខ្មែរ,"[1622, 3407, 1994, 3596]",
L3I_IMG_0344.jpg,crops/L3I_IMG_0344_r6.png,ok,រសជាតិខ្មែរ,"[1658, 3476, 2037, 3665]",
L3I_IMG_0344.jpg,crops/L3I_IMG_0344_r7.png,ok,មីឆ្អិនស្រាប់,"[1480, 3660, 1729, 3780]",
L3I_IMG_0344.jpg,crops/L3I_IMG_0344_r8.png,ok,ទម្ងន់សុទ្ធ,"[2656, 3449, 2857, 3562]",
L3I_IMG_0344.jpg,crops/L3I_IMG_0344_r9.png,ok,ហែកត្រង់នេះ,"[2294, 1564, 2513, 1666]",
L3I_IMG_0343.jpg,crops/L3I_IMG_0343_r1.png,ok,អង្សារទូរបន្លែផ្លែឈើ,"[379, 1543, 3167, 2196]",
L3I_IMG_0342.jpg,crops/L3I_IMG_0342_r1.png,ok,សាប៊ូលាងចាន,"[1118, 2647, 2535, 3053]",
L3I_IMG_0341.jpg,crops/L3I_IMG_0341_r1.png,ok,បងអូរ៉ា ជំនួយការមេផ្ទះខាងសម្អាត,"[524, 2924, 2944, 3318]",
L3I_IMG_0340.jpg,crops/L3I_IMG_0340_r1.png,ok,ទំនិញតម្លៃ,"[988, 1338, 1919, 2178]",
L3I_IMG_0340.jpg,crops/L3I_IMG_0340_r2.png,ok,ចុះក្រោម,"[1640, 1591, 2420, 2450]",
L3I_IMG_0339.jpg,crops/L3I_IMG_0339_r1.png,ok,ស្រាសរ,"[1308, 2273, 2600, 2824]",
L3I_IMG_0338.jpg,crops/L3I_IMG_0338_r1.png,ok,ស្រាក្រហម,"[1205, 1561, 2178, 2040]",
L3I_IMG_0338.jpg,crops/L3I_IMG_0338_r2.png,ok,ស្រាសរ,"[1368, 1971, 2106, 2401]",
L3I_IMG_0338.jpg,crops/L3I_IMG_0338_r3.png,ok,ស្រាសំប៉ាញ,"[1211, 2267, 2323, 2836]",
L3I_IMG_0337.jpg,crops/L3I_IMG_0337_r1.png,ok,ទិញ 2 កេស,"[1211, 1513, 2486, 1955]",
L3I_IMG_0337.jpg,crops/L3I_IMG_0337_r2.png,ok,ទទួលបានកាបូប 1,"[1181, 1851, 2552, 2233]",
L3I_IMG_0336.jpg,crops/L3I_IMG_0336_r1.png,ok,ស្រាបៀរក្នុង,"[1211, 1374, 2124, 1732]",
L3I_IMG_0336.jpg,crops/L3I_IMG_0336_r2.png,ok,និងក្រៅប្រទេស,"[1133, 1724, 2305, 2034]",
L3I_IMG_0336.jpg,crops/L3I_IMG_0336_r3.png,ok,ស្រាបៀរទឹកខ្មៅ,"[1091, 1959, 2275, 2353]",
L3I_IMG_0335.jpg,crops/L3I_IMG_0335_r1.png,ok,ប្រទេសចិន,"[228, 1036, 2715, 2576]",
L3I_IMG_0334.jpg,crops/L3I_IMG_0334_r1.png,ok,ប្រទេសកម្ពុជា,"[620, 578, 2902, 2359]",
L3I_IMG_0333.jpg,crops/L3I_IMG_0333_r1.png,ok,ប្រទេសកូរេ,"[427, 668, 3005, 2407]",
L3I_IMG_0332.jpg,crops/L3I_IMG_0332_r1.png,ok,ប្រទេសជប៉ុន,"[307, 590, 3047, 2082]",
L3I_IMG_0331.jpg,crops/L3I_IMG_0331_r1.png,ok,ប្រទេសថៃ,"[1024, 590, 2492, 1877]",
L3I_IMG_0330.jpg,crops/L3I_IMG_0330_r1.png,ok,ចាហួយ,"[795, 1127, 1328, 1394]",
L3I_IMG_0330.jpg,crops/L3I_IMG_0330_r2.png,ok,ចាហួយភុតដីង,"[614, 1537, 1581, 1841]",
L3I_IMG_0330.jpg,crops/L3I_IMG_0330_r3.png,ok,ស្ករគ្រាប់,"[2231, 1115, 2830, 1400]",
L3I_IMG_0330.jpg,crops/L3I_IMG_0330_r4.png,ok,ស្ករកៅស៊ូ,"[2237, 1531, 2884, 1828]",
L3I_IMG_0329.jpg,crops/L3I_IMG_0329_r1.png,ok,ទំនិញតាមប្រទេស,"[251, 1992, 3248, 2950]",
L3I_IMG_0328.jpg,crops/L3I_IMG_0328_r1.png,ok,ម្សៅដុតនំ,"[566, 1471, 1171, 1792]",
L3I_IMG_0328.jpg,crops/L3I_IMG_0328_r2.png,ok,ម្សៅកិន និងពណ៌,"[439, 1820, 1412, 2166]",
L3I_IMG_0328.jpg,crops/L3I_IMG_0328_r3.png,ok,ប៉ាស្តា,"[2050, 1332, 2504, 1654]",
L3I_IMG_0328.jpg,crops/L3I_IMG_0328_r4.png,ok,ទឹកជ្រលក់ប៉ាស្តា,"[1826, 1694, 2836, 2028]",
L3I_IMG_0327.jpg,crops/L3I_IMG_0327_r1.png,ok,មីជាតិ,"[1048, 964, 2576, 1841]",
L3I_IMG_0327.jpg,crops/L3I_IMG_0327_r2.png,ok,មីចាន,"[910, 3051, 1382, 3330]",
L3I_IMG_0326.jpg,crops/L3I_IMG_0326_r1.png,ok,បើមានទឹកដោះគោ,"[970, 1658, 2426, 2021]",
L3I_IMG_0326.jpg,crops/L3I_IMG_0326_r2.png,ok,ត្រូវតែមាន អូរីអូ,"[970, 2013, 2438, 2486]",
L3I_IMG_0326.jpg,crops/L3I_IMG_0326_r3.png,ok,បង្វិល,"[1646, 3027, 2571, 3939]",
L3I_IMG_0325.jpg,crops/L3I_IMG_0325_r1.png,ok,លិឍ,"[964, 385, 2136, 1147]",
L3I_IMG_0325.jpg,crops/L3I_IMG_0325_r2.png,ok,ជ្រលក់,"[1061, 1851, 2015, 3011]",
L3I_IMG_0324.jpg,crops/L3I_IMG_0324_r1.png,ok,នំប្រៃ,"[2116, 1199, 2600, 1605]",
L3I_IMG_0323.jpg,crops/L3I_IMG_0323_r1.png,ok,នំដំឡូងបំពងកញ្ចប់,"[904, 1139, 2564, 1774]",
L3I_IMG_0323.jpg,crops/L3I_IMG_0323_r2.png,ok,នំដំឡូងបំពងកំប៉ុង,"[928, 1857, 2564, 2426]",
L3I_IMG_0322.jpg,crops/L3I_IMG_0322_r1.png,ok,នំប៊ីសស្កីត,"[2056, 1917, 2763, 2299]",
L3I_IMG_0322.jpg,crops/L3I_IMG_0322_r2.png,ok,នំខេក,"[2158, 2393, 2649, 2727]",
L3I_IMG_0321.jpg,crops/L3I_IMG_0321_r1.png,ok,នំសឺរៀលគ្រាប់ធញ្ញជាតិ,"[451, 1646, 1973, 2076]",
L3I_IMG_0321.jpg,crops/L3I_IMG_0321_r2.png,ok,ធញ្ញជាតិ,"[837, 2122, 1455, 2438]",
L3I_IMG_0321.jpg,crops/L3I_IMG_0321_r3.png,ok,នំសឺរៀលអ៉ឺរ៉ុប,"[699, 2466, 1690, 2842]",
L3I_IMG_0320.jpg,crops/L3I_IMG_0320_r1.png,ok,ទឹកដោះគោកញ្ចប់,"[331, 994, 1798, 1406]",
L3I_IMG_0320.jpg,crops/L3I_IMG_0320_r2.png,ok,ទឹកដោះគោខាប់,"[391, 1597, 1762, 1931]",
L3I_IMG_0319.jpg,crops/L3I_IMG_0319_r1.png,ok,ដំណាប់,"[2146, 1416, 2781, 1750]",
L3I_IMG_0319.jpg,crops/L3I_IMG_0319_r2.png,ok,ទឹកឃ្មុំ,"[2158, 1989, 2709, 2371]",
L3I_IMG_0318.jpg,crops/L3I_IMG_0318_r1.png,ok,ទឹកដោះគោឆៅខ្លាឃ្មុំ,"[337, 1543, 2221, 1865]",
L3I_IMG_0318.jpg,crops/L3I_IMG_0318_r2.png,ok,១៤០មល,"[331, 1857, 1268, 2064]",
L3I_IMG_0318.jpg,crops/L3I_IMG_0318_r3.png,ok,៛,"[2225, 2743, 2438, 3005]",
L3I_IMG_0317.jpg,crops/L3I_IMG_0317_r1.png,ok,មជ្ឈមណ្ឌលព្យាបាលកុមារបេះដូងជប៉ុន,"[1133, 3081, 2860, 3324]",
L3I_IMG_0316.jpg,crops/L3I_IMG_0316_r1.png,ok,យកវិក្ក័យប័ត្រដូរយក,"[994, 1863, 2582, 2172]",
L3I_IMG_0316.jpg,crops/L3I_IMG_0316_r2.png,ok,កាដូ,"[964, 2152, 1358, 2426]",
L3I_IMG_0316.jpg,crops/L3I_IMG_0316_r3.png,ok,ការចំណាយចាប់ពី 30ដុល្លារ,"[1024, 2617, 1955, 2775]",
L3I_IMG_0316.jpg,crops/L3I_IMG_0316_r4.png,ok,ទទួលបានឆ័ត្រ 1,"[1028, 2736, 1742, 2923]",
L3I_IMG_0315.jpg,crops/L3I_IMG_0315_r1.png,ok,ចេកអំបូងលឿង,"[1272, 994, 3005, 1816]",
L3I_IMG_0314.jpg,crops/L3I_IMG_0314_r1.png,ok,សូមថ្លឹងទំនិញមុននឹង,"[910, 385, 2655, 701]",
L3I_IMG_0314.jpg,crops/L3I_IMG_0314_r2.png,ok,យកមកកន្លែងគិតលុយ,"[861, 675, 2685, 954]",
L3I_IMG_0314.jpg,crops/L3I_IMG_0314_r3.png,ok,សូមអរគុណ!,"[1217, 952, 2522, 1274]",
L3I_IMG_0313.jpg,crops/L3I_IMG_0313_r1.png,ok,តែ,"[917, 2574, 1205, 2865]",
L3I_IMG_0313.jpg,crops/L3I_IMG_0313_r2.png,ok,កាហ្វេ,"[2260, 2602, 2825, 2933]",
L3I_IMG_0312.jpg,crops/L3I_IMG_0312_r1.png,ok,បញ្ចុះតម្លៃ,"[1071, 1687, 2150, 2391]",
L3I_IMG_0312.jpg,crops/L3I_IMG_0312_r2.png,ok,ប្រចាំសប្តាហ៍,"[1165, 2217, 1946, 2687]",
L3I_IMG_0312.jpg,crops/L3I_IMG_0312_r3.png,ok,រហូតដល់,"[1714, 2340, 2268, 2788]",
L3I_IMG_0311.jpg,crops/L3I_IMG_0311_r1.png,ok,កន្លែងថ្លឹង,"[1730, 2991, 2468, 3336]",
L3I_IMG_0311.jpg,crops/L3I_IMG_0311_r2.png,ok,បញ្ចុះតម្លៃ,"[1382, 4402, 1655, 4607]",
L3I_IMG_0310.jpg,crops/L3I_IMG_0310_r1.png,ok,សាច់,"[874, 1428, 1997, 2510]",
L3I_IMG_0309.jpg,crops/L3I_IMG_0309_r1.png,ok,សាច់មាន់,"[644, 1169, 1937, 2395]",
L3I_IMG_0309.jpg,crops/L3I_IMG_0309_r2.png,ok,សាច់ភ្លៅ,"[1332, 222, 1672, 532]",
L3I_IMG_0308.jpg,crops/L3I_IMG_0308_r1.png,ok,សាច់ស្មាមុខ,"[886, 162, 1189, 664]",
L3I_IMG_0308.jpg,crops/L3I_IMG_0308_r2.png,ok,សាច់ភ្លៅមុខ,"[1193, 451, 1400, 906]",
L3I_IMG_0308.jpg,crops/L3I_IMG_0308_r3.png,ok,សាច់បីជាន់,"[1398, 409, 1702, 701]",
L3I_IMG_0308.jpg,crops/L3I_IMG_0308_r4.png,ok,សាច់ធ្ងក,"[1754, 421, 1975, 634]",
L3I_IMG_0308.jpg,crops/L3I_IMG_0308_r5.png,ok,សាច់ភ្លៅក្រោម,"[1985, 172, 2293, 576]",
L3I_IMG_0308.jpg,crops/L3I_IMG_0308_r6.png,ok,សាច់ដុំ,"[2094, 614, 2265, 845]",
L3I_IMG_0308.jpg,crops/L3I_IMG_0308_r7.png,ok,ជើង,"[2142, 755, 2281, 918]",
L3I_IMG_0308.jpg,crops/L3I_IMG_0308_r8.png,ok,សាច់គោ,"[825, 1555, 2235, 2430]",
L3I_IMG_0307.jpg,crops/L3I_IMG_0307_r1.png,ok,សាច់,"[1368, 2375, 1931, 2727]",
L3I_IMG_0306.jpg,crops/L3I_IMG_0306_r1.png,ok,សាច់,"[1822, 303, 2490, 892]",
L3I_IMG_0306.jpg,crops/L3I_IMG_0306_r2.png,ok,សាច់ជ្រូក,"[1030, 2151, 1192, 2395]",
L3I_IMG_0306.jpg,crops/L3I_IMG_0306_r3.png,ok,កញ្ចឹងក,"[1243, 1937, 1401, 2116]",
L3I_IMG_0306.jpg,crops/L3I_IMG_0306_r4.png,ok,សាច់ថ្ពាល់,"[1153, 2270, 1274, 2473]",
L3I_IMG_0306.jpg,crops/L3I_IMG_0306_r5.png,ok,សាច់ស្មាមុខ,"[1272, 2139, 1426, 2397]",
L3I_IMG_0306.jpg,crops/L3I_IMG_0306_r6.png,ok,ជើង,"[1305, 2416, 1419, 2537]",
L3I_IMG_0306.jpg,crops/L3I_IMG_0306_r7.png,ok,សាច់ខ្នង,"[1586, 1831, 1769, 1941]",
L3I_IMG_0306.jpg,crops/L3I_IMG_0306_r8.png,ok,សាច់ចំឡក,"[1551, 1989, 1839, 2122]",
L3I_IMG_0306.jpg,crops/L3I_IMG_0306_r9.png,ok,ឆ្អឹងជំនី,"[1586, 2194, 1781, 2340]",
L3I_IMG_0306.jpg,crops/L3I_IMG_0306_r10.png,ok,សាច់បីជាន់,"[1607, 2358, 1828, 2463]",
L3I_IMG_0306.jpg,crops/L3I_IMG_0306_r11.png,ok,សាច់ត្រកៀក,"[1927, 1892, 2180, 2130]",
L3I_IMG_0306.jpg,crops/L3I_IMG_0306_r12.png,ok,សាច់ភ្លៅ,"[1956, 2089, 2208, 2346]",
L3I_IMG_0306.jpg,crops/L3I_IMG_0306_r13.png,ok,សាច់ជ្រូក,"[1112, 2796, 2138, 3414]",
L3I_IMG_0306.jpg,crops/L3I_IMG_0306_r14.png,ok,ក្រចក,"[2106, 2426, 2209, 2622]",
L3I_IMG_0305.jpg,crops/L3I_IMG_0305_r1.png,ok,គ្រឿងសមុទ្រ,"[1258, 811, 1678, 1440]",
L3I_IMG_0305.jpg,crops/L3I_IMG_0305_r2.png,ok,ត្រីទឹកប្រៃ,"[1599, 715, 1967, 1256]",
L3I_IMG_0305.jpg,crops/L3I_IMG_0305_r3.png,ok,ត្រីទឹកសាប,"[1869, 534, 2273, 1175]",
L3I_IMG_0305.jpg,crops/L3I_IMG_0305_r4.png,ok,សាច់ត្រី,"[1040, 2391, 2156, 3310]",
L3I_IMG_0304.jpg,crops/L3I_IMG_0304_r1.png,ok,ជ្រក់ខ្មែរគ្រប់ប្រភេទ,"[916, 1278, 2468, 1593]",
L3I_IMG_0304.jpg,crops/L3I_IMG_0304_r2.png,ok,ជ្រក់ដើមខ្ទឹម,"[1211, 3147, 1696, 3324]",
L3I_IMG_0304.jpg,crops/L3I_IMG_0304_r3.png,ok,ជ្រក់ត្រចៀកជ្រូក,"[1103, 4245, 1702, 4434]",
L3I_IMG_0303.jpg,crops/L3I_IMG_0303_r1.png,ok,កាន់តែ,"[831, 2187, 1545, 2640]",
L3I_IMG_0303.jpg,crops/L3I_IMG_0303_r2.png,ok,ពិសេស!,"[634, 2385, 1655, 2921]",
L3I_IMG_0302.jpg,crops/L3I_IMG_0302_r1.png,ok,ទឹកដោះគោ,"[554, 2110, 2178, 2667]",
L3I_IMG_0351.jpg,crops/L3I_IMG_0351_r1.png,ok,ម្ហូបកម្មង់,"[429, 369, 1487, 823]",
L3I_IMG_0351.jpg,crops/L3I_IMG_0351_r2.png,ok,ម្ជូរយួន,"[1801, 1072, 2282, 1313]",
L3I_IMG_0351.jpg,crops/L3I_IMG_0351_r3.png,ok,ម្ជូរគ្រឿង,"[1714, 1910, 2260, 2168]",
L3I_IMG_0351.jpg,crops/L3I_IMG_0351_r4.png,ok,ខត្រពាំងជើងជ្រូក,"[1545, 2765, 2620, 3028]",
L3I_IMG_0352.jpg,crops/L3I_IMG_0352_r1.png,ok,ចូលរួមឆាណែល តេលេក្រាម,"[848, 1834, 2435, 2173]",
L3I_IMG_0352.jpg,crops/L3I_IMG_0352_r2.png,ok,ផ្សារទំនើប ជីប ម៉ុង ដើម្បី,"[1039, 2073, 2239, 2364]",
L3I_IMG_0352.jpg,crops/L3I_IMG_0352_r3.png,ok,ឈ្នះរង្វាន់!,"[963, 2220, 2413, 3001]",
L3I_IMG_0353.jpg,crops/L3I_IMG_0353_r1.png,ok,ប្រូម៉ូសិន,"[1698, 2275, 2821, 3093]",
L3I_IMG_0353.jpg,crops/L3I_IMG_0353_r2.png,ok,ពិសេស,"[1997, 2618, 3240, 3474]",
L3I_IMG_0353.jpg,crops/L3I_IMG_0353_r3.png,ok,ថែមរហូតដល់អស់ពីស្តុក!,"[2139, 3249, 3170, 3709]",
L3I_IMG_0353.jpg,crops/L3I_IMG_0353_r4.png,ok,ចំណាយ,"[1806, 4289, 2195, 4531]",
L3I_IMG_0354.jpg,crops/L3I_IMG_0354_r1.png,ok,មីហឹរ 7 កំរិត,"[914, 2699, 2538, 3300]",
L3I_IMG_0354.jpg,crops/L3I_IMG_0354_r2.png,ok,មីហឹរបង្កង,"[554, 3576, 1199, 3877]",
L3I_IMG_0355.jpg,crops/L3I_IMG_0355_r1.png,ok,តុមយាំបាយស បង្គារ,"[1670, 756, 2718, 1025]",
L3I_IMG_0355.jpg,crops/L3I_IMG_0355_r2.png,ok,"រៀល ១២,៣០០","[2275, 2057, 3082, 2277]",
L3I_IMG_0356.jpg,crops/L3I_IMG_0356_r1.png,ok,តុងយាំពិសេស,"[1044, 3930, 3088, 4286]",
L3I_IMG_0357.jpg,crops/L3I_IMG_0357_r1.png,ok,តុងយាំពិសេស,"[1033, 3913, 3099, 4313]",
L3I_IMG_0358.jpg,crops/L3I_IMG_0358_r1.png,ok,ម្សៅ,"[1828, 1730, 2342, 2309]",
L3I_IMG_0359.jpg,crops/L3I_IMG_0359_r1.png,ok,នំប៉័ង,"[1415, 2177, 1809, 2472]",
L3I_IMG_0360.jpg,crops/L3I_IMG_0360_r1.png,ok,ផ្សារទំនើប ជីប ម៉ុង,"[941, 2041, 2614, 2380]",
L3I_IMG_0361.jpg,crops/L3I_IMG_0361_r1.png,ok,ផ្សារទំនើបជីប ម៉ុង,"[925, 2041, 2609, 2358]",
L3I_IMG_0362.jpg,crops/L3I_IMG_0362_r1.png,ok,ភាពរីករាយដ៏ពិតប្រាកដ,"[1317, 2378, 2309, 3039]",
L3I_IMG_0363.jpg,crops/L3I_IMG_0363_r1.png,ok,ទឹកកក,"[805, 1611, 1721, 1955]",
L3I_IMG_0364.jpg,crops/L3I_IMG_0364_r1.png,ok,ទូអគ្គិភ័យ,"[1834, 1992, 2930, 2413]",
L3I_IMG_0365.jpg,crops/L3I_IMG_0365_r1.png,ok,តៅហ៊ូសរីរាង្គ,"[767, 1496, 1324, 1830]",
L3I_IMG_0365.jpg,crops/L3I_IMG_0365_r2.png,ok,ទឹកសណ្ដែកសរីរាង្គ,"[798, 2520, 1613, 3055]",
L3I_IMG_0365.jpg,crops/L3I_IMG_0365_r3.png,ok,តៅហ៊ូសរីរាង្គ,"[1366, 3770, 2007, 4128]",
L3I_IMG_0366.jpg,crops/L3I_IMG_0366_r1.png,ok,ឱកាស,"[881, 2754, 2282, 3409]",
L3I_IMG_0366.jpg,crops/L3I_IMG_0366_r2.png,ok,ការងារ,"[892, 3418, 2211, 3970]",
L3I_IMG_0367.jpg,crops/L3I_IMG_0367_r1.png,ok,ជណ្ដើរជម្លៀសខ្លួន,"[1404, 1464, 2228, 1705]",
L3I_IMG_0367.jpg,crops/L3I_IMG_0367_r2.png,ok,សូមមេត្តា,"[1698, 2291, 2102, 2484]",
L3I_IMG_0367.jpg,crops/L3I_IMG_0367_r3.png,ok,កុំបើកទ្វារសារ៉ែន និងបន្លឺសំលេង,"[1278, 2541, 2505, 2788]",
L3I_IMG_0368.jpg,crops/L3I_IMG_0368_r1.png,ok,កំប៉ុង ដប,"[484, 2024, 927, 2266]",
L3I_IMG_0368.jpg,crops/L3I_IMG_0368_r2.png,ok,សំរាមដុតឆេះ,"[1556, 2182, 2206, 2424]",
L3I_IMG_0369.jpg,crops/L3I_IMG_0369_r1.png,ok,បញ្ជីឈ្មោះហាង,"[1861, 990, 2467, 3093]",
L3I_IMG_0370.jpg,crops/L3I_IMG_0370_r1.png,ok,កម្ចីទិញផ្ទះ,"[669, 1409, 2239, 2102]",
L3I_IMG_0370.jpg,crops/L3I_IMG_0370_r2.png,ok,អត្រាការប្រាក់ត្រឹមតែ,"[647, 2062, 2228, 2435]",
L3I_IMG_0371.jpg,crops/L3I_IMG_0371_r1.png,ok,កេសទុកប្រើ,"[1175, 2024, 2157, 2609]",
L3I_IMG_0372.jpg,crops/L3I_IMG_0372_r1.png,ok,ហាមចតនៅទីនេះ,"[647, 1932, 2625, 2277]",
L3I_IMG_0372.jpg,crops/L3I_IMG_0372_r2.png,ok,សូមអរគុណ,"[968, 3549, 2298, 3883]",
L3I_IMG_0373.jpg,crops/L3I_IMG_0373_r1.png,ok,ហាមប៉ះពាល់ ប្រយ័ត្នគ្រោះថ្នាក់,"[957, 2427, 2603, 2745]",
L3I_IMG_0373.jpg,crops/L3I_IMG_0373_r2.png,ok,ដោយសម្ពាធខ្យល់ខ្ពស់,"[1159, 2650, 2418, 2941]",
L3I_IMG_0374.jpg,crops/L3I_IMG_0374_r1.png,ok,ហាមចូល,"[734, 1910, 1466, 2298]",
L3I_IMG_0375.jpg,crops/L3I_IMG_0375_r1.png,ok,ច្រកចូលសម្រាប់បុគ្គលិក,"[1186, 2569, 2582, 2854]",
L3I_IMG_0376.jpg,crops/L3I_IMG_0376_r1.png,ok,ផ្លូវចេញ,"[925, 1752, 2124, 2364]",
L3I_IMG_0377.jpg,crops/L3I_IMG_0377_r1.png,ok,កន្លែងប្ដូររង្វាន់,"[1104, 2400, 2652, 2821]",
L3I_IMG_0377.jpg,crops/L3I_IMG_0377_r2.png,ok,នៅជាន់ផ្ទាល់ដី,"[1327, 2743, 2282, 3006]",
L3I_IMG_0378.jpg,crops/L3I_IMG_0378_r1.png,ok,ឡឺប៉័ងប៉ាតេ,"[1502, 1273, 2184, 1694]",
L3I_IMG_0378.jpg,crops/L3I_IMG_0378_r2.png,ok,ចាប់បើកហើយ,"[1545, 1268, 3072, 2010]",
L3I_IMG_0378.jpg,crops/L3I_IMG_0378_r3.png,ok,ឆ្ងាញ់ អនាម័យ រហ័ស,"[1925, 3727, 3044, 4082]",
L3I_IMG_0379.jpg,crops/L3I_IMG_0379_r1.png,ok,តែគុជ,"[1006, 1464, 1558, 1776]",
L3I_IMG_0379.jpg,crops/L3I_IMG_0379_r2.png,ok,ដ៏ល្បីល្បាញ,"[903, 1643, 1830, 2064]",
L3I_IMG_0379.jpg,crops/L3I_IMG_0379_r3.png,ok,ពីតៃវ៉ាន់,"[1055, 1888, 1747, 2337]",
L3I_IMG_0380.jpg,crops/L3I_IMG_0380_r1.png,ok,ទឹកសំអាតឥដ្ឋការ៉ូ,"[1453, 527, 2364, 1591]",
L3I_IMG_0380.jpg,crops/L3I_IMG_0380_r2.png,ok,សម្អាតស្នាមប្រឡាក់,"[1213, 2139, 2870, 2821]",
L3I_IMG_0380.jpg,crops/L3I_IMG_0380_r3.png,ok,ឥដ្ឋការ៉ូភ្លឺចែងចាំង,"[1240, 2558, 2794, 3251]",
L3I_IMG_0380.jpg,crops/L3I_IMG_0380_r4.png,ok,ក្លិនក្រអូប,"[1523, 2982, 2315, 3670]",
L3I_IMG_0381.jpg,crops/L3I_IMG_0381_r1.png,ok,ទឹកសម្អាតឥដ្ឋការ៉ូ,"[1578, 1752, 2102, 2075]",
L3I_IMG_0381.jpg,crops/L3I_IMG_0381_r2.png,ok,ទឹកសម្អាតឥដ្ឋការ៉ូ សាន់ឡៃ,"[892, 2084, 2767, 2407]",
L3I_IMG_0381.jpg,crops/L3I_IMG_0381_r3.png,ok,សម្អាតស្នាមប្រឡាក់ ឥដ្ឋការ៉ូភ្លឺចែងចាំង ក្លិនក្រអូប,"[680, 2416, 2974, 2685]",
L3I_IMG_0381.jpg,crops/L3I_IMG_0381_r4.png,ok,ទឹកសម្អាតឥដ្ឋការ៉ូ,"[556, 4315, 881, 4570]",
L3I_IMG_0381.jpg,crops/L3I_IMG_0381_r5.png,ok,ទឹកសម្អាតឥដ្ឋការ៉ូ,"[1804, 4067, 2044, 4265]",
L3I_IMG_0381.jpg,crops/L3I_IMG_0381_r6.png,ok,ទឹកសម្អាតឥដ្ឋការ៉ូ,"[2941, 3930, 3146, 4123]",
L3I_IMG_0382.jpg,crops/L3I_IMG_0382_r1.png,ok,ក្រអូបជាងមុន,"[1262, 1420, 2342, 1770]",
L3I_IMG_0382.jpg,crops/L3I_IMG_0382_r2.png,ok,ក្រអូបដូចទឹកអប់,"[1153, 1670, 2326, 2097]",
L3I_IMG_0383.jpg,crops/L3I_IMG_0383_r1.png,ok,ជួយថែបំប៉នស្បែក,"[788, 2607, 2614, 2995]",
L3I_IMG_0383.jpg,crops/L3I_IMG_0383_r2.png,ok,ល្អជាងទឹកដោះគោ,"[925, 2955, 2462, 3295]",
L3I_IMG_0384.jpg,crops/L3I_IMG_0384_r1.png,ok,សាប៊ូដុសខ្លួនស៊ីត្រាទឹកដោះពពែ,"[1001, 2433, 2369, 2941]",
L3I_IMG_0384.jpg,crops/L3I_IMG_0384_r2.png,ok,ស្បែកមានក្លិនក្រអូប និងភ្លឺថ្លា,"[1148, 2705, 2271, 3072]",
L3I_IMG_0385.jpg,crops/L3I_IMG_0385_r1.png,ok,ពិសេស,"[1360, 1834, 1698, 2043]",
L3I_IMG_0385.jpg,crops/L3I_IMG_0385_r2.png,ok,សស្អាតភ្លឺចែងចាំង,"[1033, 2258, 1928, 2533]",
L3I_IMG_0385.jpg,crops/L3I_IMG_0385_r3.png,ok,ក្លិនក្រអូបដូចទឹកអប់,"[1006, 2492, 1955, 2761]",
L3I_IMG_0386.jpg,crops/L3I_IMG_0386_r1.png,ok,ផលិតផលគ្រប់មុខតំលៃ,"[859, 1257, 2494, 1972]",
L3I_IMG_0387.jpg,crops/L3I_IMG_0387_r1.png,ok,សូមមេត្តាកុំហែកថង់,"[1153, 2019, 2402, 2592]",
L3I_IMG_0388.jpg,crops/L3I_IMG_0388_r1.png,ok,ថ្មី! ដូហ្វ អានុភាពសឺរូម,"[1349, 2024, 2625, 2298]",
L3I_IMG_0388.jpg,crops/L3I_IMG_0388_r2.png,ok,ព្យាបាលសក់ខូចខ្លាំង,"[1398, 2296, 2527, 2516]",
L3I_IMG_0388.jpg,crops/L3I_IMG_0388_r3.png,ok,ជួយឲ្យសក់ទន់រលោង,"[1474, 2503, 2451, 2652]",
L3I_IMG_0389.jpg,crops/L3I_IMG_0389_r1.png,ok,ថ្មី!,"[337, 914, 818, 1406]",
L3I_IMG_0389.jpg,crops/L3I_IMG_0389_r2.png,ok,សក់ទន់រលោង និងមានក្លិន,"[788, 919, 3153, 1351]",
L3I_IMG_0389.jpg,crops/L3I_IMG_0389_r3.png,ok,ក្រអូបជាប់បានយូរ,"[865, 1311, 2353, 1605]",
L3I_IMG_0389.jpg,crops/L3I_IMG_0389_r4.png,ok,សក់ទន់រលោង និងមានក្លិនក្រអូបជា,"[1549, 3563, 3460, 4073]",
L3I_IMG_0390.jpg,crops/L3I_IMG_0390_r1.png,ok,កម្ចាត់អង្គែគ្មានសល់,"[732, 681, 2230, 1344]",
L3I_IMG_0390.jpg,crops/L3I_IMG_0390_r2.png,ok,ជួយឱ្យសក់ស្អាត,"[830, 1131, 1943, 1580]",
L3I_IMG_0390.jpg,crops/L3I_IMG_0390_r3.png,ok,និងមានក្លិនក្រអូបពីផ្កាសាគូរ៉ា,"[899, 1266, 3195, 1812]",
L3I_IMG_0391.jpg,crops/L3I_IMG_0391_r1.png,ok,ត្រជាក់ស្រស់ស្រាយ,"[957, 1611, 3262, 2549]",
L3I_IMG_0391.jpg,crops/L3I_IMG_0391_r2.png,ok,គ្មានអង្គែ,"[1485, 2215, 2516, 2859]",
L3I_IMG_0392.jpg,crops/L3I_IMG_0392_r1.png,ok,ចំណត សម្រាប់អតិថិជនប៉ុណ្ណោះ,"[739, 1654, 3099, 2030]",
L3I_IMG_0392.jpg,crops/L3I_IMG_0392_r2.png,ok,សូមថែរក្សាយាន្តយន្តគ្រប់ប្រភេទដោយខ្លួនឯង,"[824, 2089, 3024, 2394]",
L3I_IMG_0393.jpg,crops/L3I_IMG_0393_r1.png,ok,បង្កើតភាពស្រស់ស្អាត,"[1137, 1785, 2701, 2206]",
L3I_IMG_0394.jpg,crops/L3I_IMG_0394_r1.png,ok,យូភីងឃីង ធានានូវ,"[701, 1485, 2429, 1955]",
L3I_IMG_0394.jpg,crops/L3I_IMG_0394_r2.png,ok,គុណភាពខ្ពស់ រសជាតិឆ្ងាញ់ តម្លៃសមរម្យ,"[489, 1806, 2767, 2217]",
L3I_IMG_0395.jpg,crops/L3I_IMG_0395_r1.png,ok,ពានរង្វាន់រសជាតិ,"[663, 739, 2249, 1313]",
L3I_IMG_0395.jpg,crops/L3I_IMG_0395_r2.png,ok,ពានរង្វាន់គុណភាព,"[641, 1262, 2288, 1721]",
L3I_IMG_0396.jpg,crops/L3I_IMG_0396_r1.png,ok,ពានរង្វាន់រសជាតិ,"[734, 1785, 2767, 2271]",
L3I_IMG_0396.jpg,crops/L3I_IMG_0396_r2.png,ok,ពានរង្វាន់គុណភាព,"[592, 2302, 2881, 2837]",
L3I_IMG_0397.jpg,crops/L3I_IMG_0397_r1.png,ok,ពានរង្វាន់រសជាតិ,"[1028, 445, 2331, 1542]",
L3I_IMG_0397.jpg,crops/L3I_IMG_0397_r2.png,ok,ពានរង្វាន់គុណភាព,"[957, 974, 2364, 1977]",
L3I_IMG_0398.jpg,crops/L3I_IMG_0398_r1.png,ok,ផ្សារទំនើបឡាក់គី មីដថោន,"[500, 3625, 3012, 3954]",
L3I_IMG_0399.jpg,crops/L3I_IMG_0399_r1.png,ok,ថ្មី និងល្អប្រសើរជាងមុន,"[315, 1997, 2663, 2925]",
L3I_IMG_0400.jpg,crops/L3I_IMG_0400_r1.png,ok,មានតែនៅ,"[669, 2024, 1721, 2886]",
L3I_IMG_0400.jpg,crops/L3I_IMG_0400_r2.png,ok,ហា្ដឌៀន,"[1006, 2555, 1615, 3159]",
L3I_IMG_0401.jpg,crops/L3I_IMG_0401_r1.png,ok,ឡាក់គីបឺរហ្គឺរ,"[1072, 1023, 2315, 1569]",
L3I_IMG_0401.jpg,crops/L3I_IMG_0401_r2.png,ok,ជាប់មាត់!,"[1163, 3325, 1868, 3725]",
L3I_IMG_0401.jpg,crops/L3I_IMG_0401_r3.png,ok,ជាប់ចិត្ត!,"[1545, 3391, 2456, 3986]",
L3I_IMG_0402.jpg,crops/L3I_IMG_0402_r1.png,ok,ផ្សារទំនើបឡាក់គី,"[1235, 1948, 2571, 2418]",
L3I_IMG_0403.jpg,crops/L3I_IMG_0403_r1.png,ok,សូមស្វាគមន៍មកកាន់,"[1883, 1496, 2571, 1945]",
L3I_IMG_0403.jpg,crops/L3I_IMG_0403_r2.png,ok,ផ្សារទំនើបឡាក់គី,"[1806, 1643, 2712, 2195]",
L3I_IMG_0404.jpg,crops/L3I_IMG_0404_r1.png,ok,ឡឺប៉័ងប៉ាតេ,"[1012, 1845, 2157, 2440]",
L3I_IMG_0405.jpg,crops/L3I_IMG_0405_r1.png,ok,ម៉ោងធ្វើការ,"[821, 2155, 1732, 2527]",
L3I_IMG_0405.jpg,crops/L3I_IMG_0405_r2.png,ok,ព្រឹក,"[1268, 2465, 1602, 2723]",
L3I_IMG_0405.jpg,crops/L3I_IMG_0405_r3.png,ok,យប់,"[2318, 2362, 2625, 2620]",
L3I_IMG_0405.jpg,crops/L3I_IMG_0405_r4.png,ok,ចន្ទ-អាទិត្យ/ថ្ងៃឈប់សម្រាក,"[892, 2634, 2543, 3050]",
L3I_IMG_0406.jpg,crops/L3I_IMG_0406_r1.png,ok,ទូរសព្ទ,"[837, 1431, 1830, 1901]",
L3I_IMG_0406.jpg,crops/L3I_IMG_0406_r2.png,ok,តម្លៃល្អបំផុត,"[756, 1834, 2511, 2440]",
L3I_IMG_0407.jpg,crops/L3I_IMG_0407_r1.png,ok,មានលក់ហើយ,"[1094, 2301, 2187, 2597]",
L3I_IMG_0407.jpg,crops/L3I_IMG_0407_r2.png,ok,ចាប់ពី,"[1105, 2586, 1351, 2732]",
L3I_IMG_0407.jpg,crops/L3I_IMG_0407_r3.png,ok,ដុល្លារ,"[1979, 2567, 2185, 2697]",
L3I_IMG_0408.jpg,crops/L3I_IMG_0408_r1.png,ok,មានតង់ស្យង់ខ្ពស់,"[1248, 1901, 2117, 2175]",
L3I_IMG_0409.jpg,crops/L3I_IMG_0409_r1.png,ok,នំប៉័ងដុតថ្មីៗ រៀងរាល់ថ្ងៃ,"[1926, 2868, 3121, 3513]",
L3I_IMG_0410.jpg,crops/L3I_IMG_0410_r1.png,ok,អូរីអូ,"[354, 561, 535, 691]",
L3I_IMG_0410.jpg,crops/L3I_IMG_0410_r2.png,ok,វ៉ាន់នីឡា,"[1513, 628, 1835, 805]",
L3I_IMG_0410.jpg,crops/L3I_IMG_0410_r3.png,ok,តែបៃតង,"[519, 1691, 789, 1837]",
L3I_IMG_0410.jpg,crops/L3I_IMG_0410_r4.png,ok,ស្ត្របឺរី,"[1665, 1815, 1872, 1954]",
L3I_IMG_0410.jpg,crops/L3I_IMG_0410_r5.png,ok,ចង់បានរសជាតិឆ្ងាញ់,"[1236, 2127, 2464, 2453]",
L3I_IMG_0410.jpg,crops/L3I_IMG_0410_r6.png,ok,គិតដល់ខាណេសិន,"[1046, 2312, 2471, 2653]",
L3I_IMG_0411.jpg,crops/L3I_IMG_0411_r1.png,ok,រីករាយការ,"[964, 1364, 1427, 1529]",
L3I_IMG_0411.jpg,crops/L3I_IMG_0411_r2.png,ok,ប្រគ៉ំតន្ត្រី,"[986, 1280, 2603, 2226]",
L3I_IMG_0411.jpg,crops/L3I_IMG_0411_r3.png,ok,រៀងរាល់,"[1738, 1937, 2012, 2070]",
L3I_IMG_0411.jpg,crops/L3I_IMG_0411_r4.png,ok,សប្តាហ៍,"[1723, 2017, 2041, 2204]",
L3I_IMG_0411.jpg,crops/L3I_IMG_0411_r5.png,ok,ថ្ងៃសៅរ៍,"[1262, 1973, 1598, 2175]",
L3I_IMG_0411.jpg,crops/L3I_IMG_0411_r6.png,ok,ទីតាំងនៅជាន់ផ្ទាល់ដី,"[1091, 4296, 1547, 4509]",
L3I_IMG_0412.jpg,crops/L3I_IMG_0412_r1.png,ok,ជួបគ្នានៅជាន់ទី,"[1070, 2431, 2215, 2767]",
L3I_IMG_0412.jpg,crops/L3I_IMG_0412_r2.png,ok,២,"[2217, 2420, 2680, 2926]",
L3I_IMG_0413.jpg,crops/L3I_IMG_0413_r1.png,ok,កាន់តែចំណេញ,"[612, 2485, 2807, 3282]",
L3I_IMG_0413.jpg,crops/L3I_IMG_0413_r2.png,ok,កាន់តែងាយស្រួល,"[620, 3037, 3231, 3914]",
L3I_IMG_0414.jpg,crops/L3I_IMG_0414_r1.png,ok,រុញ,"[1589, 2536, 1983, 2857]",
L3I_IMG_0415.jpg,crops/L3I_IMG_0415_r1.png,ok,រោងភាពយន្ត លេជេន,"[690, 2743, 2767, 3186]",
L3I_IMG_0416.jpg,crops/L3I_IMG_0416_r1.png,ok,មើលឈ្នះ,"[938, 2514, 2234, 3109]",
L3I_IMG_0416.jpg,crops/L3I_IMG_0416_r2.png,ok,ញ៊ាំឈ្នះ,"[933, 2898, 2263, 3547]",
L3I_IMG_0416.jpg,crops/L3I_IMG_0416_r3.png,ok,ចាប់ពីថ្ងៃទី,"[981, 3465, 1278, 3603]",
L3I_IMG_0416.jpg,crops/L3I_IMG_0416_r4.png,ok,ខែធ្នូ,"[1351, 3503, 1504, 3632]",
L3I_IMG_0416.jpg,crops/L3I_IMG_0416_r5.png,ok,ខែមករា,"[1818, 3559, 2058, 3705]",
L3I_IMG_0416.jpg,crops/L3I_IMG_0416_r6.png,ok,ចំណាយទឹកប្រាក់ចាប់ពី $15 ឡើង នឹងមានឱកាស,"[969, 3564, 2277, 3851]",
L3I_IMG_0416.jpg,crops/L3I_IMG_0416_r7.png,ok,ឈ្នះរង្វាន់ពីការចាប់ឆ្នោតផ្សងសំណាង,"[1142, 3686, 2124, 3914]",
L3I_IMG_0417.jpg,crops/L3I_IMG_0417_r1.png,ok,រោងភាពយន្ត លេជេន,"[1371, 2645, 2660, 3046]",
L3I_IMG_0418.jpg,crops/L3I_IMG_0418_r1.png,ok,កុម្ម៉ង់ទុកមុន 15នាទី,"[1089, 2008, 2511, 2384]",
L3I_IMG_0419.jpg,crops/L3I_IMG_0419_r1.png,ok,បើក,"[1825, 2110, 2067, 2284]",
L3I_IMG_0419.jpg,crops/L3I_IMG_0419_r2.png,ok,ថ្ងៃចន្ទ - ថ្ងៃអាទិត្យ,"[1685, 2279, 2102, 2414]",
L3I_IMG_0419.jpg,crops/L3I_IMG_0419_r3.png,ok,លឿនត្រឹម30នាទី ក្ដៅៗឥតគិតថ្លៃ,"[1101, 2551, 2660, 2903]",
L3I_IMG_0420.jpg,crops/L3I_IMG_0420_r1.png,ok,សូមប្រុងប្រយ័ត្ន,"[660, 2465, 2365, 3425]",
L3I_IMG_0420.jpg,crops/L3I_IMG_0420_r2.png,ok,ហាមប្រើរទេះទិញទំនិញ,"[1306, 3978, 2216, 4492]",
L3I_IMG_0420.jpg,crops/L3I_IMG_0420_r3.png,ok,ហាមលូកដៃ ឬអើតចេញ,"[2427, 3579, 3219, 4012]",
L3I_IMG_0420.jpg,crops/L3I_IMG_0420_r4.png,ok,ក្រៅបង្កាន់ដៃ,"[2606, 3763, 3049, 4066]",
L3I_IMG_0421.jpg,crops/L3I_IMG_0421_r1.png,ok,តម្លៃសំបុត្រ,"[1701, 2650, 2732, 3381]",
L3I_IMG_0422.jpg,crops/L3I_IMG_0422_r1.png,ok,រសជាតិនៃអារម្មណ៍ស្រស់ស្រាយ,"[408, 3180, 2258, 3557]",
L3I_IMG_0423.jpg,crops/L3I_IMG_0423_r1.png,ok,ហាមជក់បារី,"[1716, 2246, 2550, 2564]",
L3I_IMG_0424.jpg,crops/L3I_IMG_0424_r1.png,ok,សួនកម្សាន្ដសម្រាប់កុមារ,"[699, 1439, 2832, 1854]",
L3I_IMG_0424.jpg,crops/L3I_IMG_0424_r2.png,ok,បើកចាប់ពី,"[938, 1842, 1455, 2024]",
L3I_IMG_0424.jpg,crops/L3I_IMG_0424_r3.png,ok,ព្រឹក,"[1750, 1823, 2020, 2058]",
L3I_IMG_0424.jpg,crops/L3I_IMG_0424_r4.png,ok,យប់,"[2348, 1818, 2613, 2000]",
L3I_IMG_0424.jpg,crops/L3I_IMG_0424_r5.png,ok,លេងមិនកំណត់ម៉ោង,"[1249, 2047, 2307, 2248]",
L3I_IMG_0425.jpg,crops/L3I_IMG_0425_r1.png,ok,ច្រកចូល,"[1455, 1627, 1888, 1827]",
L3I_IMG_0426.jpg,crops/L3I_IMG_0426_r1.png,ok,ទាញយកកម្មវិធី ទូរស័ព្ទដៃ,"[476, 1273, 2652, 1691]",
L3I_IMG_0426.jpg,crops/L3I_IMG_0426_r2.png,ok,រោងភាពយន្ដ លេជេន,"[1127, 1701, 2642, 1966]",
L3I_IMG_0426.jpg,crops/L3I_IMG_0426_r3.png,ok,ឥឡូវនេះ,"[1859, 2009, 2344, 2275]",
L3I_IMG_0427.jpg,crops/L3I_IMG_0427_r1.png,ok,មើលឈ្នះ ញ៊ាំឈ្នះ,"[855, 2737, 2603, 3197]",
L3I_IMG_0427.jpg,crops/L3I_IMG_0427_r2.png,ok,ចាប់ពីថ្ងៃទី 10 ខែធ្នូ 2023 - 10 ខែមករា​ 2024,"[1192, 4451, 2404, 4620]",
L3I_IMG_0428.jpg,crops/L3I_IMG_0428_r1.png,ok,ជួបជាមួយជំនាន់ថ្មី,"[936, 1478, 2456, 1924]",
L3I_IMG_0428.jpg,crops/L3I_IMG_0428_r2.png,ok,ការរចនាដ៏ទាន់សម័យ,"[1089, 2097, 2459, 2371]",
L3I_IMG_0428.jpg,crops/L3I_IMG_0428_r3.png,ok,រូបរាងថ្មី,"[1063, 2373, 1600, 2618]",
L3I_IMG_0428.jpg,crops/L3I_IMG_0428_r4.png,ok,លឿនរហ័សជាងមុន,"[1077, 2561, 2365, 2814]",
L3I_IMG_0428.jpg,crops/L3I_IMG_0428_r5.png,ok,ផ្ទះក្នុងនរក,"[887, 3780, 1318, 3944]",
L3I_IMG_0428.jpg,crops/L3I_IMG_0428_r6.png,ok,កំពុងចាក់បញ្ចាំង,"[849, 4364, 1087, 4466]",
L3I_IMG_0428.jpg,crops/L3I_IMG_0428_r7.png,ok,ចាក់បញ្ចាំងឆាប់ៗ,"[1221, 4351, 1447, 4427]",
L3I_IMG_0428.jpg,crops/L3I_IMG_0428_r8.png,ok,ទិញសំបុត្រ,"[1328, 4118, 1480, 4196]",
L3I_IMG_0429.jpg,crops/L3I_IMG_0429_r1.png,ok,ខ្មោចលងលើ,"[1403, 3080, 2028, 3276]",
L3I_IMG_0429.jpg,crops/L3I_IMG_0429_r2.png,ok,កោះបាលី,"[1406, 3245, 2028, 3425]",
L3I_IMG_0430.jpg,crops/L3I_IMG_0430_r1.png,ok,បំរាម,"[881, 1727, 1220, 1950]",
L3I_IMG_0430.jpg,crops/L3I_IMG_0430_r2.png,ok,មិនអនុញ្ញាតឲ្យមាន,"[894, 2058, 1882, 2294]",
L3I_IMG_0430.jpg,crops/L3I_IMG_0430_r3.png,ok,ការប្រើប្រាស់គ្រឿងញៀន,"[926, 2282, 2187, 2566]",
L3I_IMG_0430.jpg,crops/L3I_IMG_0430_r4.png,ok,ការសេពគ្រឿងស្រវឹង,"[930, 2557, 1989, 2806]",
L3I_IMG_0430.jpg,crops/L3I_IMG_0430_r5.png,ok,និងនាំយកអាវុធ ឬជាតិផ្ទុះមកក្នុងបរិវេននេះ,"[936, 2713, 2913, 3082]",
L3I_IMG_0431.jpg,crops/L3I_IMG_0431_r1.png,ok,សូមស្វាគមន៍ទាប្លែកមុខ,"[742, 1620, 2812, 2144]",
L3I_IMG_0432.jpg,crops/L3I_IMG_0432_r1.png,ok,រឿងចម្លែកនឹងកើតឡើងយប់នេះ,"[988, 2301, 1869, 2495]",
L3I_IMG_0432.jpg,crops/L3I_IMG_0432_r2.png,ok,ដំណេក,"[904, 2590, 1966, 3159]",
L3I_IMG_0432.jpg,crops/L3I_IMG_0432_r3.png,ok,លស់ព្រលឹង,"[887, 3118, 1998, 3587]",
L3I_IMG_0432.jpg,crops/L3I_IMG_0432_r4.png,ok,ធ្នូ,"[1306, 3578, 1412, 3824]",
L3I_IMG_0432.jpg,crops/L3I_IMG_0432_r5.png,ok,ជុង យូមី,"[991, 3783, 1227, 3944]",
L3I_IMG_0432.jpg,crops/L3I_IMG_0432_r6.png,ok,លី ស៊ុនឃ្យុន,"[1549, 3809, 1895, 4019]",
L3I_IMG_0433.jpg,crops/L3I_IMG_0433_r1.png,ok,អាគារ,"[1387, 1996, 1752, 2216]",
L3I_IMG_0433.jpg,crops/L3I_IMG_0433_r2.png,ok,ខ្មោចតៃហោង,"[988, 2181, 2157, 2530]",
L3I_IMG_0434.jpg,crops/L3I_IMG_0434_r1.png,ok,ភ័យលស់ព្រលឹង10ដង,"[365, 2463, 2906, 3655]",
L3I_IMG_0435.jpg,crops/L3I_IMG_0435_r1.png,ok,រង្វាន់,"[1063, 2110, 1551, 2696]",
L3I_IMG_0435.jpg,crops/L3I_IMG_0435_r2.png,ok,រង្វាន់,"[2382, 2107, 2679, 2546]",
L3I_IMG_0436.jpg,crops/L3I_IMG_0436_r1.png,ok,ចុច,"[969, 1980, 1275, 2375]",
L3I_IMG_0436.jpg,crops/L3I_IMG_0436_r2.png,ok,ឬភ្ជាប់ក្នុង ស្មាតណាស់,"[998, 2379, 2576, 3179]",
L3I_IMG_0437.jpg,crops/L3I_IMG_0437_r1.png,ok,បញ្ជរលក់សំបុត្រ,"[891, 1869, 2281, 2482]",
L3I_IMG_0438.jpg,crops/L3I_IMG_0438_r1.png,ok,អ្នកគ្រូប៉ិនអត់ធ្មត់ណាស់,"[1351, 1766, 1934, 1914]",
L3I_IMG_0438.jpg,crops/L3I_IMG_0438_r2.png,ok,តែក៉ំឱ្យអ្នកគ្រូទ្រាំលែងបាន,"[2159, 1747, 2790, 1921]",
L3I_IMG_0438.jpg,crops/L3I_IMG_0438_r3.png,ok,សិស្សចិត្តឆៅ,"[1387, 1922, 2430, 2290]",
L3I_IMG_0438.jpg,crops/L3I_IMG_0438_r4.png,ok,ប៉ះអ្នកគ្រូចិត្តឆៅ,"[1517, 2208, 2754, 2573]",
L3I_IMG_0438.jpg,crops/L3I_IMG_0438_r5.png,ok,វិច្ឆិកា,"[1844, 2613, 2138, 2829]",
L3I_IMG_0438.jpg,crops/L3I_IMG_0438_r6.png,ok,ស្ទីន ហេស៊ុន,"[1718, 2853, 2024, 2968]",
L3I_IMG_0438.jpg,crops/L3I_IMG_0438_r7.png,ok,លី ជុនយ៉ុង,"[2204, 2833, 2462, 2968]",
L3I_IMG_0439.jpg,crops/L3I_IMG_0439_r1.png,ok,របៀបទិញសំបុត្រកុនតាមរយៈ,"[294, 3385, 3431, 4085]",
L3I_IMG_0439.jpg,crops/L3I_IMG_0439_r2.png,ok,ម៉ាស៊ីនស្វាយប្រវត្តិ,"[803, 3926, 2772, 4518]",
L3I_IMG_0440.jpg,crops/L3I_IMG_0440_r1.png,ok,សូមអរគុណ,"[612, 2484, 2555, 3615]",
L3I_IMG_0441.jpg,crops/L3I_IMG_0441_r1.png,ok,ផ្សារទំនើប ឡាក់គី,"[738, 1458, 3372, 2243]",
L3I_IMG_0442.jpg,crops/L3I_IMG_0442_r1.png,ok,ទំនិញណែនាំ,"[563, 1565, 1592, 1976]",
L3I_IMG_0442.jpg,crops/L3I_IMG_0442_r2.png,ok,៛,"[1230, 2329, 1450, 2603]",
L3I_IMG_0443.jpg,crops/L3I_IMG_0443_r1.png,ok,សូមអរគុណសម្រាប់ការជាវទំនិញជាមួយយើងខ្ញុំ,"[262, 1891, 3343, 2292]",
L3I_IMG_0444.jpg,crops/L3I_IMG_0444_r1.png,ok,ផ្លែឈើ,"[826, 933, 1421, 1290]",
L3I_IMG_0445.jpg,crops/L3I_IMG_0445_r1.png,ok,បន្លែ,"[836, 831, 1412, 1266]",
L3I_IMG_0446.jpg,crops/L3I_IMG_0446_r1.png,ok,ប្រូម៉ូសិន,"[738, 1920, 1771, 2496]",
L3I_IMG_0446.jpg,crops/L3I_IMG_0446_r2.png,ok,៛,"[1225, 2981, 1509, 3508]",
L3I_IMG_0447.jpg,crops/L3I_IMG_0447_r1.png,ok,ការ៉េមដែលលោកអ្នកត្រូវការ,"[82, 2056, 3430, 2953]",
L3I_IMG_0448.jpg,crops/L3I_IMG_0448_r1.png,ok,ប្រូម៉ូសិន,"[904, 1040, 3002, 2015]",
L3I_IMG_0449.jpg,crops/L3I_IMG_0449_r1.png,ok,អាហារកំប៉ុង,"[1779, 1531, 2613, 1820]",
L3I_IMG_0450.jpg,crops/L3I_IMG_0450_r1.png,ok,ធានាតម្លៃ,"[1521, 1171, 2593, 1956]",
L3I_IMG_0451.jpg,crops/L3I_IMG_0451_r1.png,ok,សូមថែរក្សាទ្រព្យសម្បត្តិផ្ទាល់ខ្លួនរបស់អ្នក,"[1113, 1614, 2598, 1961]",
L3I_IMG_0452.jpg,crops/L3I_IMG_0452_r1.png,ok,ទឹកជ្រលក់មីអ៉ីតាលីនិង មីអ៉ីតាលី,"[806, 1429, 2715, 1932]",
L3I_IMG_0453.jpg,crops/L3I_IMG_0453_r1.png,ok,រសជាតិខ្មែរ,"[1040, 3331, 2705, 3814]",
L3I_IMG_0454.jpg,crops/L3I_IMG_0454_r1.png,ok,ទីញ៣,"[427, 2489, 1413, 2997]",
L3I_IMG_0454.jpg,crops/L3I_IMG_0454_r2.png,ok,ខ្ទិះដូង,"[463, 3234, 799, 3411]",
L3I_IMG_0455.jpg,crops/L3I_IMG_0455_r1.png,ok,ពានរង្វាន់រសជាតិ,"[1006, 1891, 1893, 2238]",
L3I_IMG_0455.jpg,crops/L3I_IMG_0455_r2.png,ok,ពានរង្វាន់គុណភាព,"[962, 2193, 1971, 2506]",
L3I_IMG_0456.jpg,crops/L3I_IMG_0456_r1.png,ok,ថ្មី!,"[1283, 1847, 1840, 2579]",
L3I_IMG_0457.jpg,crops/L3I_IMG_0457_r1.png,ok,ថ្មី,"[1575, 1468, 2224, 2842]",
L3I_IMG_0458.jpg,crops/L3I_IMG_0458_r1.png,ok,ពានរង្វាន់រសជាតិ,"[680, 1020, 2268, 1664]",
L3I_IMG_0458.jpg,crops/L3I_IMG_0458_r2.png,ok,ពានរង្វាន់គុណភាព,"[602, 1517, 2399, 2185]",
L3I_IMG_0459.jpg,crops/L3I_IMG_0459_r1.png,ok,ចែងចាំងដូចមាស,"[1478, 2869, 2980, 3844]",
L3I_IMG_0459.jpg,crops/L3I_IMG_0459_r2.png,ok,រូបរាងថ្មី រសជាតិថ្មីស្រស់,"[1526, 3316, 2900, 4296]",
L3I_IMG_0460.jpg,crops/L3I_IMG_0460_r1.png,ok,ទិញស្រាបៀរអង្គរ 2កេស,"[644, 1995, 2316, 2830]",
L3I_IMG_0460.jpg,crops/L3I_IMG_0460_r2.png,ok,ទទួលបានដបទឹក 1ភ្លាមៗ,"[719, 2366, 2379, 3227]",
L3I_IMG_0461.jpg,crops/L3I_IMG_0461_r1.png,ok,ប្រូវីដា,"[437, 2862, 2277, 4231]",
L3I_IMG_0462.jpg,crops/L3I_IMG_0462_r1.png,ok,មោទនភាពផលិតផលជាតិ,"[430, 2233, 2452, 3357]",
L3I_IMG_0463.jpg,crops/L3I_IMG_0463_r1.png,ok,គូលែន,"[476, 2569, 2772, 3500]",
L3I_IMG_0463.jpg,crops/L3I_IMG_0463_r2.png,ok,ទឹករ៉ែធម្មជាតិ,"[1101, 3258, 2326, 3544]",
L3I_IMG_0463.jpg,crops/L3I_IMG_0463_r3.png,ok,ផលិតផលប្រទេសកម្ពុជា,"[187, 3436, 1337, 3717]",
L3I_IMG_0463.jpg,crops/L3I_IMG_0463_r4.png,ok,ចំណេញ,"[2976, 725, 3227, 831]",
L3I_IMG_0464.jpg,crops/L3I_IMG_0464_r1.png,ok,ទឹករ៉ែដែលមានកំរិត,"[1118, 1823, 2700, 2759]",
L3I_IMG_0464.jpg,crops/L3I_IMG_0464_r2.png,ok,ធម្មជាតិខ្ពស់ជាងគេ,"[1692, 2018, 3017, 2900]",
L3I_IMG_0464.jpg,crops/L3I_IMG_0464_r3.png,ok,នៅប្រទេសកម្ពុជា,"[1194, 2742, 2107, 3401]",
L3I_IMG_0465.jpg,crops/L3I_IMG_0465_r1.png,ok,កាមេរ៉ាសុវត្ថិភាពនៅទីនេះ!,"[916, 1952, 1857, 2304]",
L3I_IMG_0466.jpg,crops/L3I_IMG_0466_r1.png,ok,ម្សៅសាប៊ូ ប្រ៊ីស កម្ចាត់ស្នាមប្រឡាក់ខ្លាំង,"[469, 2541, 2861, 3211]",
L3I_IMG_0466.jpg,crops/L3I_IMG_0466_r2.png,ok,ល្អជាងសាប៊ូដ៏ទៃ 3ដង,"[923, 2921, 2550, 3513]",
L3I_IMG_0467.jpg,crops/L3I_IMG_0467_r1.png,ok,ប្រូម៉ូសិន,"[823, 2661, 2067, 3818]",
L3I_IMG_0468.jpg,crops/L3I_IMG_0468_r1.png,ok,អាហាឆ្អិនស្រាប់,"[858, 2496, 2180, 2981]",
L3I_IMG_0469.jpg,crops/L3I_IMG_0469_r1.png,ok,ទឹកដោះគោ,"[745, 1046, 1843, 1444]",
L3I_IMG_0470.jpg,crops/L3I_IMG_0470_r1.png,ok,ទឹកផ្លែឈើ,"[978, 1478, 2157, 1966]",
L3I_IMG_0470.jpg,crops/L3I_IMG_0470_r2.png,ok,ទឹកដោះគោ,"[926, 3858, 1272, 3986]",
L3I_IMG_0470.jpg,crops/L3I_IMG_0470_r3.png,ok,ទឹកផ្លែឈើ,"[2728, 3859, 3041, 3970]",
L3I_IMG_0471.jpg,crops/L3I_IMG_0471_r1.png,ok,ទឹកដោះគោអូស្ត្រាលីស្រស់១០០%,"[222, 2794, 3328, 3253]",
L3I_IMG_0472.jpg,crops/L3I_IMG_0472_r1.png,ok,គ្រាប់វ៉លណាត់,"[1231, 1111, 1847, 1344]",
L3I_IMG_0472.jpg,crops/L3I_IMG_0472_r2.png,ok,៛,"[1703, 1586, 1859, 1745]",
L3I_IMG_0473.jpg,crops/L3I_IMG_0473_r1.png,ok,ការ៉េមដែលលោកអ្នកត្រូវការ,"[423, 805, 2706, 3152]",
L3I_IMG_0474.jpg,crops/L3I_IMG_0474_r1.png,ok,ផលិតផលការពារកំដៅថ្ងៃ,"[1444, 1512, 3259, 1909]",
L3I_IMG_0475.jpg,crops/L3I_IMG_0475_r1.png,ok,សំភារៈថែរក្សាសម្ផស្ស,"[385, 1577, 2127, 1986]",
L3I_IMG_0476.jpg,crops/L3I_IMG_0476_r1.png,ok,អាហារបំប៉នសម្រស់,"[295, 2198, 1373, 2479]",
L3I_IMG_0476.jpg,crops/L3I_IMG_0476_r2.png,ok,ម៉ាស់បិទមុខ,"[1799, 2190, 2552, 2466]",
L3I_IMG_0477.jpg,crops/L3I_IMG_0477_r1.png,ok,ផលិតផល,"[1450, 1658, 1879, 1797]",
L3I_IMG_0477.jpg,crops/L3I_IMG_0477_r2.png,ok,ផ្ដាច់មុខ,"[1469, 1791, 1855, 1996]",
L3I_IMG_0477.jpg,crops/L3I_IMG_0477_r3.png,ok,តំលៃទំនិញ,"[1084, 2247, 1428, 2344]",
L3I_IMG_0477.jpg,crops/L3I_IMG_0477_r4.png,ok,៛,"[2061, 2483, 2170, 2640]",
L3I_IMG_0478.jpg,crops/L3I_IMG_0478_r1.png,ok,ផលិតផលថែរក្សាស្បែក,"[565, 1273, 2788, 1705]",
L3I_IMG_0479.jpg,crops/L3I_IMG_0479_r1.png,ok,គ្រឿងកោរពុកមាត់,"[974, 908, 1689, 1286]",
L3I_IMG_0479.jpg,crops/L3I_IMG_0479_r2.png,ok,ទំនិញមកដល់ថ្មី,"[886, 1801, 2712, 2925]",
L3I_IMG_0480.jpg,crops/L3I_IMG_0480_r1.png,ok,កាត់បន្ថយសក់ជ្រុះ2ដង,"[778, 2060, 2231, 2439]",
L3I_IMG_0480.jpg,crops/L3I_IMG_0480_r2.png,ok,តាំងពីប្រើលើកដំបូង,"[1129, 2342, 2023, 2632]",
L3I_IMG_0481.jpg,crops/L3I_IMG_0481_r1.png,ok,ស្បែកភ្លឺថ្លាសុខភាពល្អ,"[979, 2258, 2135, 2844]",
L3I_IMG_0481.jpg,crops/L3I_IMG_0481_r2.png,ok,និងការពារកម្ដៅថ្ងៃ,"[995, 2492, 2053, 3061]",
L3I_IMG_0481.jpg,crops/L3I_IMG_0481_r3.png,ok,ឡេលាបការពារកម្ដៅថ្ងៃ,"[2346, 3659, 3240, 3954]",
L3I_IMG_0482.jpg,crops/L3I_IMG_0482_r1.png,ok,គុណប្រយោជន៍ខ្ពស់ជាងគេ,"[827, 1779, 2391, 2010]",
L3I_IMG_0482.jpg,crops/L3I_IMG_0482_r2.png,ok,សម្រាប់ ខួរក្បាលល្អ អារម្មណ៍ល្អ និងក្រពះពោះវៀនល្អ,"[1072, 1992, 2870, 2162]",
L3I_IMG_0482.jpg,crops/L3I_IMG_0482_r3.png,ok,ដង,"[2623, 1703, 3061, 1983]",
L3I_IMG_0483.jpg,crops/L3I_IMG_0483_r1.png,ok,ទឹកសម្អាតឥដ្ឋការ៉ូ,"[1523, 1943, 2146, 2429]",
L3I_IMG_0483.jpg,crops/L3I_IMG_0483_r2.png,ok,សម្អាតស្នាមប្រឡាក់,"[1322, 2503, 2442, 2928]",
L3I_IMG_0483.jpg,crops/L3I_IMG_0483_r3.png,ok,ឥដ្ឋការ៉ូភ្លឺចែងចាំង,"[1456, 2776, 2381, 3198]",
L3I_IMG_0483.jpg,crops/L3I_IMG_0483_r4.png,ok,ក្លិនក្រអូប,"[1687, 3083, 2214, 3400]",
L3I_IMG_0484.jpg,crops/L3I_IMG_0484_r1.png,ok,ស្បែកទន់រលោងភ្លឺថ្លានិងមានសុខភាពល្អ,"[787, 2609, 3035, 3148]",
L3I_IMG_0484.jpg,crops/L3I_IMG_0484_r2.png,ok,ប្រសិទ្ធភាពលើស VitaminC 10ដង,"[960, 3095, 2753, 3438]",
L3I_IMG_0485.jpg,crops/L3I_IMG_0485_r1.png,ok,លក់លាងស្តុក,"[612, 2605, 1460, 2843]",
L3I_IMG_0485.jpg,crops/L3I_IMG_0485_r2.png,ok,បញ្ចុះតម្លៃពិសេស,"[734, 3609, 2402, 4139]",
L3I_IMG_0486.jpg,crops/L3I_IMG_0486_r1.png,ok,យ៉ាង លីអុី,"[1360, 2507, 1671, 2814]",
L3I_IMG_0486.jpg,crops/L3I_IMG_0486_r2.png,ok,តៅហ៊ូ ស្ដើង,"[1169, 2714, 2349, 3153]",
L3I_IMG_0487.jpg,crops/L3I_IMG_0487_r1.png,ok,ផ្លែឈើស្រស់,"[1070, 2115, 2451, 2636]",
L3I_IMG_0488.jpg,crops/L3I_IMG_0488_r1.png,ok,បន្លែស្រស់,"[827, 1839, 2162, 2565]",
L3I_IMG_0489.jpg,crops/L3I_IMG_0489_r1.png,ok,ពានរង្វាន់រសជាតិ ពានរង្វាន់គុណភាព,"[788, 3031, 2778, 3415]",
L3I_IMG_0490.jpg,crops/L3I_IMG_0490_r1.png,ok,សូមផ្ដល់ព័ត៌មានការបើកបរតាមទូរស័ព្ទខាងក្រោម,"[113, 2035, 3355, 2701]",
L3I_IMG_0490.jpg,crops/L3I_IMG_0490_r2.png,ok,ភ្នំពេញ,"[837, 3385, 1221, 3660]",
L3I_IMG_0491.jpg,crops/L3I_IMG_0491_r1.png,ok,រីករាយបុណ្យណូអែល,"[925, 1605, 2473, 1863]",
L3I_IMG_0491.jpg,crops/L3I_IMG_0491_r2.png,ok,និងចូលឆ្នាំសកល,"[1986, 1828, 2467, 1934]",
L3I_IMG_0492.jpg,crops/L3I_IMG_0492_r1.png,ok,នេះជាអ្វីដែលអ្នកត្រូវការ,"[977, 2215, 2135, 2505]",
L3I_IMG_0492.jpg,crops/L3I_IMG_0492_r2.png,ok,ទទួលបានដោយការ,"[2623, 2237, 3112, 2369]",
L3I_IMG_0492.jpg,crops/L3I_IMG_0492_r3.png,ok,ប្រើប្រាស់អ៉ីអនកាត,"[2601, 2318, 3123, 2467]",
L3I_IMG_0492.jpg,crops/L3I_IMG_0492_r4.png,ok,ពិន្ទុ,"[3119, 2182, 3349, 2426]",
L3I_IMG_0493.jpg,crops/L3I_IMG_0493_r1.png,ok,ម៉ាញប៊ុក្ស,"[658, 2090, 2821, 3159]",
L3I_IMG_0494.jpg,crops/L3I_IMG_0494_r1.png,ok,ច្រកចេញ,"[587, 2416, 1765, 2837]",
L3I_IMG_0495.jpg,crops/L3I_IMG_0495_r1.png,ok,ការតាំងលក់,"[1170, 3369, 2543, 3856]",
L3I_IMG_0495.jpg,crops/L3I_IMG_0495_r2.png,ok,ស្បែកជើង និងសម្ភារកីឡា,"[1104, 3854, 2631, 4231]",
L3I_IMG_0496.jpg,crops/L3I_IMG_0496_r1.png,ok,តម្លៃពិសេសរាល់ថ្ងៃ,"[788, 1904, 3061, 2729]",
L3I_IMG_0496.jpg,crops/L3I_IMG_0496_r2.png,ok,អ៉ីអនកាត,"[395, 443, 802, 624]",
L3I_IMG_0496.jpg,crops/L3I_IMG_0496_r3.png,ok,នេះជាអ្វីដែលអ្នកត្រូវការ,"[556, 546, 979, 663]",
L3I_IMG_0497.jpg,crops/L3I_IMG_0497_r1.png,ok,កម្មវិធីពិសេស,"[641, 1268, 2190, 1759]",
L3I_IMG_0498.jpg,crops/L3I_IMG_0498_r1.png,ok,ការ៉េម កូរ៉េ,"[862, 2316, 2111, 2800]",
L3I_IMG_0499.jpg,crops/L3I_IMG_0499_r1.png,ok,រៀល (៛),"[1513, 888, 1716, 970]",
L3I_IMG_0499.jpg,crops/L3I_IMG_0499_r2.png,ok,កន្ត្រកកាដូរ(ជីន ស៊ុន 75ML),"[1523, 1266, 1874, 1314]",
L3I_IMG_0499.jpg,crops/L3I_IMG_0499_r3.png,ok,ដ៉ំសាច់មាន់បំពង,"[960, 2084, 2309, 2429]",
L3I_IMG_0499.jpg,crops/L3I_IMG_0499_r4.png,ok,បញ្ចុះតំលៃ,"[2076, 3734, 2361, 3888]",
L3I_IMG_0500.jpg,crops/L3I_IMG_0500_r1.png,ok,កន្សែងទំហំ ធំ,"[1006, 1507, 1945, 1874]",
L3I_IMG_0501.jpg,crops/L3I_IMG_0501_r1.png,ok,ចេញ និងចូលសូមមេត្តា,"[1209, 2268, 2554, 2503]",
L3I_IMG_0501.jpg,crops/L3I_IMG_0501_r2.png,ok,ជួយទាញទ្វាបិទវិញផង!,"[1132, 2469, 2561, 2740]",
L3I_IMG_0502.jpg,crops/L3I_IMG_0502_r1.png,ok,សម្រាប់បុគ្គលិក,"[1291, 2187, 2201, 2521]",
L3I_IMG_0503.jpg,crops/L3I_IMG_0503_r1.png,ok,ទំនិញគុណភាពជប៉ុន,"[1521, 809, 2135, 986]",
L3I_IMG_0503.jpg,crops/L3I_IMG_0503_r2.png,ok,សំបកភីហ្សា និង ភីហ្សា,"[689, 2563, 2441, 2957]",
L3I_IMG_0504.jpg,crops/L3I_IMG_0504_r1.png,ok,អាហារជប៉ុន,"[144, 758, 699, 987]",
L3I_IMG_0504.jpg,crops/L3I_IMG_0504_r2.png,ok,អាហារកូរ៉េ,"[2364, 936, 2683, 1101]",
L3I_IMG_0504.jpg,crops/L3I_IMG_0504_r3.png,ok,សំបកចៃយ៉ និង គាវ,"[1038, 2425, 2183, 2811]",
L3I_IMG_0505.jpg,crops/L3I_IMG_0505_r1.png,ok,អាហារកូរ៉េ,"[2353, 945, 2835, 1133]",
L3I_IMG_0505.jpg,crops/L3I_IMG_0505_r2.png,ok,ស្ប៉ាហ្គាទី គាវ និង ឌីមសាំ,"[655, 2792, 2744, 3256]",
L3I_IMG_0506.jpg,crops/L3I_IMG_0506_r1.png,ok,អាហារចិន,"[2253, 969, 2693, 1140]",
L3I_IMG_0506.jpg,crops/L3I_IMG_0506_r2.png,ok,គាវ និង ឌីមសាំ,"[1202, 2575, 2282, 2910]",
L3I_IMG_0507.jpg,crops/L3I_IMG_0507_r1.png,ok,ទូទាត់រហ័ស និងទាន់សម័យ,"[1174, 1799, 2464, 2010]",
L3I_IMG_0507.jpg,crops/L3I_IMG_0507_r2.png,ok,ជាមួយអ៉ីអនកាត,"[1081, 1985, 1751, 2138]",
L3I_IMG_0508.jpg,crops/L3I_IMG_0508_r1.png,ok,ដឹកជញ្ជូនទូទាំងប្រទេស,"[424, 2664, 2753, 3097]",
L3I_IMG_0509.jpg,crops/L3I_IMG_0509_r1.png,ok,ការ៉េមប្រអប់ ថប់វែលយូ,"[651, 697, 2346, 1165]",
L3I_IMG_0510.jpg,crops/L3I_IMG_0510_r1.png,ok,កំប៉ុងវែង,"[837, 874, 1979, 1529]",
L3I_IMG_0510.jpg,crops/L3I_IMG_0510_r2.png,ok,រសជាតិអស្ចារ្យដូចដើម,"[1316, 1328, 1946, 1491]",
L3I_IMG_0511.jpg,crops/L3I_IMG_0511_r1.png,ok,កំប៉ុងវែង,"[1646, 1989, 2550, 2480]",
L3I_IMG_0511.jpg,crops/L3I_IMG_0511_r2.png,ok,រសជាតិអស្ចារ្យដូចដើម,"[1669, 2396, 2579, 2625]",
L3I_IMG_0511.jpg,crops/L3I_IMG_0511_r3.png,ok,ថ្មី,"[2577, 1919, 2881, 2596]",
L3I_IMG_0512.jpg,crops/L3I_IMG_0512_r1.png,ok,ផលិតផលកម្ពុជា,"[1332, 2385, 2241, 2899]",
L3I_IMG_0513.jpg,crops/L3I_IMG_0513_r1.png,ok,ស្រាបៀរ អង្គរ អិចស្ត្រាស្ពោត,"[988, 4020, 2439, 4284]",
L3I_IMG_0514.jpg,crops/L3I_IMG_0514_r1.png,ok,ទិញ,"[1050, 3358, 1476, 3752]",
L3I_IMG_0514.jpg,crops/L3I_IMG_0514_r2.png,ok,កេស,"[1872, 3483, 2473, 3866]",
L3I_IMG_0515.jpg,crops/L3I_IMG_0515_r1.png,ok,ពេលវេលារីករាយ,"[616, 2612, 2193, 3043]",
L3I_IMG_0515.jpg,crops/L3I_IMG_0515_r2.png,ok,ឆ្នាំ,"[1959, 2699, 2665, 3863]",
L3I_IMG_0516.jpg,crops/L3I_IMG_0516_r1.png,ok,បញ្ចុះតំលៃ,"[1292, 2959, 2979, 3926]",
L3I_IMG_0516.jpg,crops/L3I_IMG_0516_r2.png,ok,ទឹកដេ,"[2972, 2910, 3468, 3147]",
L3I_IMG_0516.jpg,crops/L3I_IMG_0516_r3.png,ok,ក្រាម,"[2990, 3157, 3438, 3413]",
L3I_IMG_0517.jpg,crops/L3I_IMG_0517_r1.png,ok,វិសាលភាពគ្រប់ពេល,"[484, 2090, 3164, 2652]",
L3I_IMG_0518.jpg,crops/L3I_IMG_0518_r1.png,ok,ភេសជ្ជៈ,"[1224, 1855, 2739, 2821]",
L3I_IMG_0519.jpg,crops/L3I_IMG_0519_r1.png,ok,តម្លៃពិសេសរាល់ថ្ងៃ,"[456, 467, 2331, 986]",
L3I_IMG_0519.jpg,crops/L3I_IMG_0519_r2.png,ok,រៀល (៛),"[375, 1044, 1101, 1362]",
L3I_IMG_0519.jpg,crops/L3I_IMG_0519_r3.png,ok,ណេសកាហ្វេ កំប៉ុង អិចព្រេសសូ,"[349, 2735, 2571, 3017]",
L3I_IMG_0520.jpg,crops/L3I_IMG_0520_r1.png,ok,ឆ្នាំ,"[984, 2103, 1574, 3072]",
L3I_IMG_0520.jpg,crops/L3I_IMG_0520_r2.png,ok,គុណភាព និងរសជាតិ,"[1587, 2254, 3378, 2614]",
L3I_IMG_0520.jpg,crops/L3I_IMG_0520_r3.png,ok,ឋិតថេរគ្រប់ជំនាន់,"[1576, 2539, 3008, 2899]",
L3I_IMG_0521.jpg,crops/L3I_IMG_0521_r1.png,ok,ទឹកដោះគោ,"[1066, 2514, 1863, 2848]",
L3I_IMG_0522.jpg,crops/L3I_IMG_0522_r1.png,ok,អបអរសាទរ,"[718, 1747, 1765, 2037]",
L3I_IMG_0522.jpg,crops/L3I_IMG_0522_r2.png,ok,ខួបមួយទស្សវត្សរ៍,"[418, 1964, 2037, 2440]",
L3I_IMG_0522.jpg,crops/L3I_IMG_0522_r3.png,ok,ជាមួយដៃគូរថែរក្សារាងរបស់អ្នក,"[211, 2307, 2233, 2739]",
L3I_IMG_0523.jpg,crops/L3I_IMG_0523_r1.png,ok,អតិថិជនជាទីគោរព,"[1088, 1921, 2680, 2206]",
L3I_IMG_0523.jpg,crops/L3I_IMG_0523_r2.png,ok,សូមបញ្ជរថ្លឹងនៅទីនេះសូមអរគុណ!,"[897, 2269, 2816, 2484]",
L3I_IMG_0524.jpg,crops/L3I_IMG_0524_r1.png,ok,គុណភាព,"[1376, 1801, 2451, 2342]",
L3I_IMG_0524.jpg,crops/L3I_IMG_0524_r2.png,ok,ជប៉ុន,"[1093, 2471, 1667, 3001]",
L3I_IMG_0525.jpg,crops/L3I_IMG_0525_r1.png,ok,ជ្រើសរើសរសជាតិ,"[897, 1687, 2805, 3153]",
L3I_IMG_0525.jpg,crops/L3I_IMG_0525_r2.png,ok,តាមចិត្តលោកអ្នក,"[1349, 2284, 2554, 3233]",
L3I_IMG_0526.jpg,crops/L3I_IMG_0526_r1.png,ok,មីជាតិ,"[1469, 1366, 2903, 2293]",
L3I_IMG_0526.jpg,crops/L3I_IMG_0526_r2.png,ok,ស្នាដៃខ្មែរ,"[1496, 2607, 2206, 2974]",
L3I_IMG_0526.jpg,crops/L3I_IMG_0526_r3.png,ok,មីជាតិ,"[1885, 4091, 2647, 4621]",
L3I_IMG_0526.jpg,crops/L3I_IMG_0526_r4.png,ok,ម៉ាស៊ីនជប៉ុន បច្ចេកវិទ្យាជប៉ុន,"[2596, 4139, 3273, 4417]",
L3I_IMG_0526.jpg,crops/L3I_IMG_0526_r5.png,ok,រសជាតិខ្មែរ,"[1872, 2897, 2826, 3317]",
L3I_IMG_0527.jpg,crops/L3I_IMG_0527_r1.png,ok,រៀល (៛),"[1208, 489, 1798, 747]",
L3I_IMG_0527.jpg,crops/L3I_IMG_0527_r2.png,ok,ទាខ្វៃបែបកូរ៉េ,"[1251, 2253, 2522, 2560]",
L3I_IMG_0528.jpg,crops/L3I_IMG_0528_r1.png,ok,គុណភាពជប៉ុន,"[1126, 2226, 2723, 3376]",
L3I_IMG_0529.jpg,crops/L3I_IMG_0529_r1.png,ok,ម៉ាស៊ីនឆែកទំនិញថប់វែលយូ,"[451, 1447, 3224, 1879]",
L3I_IMG_0529.jpg,crops/L3I_IMG_0529_r2.png,ok,សន្សំពិន្ទុដោយការទិញទំនិញនៅផ្សារទំនើបអ៉ីអនភ្នំពេញ,"[652, 4050, 2669, 4329]",
L3I_IMG_0529.jpg,crops/L3I_IMG_0529_r3.png,ok,រៀងរាល់ថ្ងៃទី,"[489, 4398, 1182, 4618]",
L3I_IMG_0529.jpg,crops/L3I_IMG_0529_r4.png,ok,នៃខែនីមួយៗ,"[2307, 4387, 3006, 4612]",
L3I_IMG_0530.jpg,crops/L3I_IMG_0530_r1.png,ok,ម៉ាស៊ីនឆែកទំនិញថប់វែលយូ,"[560, 2198, 3300, 2663]",
L3I_IMG_0531.jpg,crops/L3I_IMG_0531_r1.png,ok,មែនអត់?,"[1001, 1796, 2881, 2484]",
L3I_IMG_0531.jpg,crops/L3I_IMG_0531_r2.png,ok,ទំនើបអ៉ីអនទាំង 3 សាខា តាមរយៈលេខទូរស័ព្ទ ផ្សារទំនើបអ៉ីអនភ្នំពេញ,"[0, 3652, 2876, 3894]",
L3I_IMG_0532.jpg,crops/L3I_IMG_0532_r1.png,ok,តម្លៃពិសេសរាល់ថ្ងៃ,"[391, 1820, 3175, 2533]",
L3I_IMG_0533.jpg,crops/L3I_IMG_0533_r1.png,ok,រង្វាន់ដ៏អស្ចារ្យ! សរុបទឹកប្រាក់,"[1126, 1921, 2614, 2211]",
L3I_IMG_0533.jpg,crops/L3I_IMG_0533_r2.png,ok,លានរៀល,"[1851, 2129, 2544, 2469]",
L3I_IMG_0533.jpg,crops/L3I_IMG_0533_r3.png,ok,ពីម្សៅស៊ុបខ្នរ,"[1001, 2454, 2451, 3012]",
L3I_IMG_0533.jpg,crops/L3I_IMG_0533_r4.png,ok,លោកអ្នកអាចដាក់កញ្ចប់ម្សៅស៊ុបខ្នរបាននៅក្នុងធុងឆ្នោតដែលនៅជិតអ្នក,"[778, 4371, 2761, 4596]",
L3I_IMG_0534.jpg,crops/L3I_IMG_0534_r1.png,ok,សាឡាដបារ,"[1404, 2683, 2244, 2974]",
L3I_IMG_0534.jpg,crops/L3I_IMG_0534_r2.png,ok,ងាយស្រួល,"[2830, 3875, 3194, 4116]",
L3I_IMG_0534.jpg,crops/L3I_IMG_0534_r3.png,ok,ជួយជីវិតកាន់តែ,"[2594, 3685, 3041, 3914]",
L3I_IMG_0535.jpg,crops/L3I_IMG_0535_r1.png,ok,ធ្វើស៊ុគីស៊ុប,"[1180, 1545, 2478, 2190]",
L3I_IMG_0535.jpg,crops/L3I_IMG_0535_r2.png,ok,ត្រូវតែមានដ៉ំស៊ុបខ្នរ,"[576, 1992, 2821, 2886]",
L3I_IMG_0536.jpg,crops/L3I_IMG_0536_r1.png,ok,អាហាររៀបចំ សំរាប់ចអ្អិន,"[1060, 2315, 2532, 2614]",
L3I_IMG_0537.jpg,crops/L3I_IMG_0537_r1.png,ok,បន្លែជួយឲ្យប្រព័ន្ធ ភាពស៊ាំរឹងមាំ,"[739, 2688, 2990, 3159]",
L3I_IMG_0538.jpg,crops/L3I_IMG_0538_r1.png,ok,បន្លែកក គុណភាពជប៉ុន,"[1256, 1981, 2533, 2288]",
L3I_IMG_0539.jpg,crops/L3I_IMG_0539_r1.png,ok,បន្លែក្នុងស្រុកប្រទេសកម្ពុជា,"[108, 2095, 3104, 2576]",
L3I_IMG_0539.jpg,crops/L3I_IMG_0539_r2.png,ok,អាសយដ្ជាន: ភូមិ ចំការដូង សង្កាត់ចំការមនក្រុងច្បារមនខេត្តកំពង់ស្ពឺ,"[151, 3511, 3447, 3719]",
L3I_IMG_0540.jpg,crops/L3I_IMG_0540_r1.png,ok,អានម៉ាណាហ្វាម (ខេមបូឌា),"[1110, 2035, 3137, 2935]",
L3I_IMG_0541.jpg,crops/L3I_IMG_0541_r1.png,ok,អ៉ីអនកាត,"[1155, 2303, 1875, 2610]",
L3I_IMG_0541.jpg,crops/L3I_IMG_0541_r2.png,ok,នេះជាអ្វីដែលអ្នកត្រូវការ,"[1436, 2481, 2177, 2643]",
L3I_IMG_0542.jpg,crops/L3I_IMG_0542_r1.png,ok,ដំឡូងជប៉ុន ដុតរសជាតិផ្អែម,"[950, 1995, 2019, 2462]",
L3I_IMG_0543.jpg,crops/L3I_IMG_0543_r1.png,ok,ផលិតផលគុណភាពនិងស្ដង់ដារសុវត្ថិភាពចំណីអាហារ,"[449, 1792, 3101, 2026]",
L3I_IMG_0544.jpg,crops/L3I_IMG_0544_r1.png,ok,បញ្ចុះតំលៃ,"[2438, 1941, 2640, 2095]",
L3I_IMG_0544.jpg,crops/L3I_IMG_0544_r2.png,ok,បញ្ចុះតំលៃ,"[2424, 2511, 2640, 2661]",
L3I_IMG_0544.jpg,crops/L3I_IMG_0544_r3.png,ok,ប្រហិតគ្រប់មុខ,"[304, 2786, 1427, 3104]",
L3I_IMG_0544.jpg,crops/L3I_IMG_0544_r4.png,ok,៛,"[333, 3353, 476, 3569]",
L3I_IMG_0545.jpg,crops/L3I_IMG_0545_r1.png,ok,គ្រឿងសមុទ្រ,"[714, 710, 2578, 1351]",
L3I_IMG_0545.jpg,crops/L3I_IMG_0545_r2.png,ok,ថ្មីៗស្រស់ៗ,"[1182, 1360, 2063, 1681]",
L3I_IMG_0545.jpg,crops/L3I_IMG_0545_r3.png,ok,មឹក,"[1894, 1669, 2175, 1841]",
L3I_IMG_0545.jpg,crops/L3I_IMG_0545_r4.png,ok,ត្រី,"[572, 2122, 770, 2360]",
L3I_IMG_0545.jpg,crops/L3I_IMG_0545_r5.png,ok,បង្កង,"[1698, 2674, 2052, 2897]",
L3I_IMG_0545.jpg,crops/L3I_IMG_0545_r6.png,ok,បង្គា,"[1044, 3385, 1333, 3605]",
L3I_IMG_0545.jpg,crops/L3I_IMG_0545_r7.png,ok,លៀស,"[2463, 3748, 2937, 4004]",
L3I_IMG_0546.jpg,crops/L3I_IMG_0546_r1.png,ok,ដំឡូងជប៉ុន ដុតរសជាតិផ្អែម,"[133, 304, 2948, 1010]",
L3I_IMG_0546.jpg,crops/L3I_IMG_0546_r2.png,ok,អត្ថប្រយោជន៍,"[1817, 1487, 2298, 1671]",
L3I_IMG_0546.jpg,crops/L3I_IMG_0546_r3.png,ok,ជំនួយដល់សុខភាពភ្នែក,"[975, 1665, 1881, 1859]",
L3I_IMG_0546.jpg,crops/L3I_IMG_0546_r4.png,ok,ជួយរំលាយអាហារបានល្អ,"[977, 1781, 1950, 1965]",
L3I_IMG_0546.jpg,crops/L3I_IMG_0546_r5.png,ok,ជួយគ្រប់គ្រងជំងឺទឹកនោមផ្អែម,"[983, 1846, 2084, 2087]",
L3I_IMG_0546.jpg,crops/L3I_IMG_0546_r6.png,ok,ជួយការពារហានិភ័យនៃជំងឺមហារីក,"[962, 1941, 2215, 2194]",
L3I_IMG_0546.jpg,crops/L3I_IMG_0546_r7.png,ok,ជួយកាត់បន្ថយហានិភ័យនៃ,"[965, 2071, 1990, 2294]",
L3I_IMG_0546.jpg,crops/L3I_IMG_0546_r8.png,ok,សុខភាពបេះដូង,"[1085, 2224, 1602, 2375]",
L3I_IMG_0546.jpg,crops/L3I_IMG_0546_r9.png,ok,ជួយពង្រឹងមុខងារខួរក្បាល,"[975, 2271, 1928, 2487]",
L3I_IMG_0546.jpg,crops/L3I_IMG_0546_r10.png,ok,ជួយពង្រឹងប្រព័ន្ធការពាររាងកាយ,"[968, 2340, 2106, 2585]",
L3I_IMG_0546.jpg,crops/L3I_IMG_0546_r11.png,ok,ជួយស្បែកឱ្យប្រសើរឡើង,"[979, 2449, 1950, 2672]",
L3I_IMG_0547.jpg,crops/L3I_IMG_0547_r1.png,ok,បន្លែសុវត្ថិភាពខ្មែរ,"[805, 3160, 2400, 3554]",
L3I_IMG_0547.jpg,crops/L3I_IMG_0547_r2.png,ok,ភូមិកសិកម្មធម្មជាតិ,"[172, 3459, 720, 3583]",
L3I_IMG_0548.jpg,crops/L3I_IMG_0548_r1.png,ok,ទំនិញនេះមានលេខកូដតម្លៃនៅបញ្ជារបង់ប្រាក់,"[456, 2387, 2897, 2839]",
L3I_IMG_0549.jpg,crops/L3I_IMG_0549_r1.png,ok,ប្រភេទផ្សិត,"[1335, 2438, 2041, 2665]",
L3I_IMG_0550.jpg,crops/L3I_IMG_0550_r1.png,ok,ប៉េងប៉ោះ,"[1390, 1006, 2032, 1264]",
L3I_IMG_0051.jpg,crops/L3I_IMG_0051_r1.png,ok,បន្ថយល្បឿន,"[1037, 1919, 2196, 2560]",
L3I_IMG_0052.jpg,crops/L3I_IMG_0052_r1.png,ok,ច្រកចូល,"[1363, 981, 1751, 1176]",
L3I_IMG_0053.jpg,crops/L3I_IMG_0053_r1.png,ok,ប្រយ័ត្ន!,"[1123, 760, 2206, 1281]",
L3I_IMG_0053.jpg,crops/L3I_IMG_0053_r2.png,ok,មែកឈើបាក់ ឬ ធ្លាក់,"[520, 2588, 3008, 3111]",
L3I_IMG_0054.jpg,crops/L3I_IMG_0054_r1.png,ok,កំរិត 1.1 (ចុងសប្ដាហ៍វេនព្រឹក),"[739, 1794, 2863, 2275]",
L3I_IMG_0054.jpg,crops/L3I_IMG_0054_r2.png,ok,ស្នើស៉ំប្តូរពីប.សិក្សា 5 ទៅ,"[884, 2188, 2691, 2675]",
L3I_IMG_0054.jpg,crops/L3I_IMG_0054_r3.png,ok,ប.ក៉ំព្យូទ័រ,"[714, 2576, 1426, 2941]",
L3I_IMG_0055.jpg,crops/L3I_IMG_0055_r1.png,ok,មុនចាកចេញ សូមជួយបិទ,"[561, 1400, 2129, 1739]",
L3I_IMG_0055.jpg,crops/L3I_IMG_0055_r2.png,ok,"ម៉ាស៊ីនត្រជាក់,កង្ហារ និង","[1279, 1668, 2699, 1999]",
L3I_IMG_0055.jpg,crops/L3I_IMG_0055_r3.png,ok,អំពូល។ អរគុណ!!,"[1158, 2005, 2250, 2353]",
L3I_IMG_0056.jpg,crops/L3I_IMG_0056_r1.png,ok,ហាមគូរវាសផ្សេងៗ,"[962, 1775, 2203, 1996]",
L3I_IMG_0056.jpg,crops/L3I_IMG_0056_r2.png,ok,នៅលើតុ កៅអីអង្គុយ,"[950, 2012, 2275, 2301]",
L3I_IMG_0056.jpg,crops/L3I_IMG_0056_r3.png,ok,ឬកន្លែងផ្សេងៗ,"[1077, 2305, 2094, 2572]",
L3I_IMG_0057.jpg,crops/L3I_IMG_0057_r1.png,ok,ទីនេះជាសាលារៀន សូមរក្សាភាពស្ងៀមស្ងាត់!,"[722, 639, 2079, 846]",
L3I_IMG_0058.jpg,crops/L3I_IMG_0058_r1.png,ok,សន្តិភាព គឺជាមូលដ្ឋានគ្រឹះនៃសិទ្ធិមនុស្ស និងការអភិវឌ្ឍ,"[84, 1788, 3390, 2281]",
L3I_IMG_0059.jpg,crops/L3I_IMG_0059_r1.png,ok,ដាំភាពស្មោះត្រង់ក្នុងខ្លួន ដុះភាពស្អាតស្អំក្នុងសង្គម,"[294, 1373, 2278, 1580]",
L3I_IMG_0060.jpg,crops/L3I_IMG_0060_r1.png,ok,ជីវិតកាន់តែរីករាយ កាន់តែរស់រវើក,"[593, 1048, 3334, 1379]",
L3I_IMG_0061.jpg,crops/L3I_IMG_0061_r1.png,ok,90ឆ្នាំ,"[891, 906, 1388, 1374]",
L3I_IMG_0061.jpg,crops/L3I_IMG_0061_r2.png,ok,គុណភាព និងរសជាតិ,"[1355, 815, 2004, 1104]",
L3I_IMG_0061.jpg,crops/L3I_IMG_0061_r3.png,ok,ឋិតថេរគ្រប់ជំនាន់,"[1379, 961, 1917, 1208]",
L3I_IMG_0062.jpg,crops/L3I_IMG_0062_r1.png,ok,និងរង្វាន់ជាច្រើនសន្ធឹកសន្ធាប់,"[1189, 1497, 2118, 1675]",
L3I_IMG_0062.jpg,crops/L3I_IMG_0062_r2.png,ok,ខេត្តកំពត,"[653, 1971, 1022, 2129]",
L3I_IMG_0062.jpg,crops/L3I_IMG_0062_r3.png,ok,ខេត្តកំពង់ស្ពឺ,"[1981, 1867, 2485, 2084]",
L3I_IMG_0062.jpg,crops/L3I_IMG_0062_r4.png,ok,ខេត្តកោះកុង,"[2966, 1819, 3464, 2014]",
L3I_IMG_0063.jpg,crops/L3I_IMG_0063_r1.png,ok,ឥតគិតថ្លៃ,"[352, 808, 1181, 1124]",
L3I_IMG_0063.jpg,crops/L3I_IMG_0063_r2.png,ok,សម្រាប់,"[1201, 833, 1802, 1131]",
L3I_IMG_0063.jpg,crops/L3I_IMG_0063_r3.png,ok,លុយចូលគណនី,"[127, 1122, 1467, 1445]",
L3I_IMG_0063.jpg,crops/L3I_IMG_0063_r4.png,ok,បង់កម្ចី,"[1686, 1144, 2180, 1427]",
L3I_IMG_0063.jpg,crops/L3I_IMG_0063_r5.png,ok,នៅគ្រប់ភ្នាក់ងារ,"[174, 1447, 1467, 1827]",
L3I_IMG_0063.jpg,crops/L3I_IMG_0063_r6.png,ok,ទ្រូម៉ាន់នី,"[1486, 1425, 2223, 1795]",
L3I_IMG_0063.jpg,crops/L3I_IMG_0063_r7.png,ok,លក្ខខណ្ឌផ្សេងៗត្រូវបានអនុវត្ត,"[1492, 1811, 2230, 1971]",
L3I_IMG_0064.jpg,crops/L3I_IMG_0064_r1.png,ok,សូមវេចខ្ចប់ និងចងថង់សំរាមឲ្យបានត្រឹមត្រូវ,"[300, 1656, 3128, 1959]",
L3I_IMG_0064.jpg,crops/L3I_IMG_0064_r2.png,ok,មុននឹងដាក់ចូលក្នុងធុងសំរាម!,"[705, 1922, 2710, 2246]",
L3I_IMG_0064.jpg,crops/L3I_IMG_0064_r3.png,ok,សូមអរគុណ,"[2296, 2600, 2779, 2748]",
L3I_IMG_0065.jpg,crops/L3I_IMG_0065_r1.png,ok,សូមបើកទ្វារនិងដាក់,"[608, 386, 2869, 932]",
L3I_IMG_0065.jpg,crops/L3I_IMG_0065_r2.png,ok,សំរាមចូលក្នុងធុង,"[584, 817, 2541, 1402]",
L3I_IMG_0065.jpg,crops/L3I_IMG_0065_r3.png,ok,សូមចូលរួមទុកដាក់ បែងចែកសំរាមសើម និងស្ងួតឲ្យបានត្រឹមត្រូវ,"[373, 3146, 3194, 3471]",
L3I_IMG_0065.jpg,crops/L3I_IMG_0065_r4.png,ok,ដោយអនុវត្តតាមការណែនាំរបស់រដ្ឋបាលរាជធានីភ្នំពេញ។,"[445, 3358, 3218, 3640]",
L3I_IMG_0066.jpg,crops/L3I_IMG_0066_r1.png,ok,ហាមប៉ះពាល់,"[1266, 2085, 2315, 2336]",
L3I_IMG_0066.jpg,crops/L3I_IMG_0066_r2.png,ok,ប្រយ័ត្នគ្រោះថ្នាក់,"[1120, 2380, 2477, 2730]",
L3I_IMG_0067.jpg,crops/L3I_IMG_0067_r1.png,ok,ច្រកចេញ,"[1179, 1881, 2084, 2149]",
L3I_IMG_0067.jpg,crops/L3I_IMG_0067_r2.png,ok,គ្រាមានអាសន្ន,"[1026, 2165, 2244, 2459]",
L3I_IMG_0068.jpg,crops/L3I_IMG_0068_r1.png,ok,បណ្ដាំក្រមង៉ុយ,"[705, 829, 2890, 1534]",
L3I_IMG_0068.jpg,crops/L3I_IMG_0068_r2.png,ok,បោះពុម្ពផ្សាយដោយអង្គការសន្ដិស្ម័គ្រចិត្តកម្ពុជា (អេស វី អេ),"[876, 3585, 2681, 3855]",
L3I_IMG_0068.jpg,crops/L3I_IMG_0068_r3.png,ok,ភ្នំពេញ,"[1615, 3815, 1876, 3955]",
L3I_IMG_0068.jpg,crops/L3I_IMG_0068_r4.png,ok,ព.ស. ២៥៤៩ - គ.ស ២០០៥,"[1296, 3946, 2178, 4115]",
L3I_IMG_0069.jpg,crops/L3I_IMG_0069_r1.png,ok,ច្រកចេញ,"[1573, 2234, 1866, 2360]",
L3I_IMG_0070.jpg,crops/L3I_IMG_0070_r1.png,ok,ទទួលបញ្ចាំ ផ្ទះ-ដី,"[1971, 1082, 2640, 1385]",
L3I_IMG_0070.jpg,crops/L3I_IMG_0070_r2.png,ok,ការប្រាក់,"[2047, 1314, 2322, 1425]",
L3I_IMG_0071.jpg,crops/L3I_IMG_0071_r1.png,ok,សាលាអន្តរជាតិកូរ៉េភ្នំពេញ,"[1538, 1722, 2450, 1873]",
L3I_IMG_0072.jpg,crops/L3I_IMG_0072_r1.png,ok,មន្ទីរពេទ្យព្រះកុសម:,"[1480, 1080, 1886, 1205]",
L3I_IMG_0072.jpg,crops/L3I_IMG_0072_r2.png,ok,មន្ទីរពេទ្យកុមារជាតិ,"[1537, 1264, 1997, 1371]",
L3I_IMG_0072.jpg,crops/L3I_IMG_0072_r3.png,ok,ម.វិថី កម្ពុជាក្រោម,"[1545, 1428, 2012, 1550]",
L3I_IMG_0072.jpg,crops/L3I_IMG_0072_r4.png,ok,ផ្សារធំថ្មី,"[1545, 1595, 1754, 1700]",
L3I_IMG_0072.jpg,crops/L3I_IMG_0072_r5.png,ok,ប្រេងម៉ាស៊ីន អេស អ៊យ,"[1683, 1770, 2068, 1869]",
L3I_IMG_0073.jpg,crops/L3I_IMG_0073_r1.png,ok,ជិះ,"[1442, 1067, 1532, 1135]",
L3I_IMG_0073.jpg,crops/L3I_IMG_0073_r2.png,ok,ជួយអ្នកបើកបរ,"[1666, 1084, 1996, 1169]",
L3I_IMG_0073.jpg,crops/L3I_IMG_0073_r3.png,ok,នំដានីសា,"[1552, 1292, 2000, 1465]",
L3I_IMG_0074.jpg,crops/L3I_IMG_0074_r1.png,ok,បន្ថយល្បឿន,"[1769, 726, 2524, 1042]",
L3I_IMG_0075.jpg,crops/L3I_IMG_0075_r1.png,ok,ពេទ្យ កុមារជាតិ,"[1519, 677, 2092, 828]",
L3I_IMG_0076.jpg,crops/L3I_IMG_0076_r1.png,ok,ម.វិថី ម៉ៅសេទុង,"[1497, 1060, 2069, 1207]",
L3I_IMG_0076.jpg,crops/L3I_IMG_0076_r2.png,ok,ម.វិថី សហព័ន្ធរុស្ស៊ី,"[1637, 1294, 2292, 1454]",
L3I_IMG_0076.jpg,crops/L3I_IMG_0076_r3.png,ok,ម.វិថី ព្រះមុនីវង្ស,"[1622, 1548, 2254, 1699]",
L3I_IMG_0076.jpg,crops/L3I_IMG_0076_r4.png,ok,ផ្សារធំថ្មី,"[1604, 1786, 1915, 1936]",
L3I_IMG_0077.jpg,crops/L3I_IMG_0077_r1.png,ok,បង្រៀនដល់ផ្ទះ,"[1189, 1653, 1803, 1969]",
L3I_IMG_0078.jpg,crops/L3I_IMG_0078_r1.png,ok,អគ្គស្នងការដ្ធាននគរបាលជាតិ,"[1445, 898, 2374, 1243]",
L3I_IMG_0079.jpg,crops/L3I_IMG_0079_r1.png,ok,ម.វិថី ព្រះសីហនុ,"[770, 112, 2025, 491]",
L3I_IMG_0079.jpg,crops/L3I_IMG_0079_r2.png,ok,ម.វិថី សហព័ន្ធរុស្ស៊ី,"[1115, 672, 2554, 1066]",
L3I_IMG_0079.jpg,crops/L3I_IMG_0079_r3.png,ok,ផ្សារធំថ្មី,"[1181, 1234, 1792, 1535]",
L3I_IMG_0080.jpg,crops/L3I_IMG_0080_r1.png,ok,ឆាប់ស្ងួត,"[1410, 1988, 1800, 2184]",
L3I_IMG_0080.jpg,crops/L3I_IMG_0080_r2.png,ok,សរសេររអិល,"[1407, 2140, 1952, 2305]",
L3I_IMG_0080.jpg,crops/L3I_IMG_0080_r3.png,ok,អាចដូរបណ្ដូលបាន,"[1410, 2313, 2210, 2500]",
L3I_IMG_0081.jpg,crops/L3I_IMG_0081_r1.png,ok,ស៊ុបភើរៀ ៩៧,"[1452, 1576, 1852, 1762]",
L3I_IMG_0081.jpg,crops/L3I_IMG_0081_r2.png,ok,ឃ្លីន ៩៧,"[1502, 2012, 1800, 2184]",
L3I_IMG_0081.jpg,crops/L3I_IMG_0081_r3.png,ok,ស៊ុបភើឌី សល,"[1442, 2428, 1817, 2582]",
L3I_IMG_0082.jpg,crops/L3I_IMG_0082_r1.png,ok,ពេញចិត្ត,"[1352, 1864, 1727, 2014]",
L3I_IMG_0082.jpg,crops/L3I_IMG_0082_r2.png,ok,ផ្សាក្បាំងម៉ូតូបាញ់ថ្នាំ,"[1181, 2173, 1814, 2352]",
L3I_IMG_0082.jpg,crops/L3I_IMG_0082_r3.png,ok,សុី ខេ,"[2753, 1220, 3204, 1589]",
L3I_IMG_0083.jpg,crops/L3I_IMG_0083_r1.png,ok,ឈប់,"[1563, 1474, 2201, 1869]",
L3I_IMG_0084.jpg,crops/L3I_IMG_0084_r1.png,ok,ហាមចត,"[1334, 1655, 1693, 1799]",
L3I_IMG_0085.jpg,crops/L3I_IMG_0085_r1.png,ok,អាហារ,"[798, 2148, 1299, 2340]",
L3I_IMG_0085.jpg,crops/L3I_IMG_0085_r2.png,ok,ភេសជ្ជៈ,"[769, 2367, 1313, 2614]",
L3I_IMG_0085.jpg,crops/L3I_IMG_0085_r3.png,ok,សុខភាព,"[724, 2609, 1320, 2836]",
L3I_IMG_0085.jpg,crops/L3I_IMG_0085_r4.png,ok,សេវាដឹកជូនដល់ទីកន្លែង,"[1393, 1666, 1935, 1784]",
L3I_IMG_0085.jpg,crops/L3I_IMG_0085_r5.png,ok,តាមបែបគន្លងថ្មី,"[1397, 1742, 1747, 1845]",
L3I_IMG_0086.jpg,crops/L3I_IMG_0086_r1.png,ok,ដោនឡូតភ្លាម,"[1569, 1852, 1757, 1955]",
L3I_IMG_0086.jpg,crops/L3I_IMG_0086_r2.png,ok,ទទួលបាន,"[1583, 1947, 1732, 2027]",
L3I_IMG_0087.jpg,crops/L3I_IMG_0087_r1.png,ok,ចំណតម៉ូតូ,"[1132, 2232, 1580, 2426]",
L3I_IMG_0087.jpg,crops/L3I_IMG_0087_r2.png,ok,ភ្នំពេញ,"[299, 3066, 459, 3130]",
L3I_IMG_0088.jpg,crops/L3I_IMG_0088_r1.png,ok,មានឃ្លាំងជួលទំហំ,"[1841, 1289, 2590, 1442]",
L3I_IMG_0089.jpg,crops/L3I_IMG_0089_r1.png,ok,សណ្ឋាគារសុវណ្ណបូរីថ្មី,"[1359, 1239, 2046, 1424]",
L3I_IMG_0090.jpg,crops/L3I_IMG_0090_r1.png,ok,បុរីកីឡា,"[1880, 1692, 2207, 1844]",
L3I_IMG_0091.jpg,crops/L3I_IMG_0091_r1.png,ok,ល្បឿនលឿនបំផុត,"[1984, 1597, 2438, 1739]",
L3I_IMG_0092.jpg,crops/L3I_IMG_0092_r1.png,ok,ឡានជួល,"[1107, 1978, 1754, 2183]",
L3I_IMG_0093.jpg,crops/L3I_IMG_0093_r1.png,ok,ផ្សាយពាណិជ្ជកម្ម សូមទូរស័ព្ចមក,"[659, 1672, 2497, 1953]",
L3I_IMG_0094.jpg,crops/L3I_IMG_0094_r1.png,ok,ទទួលបញ្ចាំ ផ្ទះ-ដី,"[1128, 1244, 2506, 1808]",
L3I_IMG_0094.jpg,crops/L3I_IMG_0094_r2.png,ok,ការប្រាក់,"[1503, 1743, 1894, 1924]",
L3I_IMG_0095.jpg,crops/L3I_IMG_0095_r1.png,ok,សក់ដុះលឿន,"[2174, 1971, 2949, 2405]",
L3I_IMG_0096.jpg,crops/L3I_IMG_0096_r1.png,ok,ច្រកចូល,"[1803, 1137, 2132, 1279]",
L3I_IMG_0096.jpg,crops/L3I_IMG_0096_r2.png,ok,វិថីកង់បី,"[1867, 2141, 2395, 2484]",
L3I_IMG_0097.jpg,crops/L3I_IMG_0097_r1.png,ok,ការិយាល័យ,"[1047, 1648, 1918, 1922]",
L3I_IMG_0097.jpg,crops/L3I_IMG_0097_r2.png,ok,សម្រាប់ជួល,"[1067, 1900, 1949, 2245]",
L3I_IMG_0098.jpg,crops/L3I_IMG_0098_r1.png,ok,ហ្វាយណាន់សល,"[1583, 1701, 2599, 2049]",
L3I_IMG_0098.jpg,crops/L3I_IMG_0098_r2.png,ok,បើកចរាចរណ៍ជាសាធារណៈ,"[1474, 2165, 2502, 2388]",
L3I_IMG_0098.jpg,crops/L3I_IMG_0098_r3.png,ok,ទៅវិថីព្រះមុន្នីរ៉េត,"[1657, 2649, 2544, 2945]",
L3I_IMG_0098.jpg,crops/L3I_IMG_0098_r4.png,ok,ផ្សារទំនើបអូឡាំព្យា,"[1563, 2915, 2523, 3215]",
L3I_IMG_0099.jpg,crops/L3I_IMG_0099_r1.png,ok,សូមអរគុណសន្តិភាព,"[1225, 1324, 1683, 1435]",
L3I_IMG_0099.jpg,crops/L3I_IMG_0099_r2.png,ok,មករា,"[1201, 1826, 1402, 1897]",
L3I_IMG_0099.jpg,crops/L3I_IMG_0099_r3.png,ok,ខួបទី,"[1251, 1893, 1387, 1986]",
L3I_IMG_0099.jpg,crops/L3I_IMG_0099_r4.png,ok,អបអរសាទរ,"[1188, 2369, 1482, 2438]",
L3I_IMG_0099.jpg,crops/L3I_IMG_0099_r5.png,ok,ខួបទី៤៤នៃទិវាជ័យជម្នះ៧មករា,"[978, 2416, 1718, 2528]",
L3I_IMG_0100.jpg,crops/L3I_IMG_0100_r1.png,ok,កម្មវិធីទូរស័ព្ទដៃជំនាន់ថ្មី,"[1097, 933, 3218, 2051]",
L3I_IMG_0100.jpg,crops/L3I_IMG_0100_r2.png,ok,សេវាកម្មធនាគារដ៏ងាយស្រួលក្នុងដៃអ្នក!,"[1194, 1593, 2975, 2390]",
L3I_IMG_0551.jpg,crops/L3I_IMG_0551_r1.png,ok,ឱសថស្ថាន វែលណេស,"[799, 1926, 2763, 2315]",
L3I_IMG_0552.jpg,crops/L3I_IMG_0552_r1.png,ok,បញ្ចុះតម្លៃ,"[1415, 2128, 2369, 2778]",
L3I_IMG_0552.jpg,crops/L3I_IMG_0552_r2.png,ok,ពិសេស,"[1415, 2656, 2375, 3148]",
L3I_IMG_0553.jpg,crops/L3I_IMG_0553_r1.png,ok,ការតាំងលក់សម្ភារ,"[919, 1142, 2484, 1683]",
L3I_IMG_0553.jpg,crops/L3I_IMG_0553_r2.png,ok,បុណ្យណូអែល,"[1055, 1534, 2358, 2092]",
L3I_IMG_0553.jpg,crops/L3I_IMG_0553_r3.png,ok,ធ្នូ,"[1594, 2389, 1727, 2549]",
L3I_IMG_0554.jpg,crops/L3I_IMG_0554_r1.png,ok,អតិថិជនជាទីគោរព!,"[282, 2835, 3142, 3469]",
L3I_IMG_0554.jpg,crops/L3I_IMG_0554_r2.png,ok,រាល់ការជាវទំនិញគ្រីស្តស្មាសបញ្ជុះតំលៃគឺមិនអាចប្ដូរវិញបានទេ,"[102, 3434, 3453, 3948]",
L3I_IMG_0555.jpg,crops/L3I_IMG_0555_r1.png,ok,ច្រកចេញ,"[1371, 2460, 2086, 2761]",
L3I_IMG_0556.jpg,crops/L3I_IMG_0556_r1.png,ok,ទិញអនឡាញ ទទួលទីនេះ,"[1322, 3543, 3224, 4193]",
L3I_IMG_0557.jpg,crops/L3I_IMG_0557_r1.png,ok,អតិថិជនជាទីគោរព!,"[538, 2035, 1906, 2342]",
L3I_IMG_0557.jpg,crops/L3I_IMG_0557_r2.png,ok,សូមលោកអ្នក អញ្ជើញទៅទូទាត់,"[565, 2476, 2609, 2881]",
L3I_IMG_0557.jpg,crops/L3I_IMG_0557_r3.png,ok,ប្រាក់មុនពេលចាកចេញពីច្រកនេះ។,"[549, 2928, 2799, 3464]",
L3I_IMG_0557.jpg,crops/L3I_IMG_0557_r4.png,ok,សូមអរគុណ!,"[1794, 3532, 2778, 3959]",
L3I_IMG_0558.jpg,crops/L3I_IMG_0558_r1.png,ok,ការធានាពី យ៉ាឌា,"[941, 3440, 2004, 3774]",
L3I_IMG_0559.jpg,crops/L3I_IMG_0559_r1.png,ok,បញ្ចុះតម្លៃពិសេស,"[892, 1415, 2081, 1814]",
L3I_IMG_0559.jpg,crops/L3I_IMG_0559_r2.png,ok,រហូតដល់,"[1331, 1714, 2015, 2015]",
L3I_IMG_0560.jpg,crops/L3I_IMG_0560_r1.png,ok,ការបង្រៀនធ្វើមុខម្ហូបជប៉ុន,"[386, 1904, 3044, 2543]",
L3I_IMG_0561.jpg,crops/L3I_IMG_0561_r1.png,ok,មឹកជប៉ុន,"[1425, 2552, 2249, 2876]",
L3I_IMG_0561.jpg,crops/L3I_IMG_0561_r2.png,ok,មឹកជប៉ុនជាអាហារពេញនិយមដែលមានរសជាតិ,"[848, 4485, 2222, 4623]",
L3I_IMG_0562.jpg,crops/L3I_IMG_0562_r1.png,ok,សូមអញ្ជើញយកទៅគិតប្រាក់នៅ,"[1649, 2106, 2707, 2309]",
L3I_IMG_0562.jpg,crops/L3I_IMG_0562_r2.png,ok,បញ្ជរបង់ប្រាក់,"[2008, 2291, 2511, 2413]",
L3I_IMG_0563.jpg,crops/L3I_IMG_0563_r1.png,ok,ប៉ា ប៉ា ប៉័ង,"[1202, 2291, 2288, 3121]",
L3I_IMG_0563.jpg,crops/L3I_IMG_0563_r2.png,ok,ប៉ា ប៉ា ប៉័ង,"[794, 2457, 1079, 2644]",
L3I_IMG_0564.jpg,crops/L3I_IMG_0564_r1.png,ok,កាដូមាសនាំសំណាង,"[821, 2421, 2617, 2737]",
L3I_IMG_0564.jpg,crops/L3I_IMG_0564_r2.png,ok,ពីក្រុមហ៊ុន ឌី ផ្លរ៉ា,"[1409, 3013, 1902, 3175]",
L3I_IMG_0565.jpg,crops/L3I_IMG_0565_r1.png,ok,ស្កែនភ្លាមទទួល,"[1146, 159, 2505, 553]",
L3I_IMG_0565.jpg,crops/L3I_IMG_0565_r2.png,ok,បានរង្វាន់ភ្លាមៗ,"[667, 667, 3043, 1213]",
L3I_IMG_0566.jpg,crops/L3I_IMG_0566_r1.png,ok,ប្រូម៉ូសិនចុងឆ្នាំ,"[986, 2278, 1714, 2687]",
L3I_IMG_0566.jpg,crops/L3I_IMG_0566_r2.png,ok,គ្រប់ម៉ូដហ្មង,"[1164, 3679, 1808, 3937]",
L3I_IMG_0566.jpg,crops/L3I_IMG_0566_r3.png,ok,ទិញ,"[678, 2843, 1256, 3354]",
L3I_IMG_0566.jpg,crops/L3I_IMG_0566_r4.png,ok,ថែម,"[575, 3152, 1274, 3669]",
L3I_IMG_0567.jpg,crops/L3I_IMG_0567_r1.png,ok,សម្រាប់កីឡា 50+ ប្រភេទ,"[756, 3467, 2778, 4220]",
L3I_IMG_0568.jpg,crops/L3I_IMG_0568_r1.png,ok,មកទទួលទំនិញពី,"[1398, 2013, 2505, 2756]",
L3I_IMG_0568.jpg,crops/L3I_IMG_0568_r2.png,ok,ក្នុងពេលកន្លះថ្ងៃ,"[1398, 2721, 2500, 3507]",
L3I_IMG_0569.jpg,crops/L3I_IMG_0569_r1.png,ok,ស្គេនកូដនេះ,"[1017, 2324, 2843, 2794]",
L3I_IMG_0569.jpg,crops/L3I_IMG_0569_r2.png,ok,ដើម្បីផ្ដល់,"[1012, 2705, 2424, 3164]",
L3I_IMG_0569.jpg,crops/L3I_IMG_0569_r3.png,ok,មតិយោបល់,"[1055, 3070, 2772, 3529]",
L3I_IMG_0570.jpg,crops/L3I_IMG_0570_r1.png,ok,បញ្ជាទិញ,"[1055, 2362, 1841, 2799]",
L3I_IMG_0570.jpg,crops/L3I_IMG_0570_r2.png,ok,យ៉ាងងាយស្រួល!,"[1044, 2536, 2440, 3121]",
L3I_IMG_0571.jpg,crops/L3I_IMG_0571_r1.png,ok,សូមរក្សាគម្លាត,"[1741, 1959, 2500, 2435]",
L3I_IMG_0571.jpg,crops/L3I_IMG_0571_r2.png,ok,សុវត្ថិភាព 1.5M,"[1638, 2100, 2500, 2627]",
L3I_IMG_0572.jpg,crops/L3I_IMG_0572_r1.png,ok,ទិញសំភារៈកីឡា,"[1295, 507, 2707, 976]",
L3I_IMG_0572.jpg,crops/L3I_IMG_0572_r2.png,ok,ប្រភេទ,"[2335, 1017, 2707, 1231]",
L3I_IMG_0572.jpg,crops/L3I_IMG_0572_r3.png,ok,តាមរយៈវេបសាយ,"[1240, 1219, 2732, 1716]",
L3I_IMG_0572.jpg,crops/L3I_IMG_0572_r4.png,ok,ដឹកជញ្ជូន,"[1180, 1839, 2745, 2712]",
L3I_IMG_0572.jpg,crops/L3I_IMG_0572_r5.png,ok,ទូទាំងប្រទេសកម្ពុជា,"[1121, 2541, 2805, 3093]",
L3I_IMG_0573.jpg,crops/L3I_IMG_0573_r1.png,ok,បានដាតាច្រើនហើយ,"[1213, 2269, 2309, 2478]",
L3I_IMG_0573.jpg,crops/L3I_IMG_0573_r2.png,ok,មានឱកាសឈ្នះ,"[1180, 2411, 2320, 2652]",
L3I_IMG_0573.jpg,crops/L3I_IMG_0573_r3.png,ok,គ្រឿង,"[1785, 2618, 2108, 2772]",
L3I_IMG_0573.jpg,crops/L3I_IMG_0573_r4.png,ok,រាល់ខែ,"[1768, 2732, 2277, 2908]",
L3I_IMG_0574.jpg,crops/L3I_IMG_0574_r1.png,ok,កន្លែងផ្ដល់ព័ត៌មាន,"[1469, 1986, 2337, 2522]",
L3I_IMG_0575.jpg,crops/L3I_IMG_0575_r1.png,ok,ខ្ចប់កាដូឥតគិតថ្លៃ,"[876, 2348, 1740, 2607]",
L3I_IMG_0576.jpg,crops/L3I_IMG_0576_r1.png,ok,ហាមប្រើ,"[1681, 3070, 2516, 3409]",
L3I_IMG_0576.jpg,crops/L3I_IMG_0576_r2.png,ok,រទេះទិញទំនិញ,"[1382, 3342, 2718, 3779]",
L3I_IMG_0577.jpg,crops/L3I_IMG_0577_r1.png,ok,សូមប្រុងប្រយ័ត្ន,"[892, 1728, 1987, 2318]",
L3I_IMG_0578.jpg,crops/L3I_IMG_0578_r1.png,ok,បើកដំណើរការឆាប់ៗនេះ!,"[625, 870, 2957, 1291]",
L3I_IMG_0578.jpg,crops/L3I_IMG_0578_r2.png,ok,កំពុងសាងសង់,"[1725, 2574, 2440, 3033]",
L3I_IMG_0579.jpg,crops/L3I_IMG_0579_r1.png,ok,ល្បឿនលឿនប្រើនៅផ្ទះ សម្រាប់ក្រុមគ្រួសារអ្នក!,"[494, 3406, 3431, 3920]",
L3I_IMG_0580.jpg,crops/L3I_IMG_0580_r1.png,ok,ចំណុចមើល,"[1447, 2160, 1966, 2358]",
L3I_IMG_0581.jpg,crops/L3I_IMG_0581_r1.png,ok,សៀវភៅរូបភាព,"[32, 718, 1221, 2614]",
L3I_IMG_0581.jpg,crops/L3I_IMG_0581_r2.png,ok,ម៉ូអាយប្រាឌើរ គ្មានកំលាំងចិត្តធ្វើអ្វីទេ។,"[2215, 3886, 3442, 4133]",
L3I_IMG_0581.jpg,crops/L3I_IMG_0581_r3.png,ok,យើងមិនចង់ធ្វើការទេ ! យើងកំពុងតែដេកនៅក្នុងដីនៃកោះអ៉ីស្ទើរ,"[2117, 4039, 3464, 4264]",
L3I_IMG_0582.jpg,crops/L3I_IMG_0582_r1.png,ok,សូមក៉ំឡើងជាន់,"[1072, 3210, 1759, 3419]",
L3I_IMG_0583.jpg,crops/L3I_IMG_0583_r1.png,ok,កំពុងចាក់បញ្ចាំង,"[1464, 1398, 2560, 1727]",
L3I_IMG_0584.jpg,crops/L3I_IMG_0584_r1.png,ok,ខ្មែរអច្ឆរិយ,"[249, 511, 2680, 2369]",
L3I_IMG_0585.jpg,crops/L3I_IMG_0585_r1.png,ok,ប្រូម៉ូសិន,"[1126, 2917, 2326, 3632]",
L3I_IMG_0586.jpg,crops/L3I_IMG_0586_r1.png,ok,ព័ត៌មានបន្ថែមចំពោះទីតាំងសម្រាប់,"[1224, 451, 3148, 878]",
L3I_IMG_0586.jpg,crops/L3I_IMG_0586_r2.png,ok,រៀបចំកម្មវិធី និងផ្សាយពាណិជ្ជកម្ម,"[1202, 718, 3153, 1117]",
L3I_IMG_0587.jpg,crops/L3I_IMG_0587_r1.png,ok,សូមក៉ំផ្អែកខ្លួនលើបង្កាន់ដៃ ឬកញ្ចក់,"[739, 2007, 2554, 2630]",
L3I_IMG_0588.jpg,crops/L3I_IMG_0588_r1.png,ok,គម្រោងទំនើបកម្មប្រព័ន្ធចុះបញ្ជី,"[1344, 3287, 2320, 3480]",
L3I_IMG_0588.jpg,crops/L3I_IMG_0588_r2.png,ok,និងត្រួតពិនិត្យលក្ខណៈបច្ចេកទេសយានយន្ត,"[990, 3494, 2347, 3676]",
L3I_IMG_0589.jpg,crops/L3I_IMG_0589_r1.png,ok,ចំណាយពេលត្រឹមតែ20 នាទី,"[1317, 2732, 2631, 2952]",
L3I_IMG_0590.jpg,crops/L3I_IMG_0590_r1.png,ok,បញ្ចុះតម្លៃពិសេស,"[689, 718, 2592, 1090]",
L3I_IMG_0591.jpg,crops/L3I_IMG_0591_r1.png,ok,ដើមឈើណូអែលតុបតែងហើយ,"[1182, 1444, 3079, 1714]",
L3I_IMG_0591.jpg,crops/L3I_IMG_0591_r2.png,ok,កំពស់,"[1131, 1886, 1583, 2063]",
L3I_IMG_0591.jpg,crops/L3I_IMG_0591_r3.png,ok,តំលៃ,"[2177, 1850, 2520, 2048]",
L3I_IMG_0592.jpg,crops/L3I_IMG_0592_r1.png,ok,សូមកាន់ដោយប្រុងប្រយ័ត្ន,"[1015, 1915, 2622, 2208]",
L3I_IMG_0593.jpg,crops/L3I_IMG_0593_r1.png,ok,សារធាតុរាវ,"[1320, 1451, 1975, 1685]",
L3I_IMG_0594.jpg,crops/L3I_IMG_0594_r1.png,ok,ប្លាស្ទិក / ដបជ័រ ឬកំប៉ុងជ័រ,"[1001, 2779, 2302, 2999]",
L3I_IMG_0595.jpg,crops/L3I_IMG_0595_r1.png,ok,ដបកែវ,"[914, 2162, 1511, 2411]",
L3I_IMG_0595.jpg,crops/L3I_IMG_0595_r2.png,ok,កំប៉ុងដែក,"[2315, 2148, 2934, 2375]",
L3I_IMG_0596.jpg,crops/L3I_IMG_0596_r1.png,ok,ក្រដាស,"[1371, 3186, 1990, 3413]",
L3I_IMG_0596.jpg,crops/L3I_IMG_0596_r2.png,ok,ផ្សេងៗ,"[2032, 3222, 2578, 3478]",
L3I_IMG_0597.jpg,crops/L3I_IMG_0597_r1.png,ok,សូមកុំដើរឆ្លងកាត់,"[1330, 219, 1691, 330]",
L3I_IMG_0597.jpg,crops/L3I_IMG_0597_r2.png,ok,ច្រកចេញនេះប្រើប្រាស់សម្រាប់ពេល,"[1323, 297, 2059, 421]",
L3I_IMG_0597.jpg,crops/L3I_IMG_0597_r3.png,ok,មានអាសន្ន,"[1332, 421, 1584, 508]",
L3I_IMG_0598.jpg,crops/L3I_IMG_0598_r1.png,ok,នាឡិកា,"[2064, 1698, 2545, 1994]",
L3I_IMG_0598.jpg,crops/L3I_IMG_0598_r2.png,ok,សម្រាប់អតិថិជន,"[1099, 2032, 1932, 2313]",
L3I_IMG_0598.jpg,crops/L3I_IMG_0598_r3.png,ok,នាក់ដំបូង,"[2246, 1959, 2745, 2233]",
L3I_IMG_0598.jpg,crops/L3I_IMG_0598_r4.png,ok,សម្រាប់រាល់ការបញ្ជាទិញ 30$ ឡើងទៅពី,"[1371, 2413, 2480, 2567]",
L3I_IMG_0598.jpg,crops/L3I_IMG_0598_r5.png,ok,ចាប់ពីថ្ងៃទី 21 ដល់ 31 ខែធ្នូ 2023,"[1469, 2609, 2411, 2759]",
L3I_IMG_0598.jpg,crops/L3I_IMG_0598_r6.png,ok,រង្វាន់,"[2311, 3149, 2473, 3304]",
L3I_IMG_0599.jpg,crops/L3I_IMG_0599_r1.png,ok,មើលរឿងនៅផ្ទះ,"[986, 344, 2444, 927]",
L3I_IMG_0599.jpg,crops/L3I_IMG_0599_r2.png,ok,តែចង់ញ៊ាំ,"[975, 852, 1529, 1155]",
L3I_IMG_0599.jpg,crops/L3I_IMG_0599_r3.png,ok,កម៉្មង់តាមរយៈ,"[1150, 2358, 1583, 2494]",
L3I_IMG_0599.jpg,crops/L3I_IMG_0599_r4.png,ok,សម្រាប់អ្នកមើលភាពយន្តគ្រប់ជំនាន់,"[1820, 3033, 2469, 3155]",
L3I_IMG_0599.jpg,crops/L3I_IMG_0599_r5.png,ok,នៅគ្រប់សាខា រោងភាពយន្ត មេជើរ ស៊ីនេផ្លិច បាយស្មាត,"[1759, 3106, 2509, 3220]",
L3I_IMG_0600.jpg,crops/L3I_IMG_0600_r1.png,ok,មើលកុនពេលព្រឹក,"[482, 1701, 2937, 2420]",
L3I_IMG_0600.jpg,crops/L3I_IMG_0600_r2.png,ok,ប្រភេទ,"[1712, 3915, 2132, 4218]",
L3I_IMG_0601.jpg,crops/L3I_IMG_0601_r1.png,ok,ខយតេ,"[1398, 1495, 1950, 1738]",
L3I_IMG_0601.jpg,crops/L3I_IMG_0601_r2.png,ok,ភ្នំពេញ,"[1535, 2034, 2328, 2581]",
L3I_IMG_0601.jpg,crops/L3I_IMG_0601_r3.png,ok,តម្លៃចាប់ពី,"[2221, 2619, 2655, 2808]",
L3I_IMG_0601.jpg,crops/L3I_IMG_0601_r4.png,ok,តែបៃតង,"[1770, 2882, 2002, 2973]",
L3I_IMG_0601.jpg,crops/L3I_IMG_0601_r5.png,ok,ផាសិនស្រស់,"[1722, 2960, 2033, 3065]",
L3I_IMG_0601.jpg,crops/L3I_IMG_0601_r6.png,ok,តែក្រហម,"[1220, 3487, 1466, 3607]",
L3I_IMG_0601.jpg,crops/L3I_IMG_0601_r7.png,ok,ម៉ាគីអាតូ,"[1220, 3590, 1466, 3693]",
L3I_IMG_0601.jpg,crops/L3I_IMG_0601_r8.png,ok,តែទឹកដោះគោ,"[2237, 3392, 2555, 3509]",
L3I_IMG_0601.jpg,crops/L3I_IMG_0601_r9.png,ok,គុជមាស,"[2283, 3499, 2495, 3595]",
L3I_IMG_0601.jpg,crops/L3I_IMG_0601_r10.png,ok,តែទឹកដោះគោ,"[1759, 4129, 2079, 4269]",
L3I_IMG_0601.jpg,crops/L3I_IMG_0601_r11.png,ok,ចាហួយកងចាក់,"[1730, 4224, 2113, 4375]",
L3I_IMG_0601.jpg,crops/L3I_IMG_0601_r12.png,ok,អ៉ីអនម៉ល,"[963, 1442, 2711, 2426]",
L3I_IMG_0602.jpg,crops/L3I_IMG_0602_r1.png,ok,មី~អា,"[1037, 1363, 2191, 2277]",
L3I_IMG_0603.jpg,crops/L3I_IMG_0603_r1.png,ok,សូមស្វាគមន៍មកកាន់,"[79, 3375, 2477, 3830]",
L3I_IMG_0604.jpg,crops/L3I_IMG_0604_r1.png,ok,គ្រឿងសំអាង,"[1323, 1759, 2781, 2449]",
L3I_IMG_0605.jpg,crops/L3I_IMG_0605_r1.png,ok,សូមមេត្តាកុំហែកថង់,"[572, 1369, 2558, 1875]",
L3I_IMG_0606.jpg,crops/L3I_IMG_0606_r1.png,ok,ផលិតផលគ្រប់មុខតំលៃ,"[618, 1117, 2598, 1875]",
L3I_IMG_0607.jpg,crops/L3I_IMG_0607_r1.png,ok,គ្រឿងបន្ទប់ទឹក,"[824, 1191, 2420, 1612]",
L3I_IMG_0608.jpg,crops/L3I_IMG_0608_r1.png,ok,តោះសាកល្បងតេស្តផលិតផល,"[635, 2814, 2666, 3171]",
L3I_IMG_0608.jpg,crops/L3I_IMG_0608_r2.png,ok,និងទទួលបាន,"[1100, 3089, 2093, 3406]",
L3I_IMG_0608.jpg,crops/L3I_IMG_0608_r3.png,ok,ការផាត់មុខដោយឥតគិតថ្លៃ,"[750, 3358, 2540, 3750]",
L3I_IMG_0609.jpg,crops/L3I_IMG_0609_r1.png,ok,ប្រូម៉ូសិនសម្រាប់ខែ ធ្នូ,"[704, 2126, 2603, 2758]",
L3I_IMG_0609.jpg,crops/L3I_IMG_0609_r2.png,ok,ទិញ 1 មុខ,"[630, 3003, 1107, 3177]",
L3I_IMG_0609.jpg,crops/L3I_IMG_0609_r3.png,ok,បញ្ចុះ,"[716, 3175, 981, 3320]",
L3I_IMG_0609.jpg,crops/L3I_IMG_0609_r4.png,ok,ទិញ 2 មុខ,"[1358, 2773, 1870, 2981]",
L3I_IMG_0609.jpg,crops/L3I_IMG_0609_r5.png,ok,បញ្ចុះ,"[1489, 2955, 1738, 3089]",
L3I_IMG_0609.jpg,crops/L3I_IMG_0609_r6.png,ok,ទិញ 3 មុខ,"[2108, 2974, 2621, 3182]",
L3I_IMG_0609.jpg,crops/L3I_IMG_0609_r7.png,ok,បញ្ចុះ,"[2235, 3168, 2517, 3319]",
L3I_IMG_0610.jpg,crops/L3I_IMG_0610_r1.png,ok,អ្នកគ្មានភារៈកិច្ច,"[1249, 802, 2151, 1159]",
L3I_IMG_0610.jpg,crops/L3I_IMG_0610_r2.png,ok,ហាមចូល,"[1220, 1295, 2196, 1589]",
L3I_IMG_0610.jpg,crops/L3I_IMG_0610_r3.png,ok,សូមក៉ំដើរឆ្លងកាត់,"[1627, 1676, 1953, 1781]",
L3I_IMG_0610.jpg,crops/L3I_IMG_0610_r4.png,ok,ច្រកចេញនេះប្រើប្រាស់សម្រាប់ពេល,"[1621, 1736, 2239, 1850]",
L3I_IMG_0610.jpg,crops/L3I_IMG_0610_r5.png,ok,មានអាសន្ន,"[1633, 1845, 1861, 1913]",
L3I_IMG_0611.jpg,crops/L3I_IMG_0611_r1.png,ok,ជ្រើសរើសបុគ្គលិក,"[1042, 2579, 1946, 2840]",
L3I_IMG_0611.jpg,crops/L3I_IMG_0611_r2.png,ok,ប្រាក់ខែទី១៣,"[1272, 3553, 1820, 3754]",
L3I_IMG_0612.jpg,crops/L3I_IMG_0612_r1.png,ok,សម្រាប់មនុស្សសម័យថ្មី នឹងគ្រប់វ័យ,"[481, 2674, 2603, 3253]",
L3I_IMG_0612.jpg,crops/L3I_IMG_0612_r2.png,ok,"ប្រកបដោយសុវត្តិភាព, ទាក់ទាញ, នឹងជឿរជាក់","[217, 2991, 2932, 3704]",
L3I_IMG_0613.jpg,crops/L3I_IMG_0613_r1.png,ok,ដាក់អីត្រជាក់ៗទេ?,"[1329, 1635, 1801, 1740]",
L3I_IMG_0613.jpg,crops/L3I_IMG_0613_r2.png,ok,មេឃក្ដៅចឹង,"[1306, 1368, 2295, 1710]",
L3I_IMG_0614.jpg,crops/L3I_IMG_0614_r1.png,ok,មជ្ឈមណ្ឌលកម្សាន្ដកុមារ,"[1103, 1287, 2378, 1514]",
L3I_IMG_0614.jpg,crops/L3I_IMG_0614_r2.png,ok,ចាប់បើកហើយ,"[1260, 1524, 1709, 1640]",
L3I_IMG_0614.jpg,crops/L3I_IMG_0614_r3.png,ok,ទីតាំងថ្មី,"[1306, 1776, 2110, 2248]",
L3I_IMG_0614.jpg,crops/L3I_IMG_0614_r4.png,ok,ជាន់ទី1 ផ្សារទំនើបអ៉ីអនម៉លភ្នំពេញ,"[1082, 2366, 1606, 2474]",
L3I_IMG_0615.jpg,crops/L3I_IMG_0615_r1.png,ok,នេះនែ៎! ភេសជ្ជៈថ្មី,"[1333, 1626, 2396, 1950]",
L3I_IMG_0615.jpg,crops/L3I_IMG_0615_r2.png,ok,រសជាតិពិសេស,"[1481, 1865, 2453, 2127]",
L3I_IMG_0616.jpg,crops/L3I_IMG_0616_r1.png,ok,ហាងទំនិញនេះត្រូវបានត្រួតពិនិត្យ,"[1056, 1994, 2198, 2233]",
L3I_IMG_0616.jpg,crops/L3I_IMG_0616_r2.png,ok,ដោយប្រព័ន្ធការពារសុវត្ថិភាព,"[1048, 2199, 2192, 2438]",
L3I_IMG_0617.jpg,crops/L3I_IMG_0617_r1.png,ok,ទ្រនាប់ជើង,"[1687, 1168, 2701, 1477]",
L3I_IMG_0618.jpg,crops/L3I_IMG_0618_r1.png,ok,ទំនិញមកដល់ថ្មី,"[1444, 1520, 2730, 2042]",
L3I_IMG_0619.jpg,crops/L3I_IMG_0619_r1.png,ok,រីករាយពិធីបុណ្យណូអែល និងចូលឆ្នាំសកល,"[931, 1906, 2699, 2210]",
L3I_IMG_0619.jpg,crops/L3I_IMG_0619_r2.png,ok,ការណែនាំទំនិញសម្រាប់ជូនជាកាដូ,"[724, 2080, 2918, 2521]",
L3I_IMG_0620.jpg,crops/L3I_IMG_0620_r1.png,ok,ចាប់ពីថ្ងៃ 01-12-2023 ដល់ 31-12-2023,"[675, 466, 2566, 712]",
L3I_IMG_0620.jpg,crops/L3I_IMG_0620_r2.png,ok,ការផ្ដល់ជូនពិសេសសម្រាប់,"[633, 1069, 2802, 1572]",
L3I_IMG_0620.jpg,crops/L3I_IMG_0620_r3.png,ok,ខោក្នុងបុរស,"[1184, 1520, 2152, 1931]",
L3I_IMG_0620.jpg,crops/L3I_IMG_0620_r4.png,ok,ទិញ 3 តម្លៃត្រឹមតែ,"[840, 2135, 2131, 2583]",
L3I_IMG_0621.jpg,crops/L3I_IMG_0621_r1.png,ok,ធុងសំរាម,"[1317, 1736, 2466, 2070]",
L3I_IMG_0622.jpg,crops/L3I_IMG_0622_r1.png,ok,ដាក់ពាក្យស្នើសុំកាតអ្នកម្ដាយនៅទីនេះ,"[836, 1822, 2535, 2214]",
L3I_IMG_0623.jpg,crops/L3I_IMG_0623_r1.png,ok,តារាងពេលវេលានៃឃីតហ៊្សូណា,"[303, 3742, 3211, 4323]",
L3I_IMG_0624.jpg,crops/L3I_IMG_0624_r1.png,ok,បំពង់ពន្លត់អគ្គីភ័យ,"[985, 710, 2368, 1130]",
L3I_IMG_0624.jpg,crops/L3I_IMG_0624_r2.png,ok,នៅទីនេះ!,"[1237, 2814, 1979, 3028]",
L3I_IMG_0625.jpg,crops/L3I_IMG_0625_r1.png,ok,អ្នកគ្មានភារៈកិច្ច,"[973, 991, 1936, 1319]",
L3I_IMG_0625.jpg,crops/L3I_IMG_0625_r2.png,ok,ហាមចូល,"[1163, 1277, 1729, 1563]",
L3I_IMG_0626.jpg,crops/L3I_IMG_0626_r1.png,ok,សៀវភៅកុមារ,"[1226, 1814, 2103, 2202]",
L3I_IMG_0627.jpg,crops/L3I_IMG_0627_r1.png,ok,រៀល (៛),"[1664, 822, 1878, 907]",
L3I_IMG_0627.jpg,crops/L3I_IMG_0627_r2.png,ok,ផ្លាកបើក,"[1501, 1039, 1758, 1139]",
L3I_IMG_0627.jpg,crops/L3I_IMG_0627_r3.png,ok,បិទ,"[1719, 1707, 2924, 2730]",
L3I_IMG_0628.jpg,crops/L3I_IMG_0628_r1.png,ok,អាជីវកម្ម / ចំណេះដឹងទូទៅ,"[761, 2326, 3045, 2833]",
L3I_IMG_0629.jpg,crops/L3I_IMG_0629_r1.png,ok,រូបដាក់តាំងក្នុងផ្ទះ,"[830, 1805, 2609, 2317]",
L3I_IMG_0629.jpg,crops/L3I_IMG_0629_r2.png,ok,នាំលាភសំណាង,"[779, 2372, 2437, 2724]",
L3I_IMG_0630.jpg,crops/L3I_IMG_0630_r1.png,ok,សូមមេត្តាដោះស្បែកជើង !,"[1264, 2158, 2714, 2405]",
L3I_IMG_0631.jpg,crops/L3I_IMG_0631_r1.png,ok,សូមមេត្តាដោះស្បែកជើង !,"[794, 2880, 2359, 3265]",
L3I_IMG_0631.jpg,crops/L3I_IMG_0631_r2.png,ok,កៅអីផ្អែក,"[718, 558, 916, 767]",
L3I_IMG_0632.jpg,crops/L3I_IMG_0632_r1.png,ok,គុណភាពជប៉ុន,"[588, 2238, 3394, 3555]",
L3I_IMG_0633.jpg,crops/L3I_IMG_0633_r1.png,ok,ទិញថ្ងៃនេះដឹកជញ្ជូនថ្ងៃស្អែក,"[404, 1145, 3234, 1598]",
L3I_IMG_0634.jpg,crops/L3I_IMG_0634_r1.png,ok,ផលិតផលជប៉ុន,"[1000, 1558, 2485, 1927]",
L3I_IMG_0635.jpg,crops/L3I_IMG_0635_r1.png,ok,កន្សែង,"[1627, 1917, 2653, 2569]",
L3I_IMG_0636.jpg,crops/L3I_IMG_0636_r1.png,ok,ប្រភេទចានឈុតពណ៌ស,"[458, 790, 3148, 1119]",
L3I_IMG_0636.jpg,crops/L3I_IMG_0636_r2.png,ok,ពណ៌ចានភ្លឺថ្លា,"[589, 1231, 1331, 1486]",
L3I_IMG_0636.jpg,crops/L3I_IMG_0636_r3.png,ok,ស្ដង់ដាផលិតផលរបស់ជប៉ុន,"[326, 1472, 1337, 1617]",
L3I_IMG_0637.jpg,crops/L3I_IMG_0637_r1.png,ok,ទីតាំងរទេះដាក់ទំនិញ,"[190, 1031, 2531, 2164]",
L3I_IMG_0638.jpg,crops/L3I_IMG_0638_r1.png,ok,នេះជាអ្វីដែលអ្នកត្រូវការ,"[1598, 1833, 2775, 2093]",
L3I_IMG_0638.jpg,crops/L3I_IMG_0638_r2.png,ok,អ៉ីអនកាត,"[1188, 1589, 2309, 2057]",
L3I_IMG_0639.jpg,crops/L3I_IMG_0639_r1.png,ok,ទទួលខ្ចប់កាដូ,"[1688, 1986, 2107, 2324]",
L3I_IMG_0639.jpg,crops/L3I_IMG_0639_r2.png,ok,នៅទីនេះ!,"[1802, 3562, 2139, 3756]",
L3I_IMG_0639.jpg,crops/L3I_IMG_0639_r3.png,ok,កាន់តែងាយស្រួល!,"[2592, 3152, 2952, 3300]",
L3I_IMG_0639.jpg,crops/L3I_IMG_0639_r4.png,ok,ជាមួយសេវាកម្មបង់រំលស់ អ៉ីអន,"[2588, 3202, 3200, 3408]",
L3I_IMG_0639.jpg,crops/L3I_IMG_0639_r5.png,ok,ឥតគិតថ្លៃ,"[1522, 2109, 2206, 2730]",
L3I_IMG_0640.jpg,crops/L3I_IMG_0640_r1.png,ok,ខ្ចប់នៅទីនេះក៏បាន,"[1466, 2189, 3142, 2596]",
L3I_IMG_0640.jpg,crops/L3I_IMG_0640_r2.png,ok,ធ្វើការកុម៉្មងតាមរយៈ,"[1902, 2869, 2714, 3081]",
L3I_IMG_0641.jpg,crops/L3I_IMG_0641_r1.png,ok,មកវិញហើយ!,"[2517, 2024, 2947, 2187]",
L3I_IMG_0641.jpg,crops/L3I_IMG_0641_r2.png,ok,ហតដកអាមេរិកឈីសច្រើន,"[1665, 2582, 3047, 2882]",
L3I_IMG_0641.jpg,crops/L3I_IMG_0641_r3.png,ok,ធំហើយវែង,"[2323, 2746, 3162, 3026]",
L3I_IMG_0641.jpg,crops/L3I_IMG_0641_r4.png,ok,ជម្រើសរសជាតិ,"[1023, 4299, 1475, 4452]",
L3I_IMG_0641.jpg,crops/L3I_IMG_0641_r5.png,ok,ចាំបូឈីស សោះសេជ,"[1642, 4297, 2210, 4427]",
L3I_IMG_0641.jpg,crops/L3I_IMG_0641_r6.png,ok,ចាំបូហតដក,"[1048, 2224, 2854, 2965]",
L3I_IMG_0642.jpg,crops/L3I_IMG_0642_r1.png,ok,ថ្មី! ថ្មី!,"[463, 1856, 1308, 2449]",
L3I_IMG_0642.jpg,crops/L3I_IMG_0642_r2.png,ok,មុខ,"[933, 2458, 1669, 3051]",
L3I_IMG_0643.jpg,crops/L3I_IMG_0643_r1.png,ok,បញ្ចុះតម្លៃ,"[882, 1501, 2168, 2214]",
L3I_IMG_0643.jpg,crops/L3I_IMG_0643_r2.png,ok,ឈុតបាយតម្លៃសល់ត្រឹមតែ,"[985, 2223, 2558, 2586]",
L3I_IMG_0643.jpg,crops/L3I_IMG_0643_r3.png,ok,បាយ គ្រឿងសមុទ្ររសជាតិអាមេរិក,"[853, 4152, 1887, 4412]",
L3I_IMG_0644.jpg,crops/L3I_IMG_0644_r1.png,ok,តម្លៃចាប់ពី,"[1485, 2498, 2154, 2817]",
L3I_IMG_0644.jpg,crops/L3I_IMG_0644_r2.png,ok,៛,"[2347, 2948, 2567, 3211]",
L3I_IMG_0645.jpg,crops/L3I_IMG_0645_r1.png,ok,ចាប់បើកលក់ហើយ,"[1199, 1784, 2844, 2168]",
L3I_IMG_0645.jpg,crops/L3I_IMG_0645_r2.png,ok,សាខា អ៉ីអនម៉លភ្នំពេញ,"[1123, 2502, 2947, 2875]",
L3I_IMG_0646.jpg,crops/L3I_IMG_0646_r1.png,ok,ចាប់បើកលក់ហើយ,"[337, 1708, 1855, 2134]",
L3I_IMG_0646.jpg,crops/L3I_IMG_0646_r2.png,ok,សាខា អ៉ីអនម៉លភ្នំពេញ,"[414, 2358, 1805, 2850]",
L3I_IMG_0647.jpg,crops/L3I_IMG_0647_r1.png,ok,ឌឹមីងរូម,"[938, 1794, 2716, 2729]",
L3I_IMG_0648.jpg,crops/L3I_IMG_0648_r1.png,ok,ម៉ាស្ទ័រ ស៊ុគីស៊ុប,"[1181, 2087, 2711, 2635]",
L3I_IMG_0648.jpg,crops/L3I_IMG_0648_r2.png,ok,នៅជាន់ទី,"[4, 3093, 2008, 4051]",
L3I_IMG_0649.jpg,crops/L3I_IMG_0649_r1.png,ok,ឈុតជួបជុំជជែក,"[1654, 2705, 2409, 2959]",
L3I_IMG_0649.jpg,crops/L3I_IMG_0649_r2.png,ok,១ម៉ឺនរៀលម្នាក់,"[1758, 2906, 2355, 3111]",
L3I_IMG_0649.jpg,crops/L3I_IMG_0649_r3.png,ok,ញ៊ាំបានដល់ ទៅ ៥ នាក់,"[1577, 3124, 2461, 3365]",
L3I_IMG_0650.jpg,crops/L3I_IMG_0650_r1.png,ok,ប្រហិតមាន់ & មាន់ក្រឡុករសជាតិ,"[300, 2456, 3291, 3362]",
L3I_IMG_0650.jpg,crops/L3I_IMG_0650_r2.png,ok,ឈីស,"[99, 4443, 322, 4619]",
L3I_IMG_0651.jpg,crops/L3I_IMG_0651_r1.png,ok,បើគ្មានភារកិច្ចហាមចូល,"[921, 3418, 2381, 3881]",
L3I_IMG_0652.jpg,crops/L3I_IMG_0652_r1.png,ok,មួយរសជាតិ,"[780, 1570, 1194, 1803]",
L3I_IMG_0652.jpg,crops/L3I_IMG_0652_r2.png,ok,ពីររសជាតិ,"[786, 1985, 1151, 2218]",
L3I_IMG_0652.jpg,crops/L3I_IMG_0652_r3.png,ok,បីរសជាតិ,"[774, 2388, 1096, 2620]",
L3I_IMG_0653.jpg,crops/L3I_IMG_0653_r1.png,ok,ម៉ាស៊ីនសម្រាប់កូនក្មេង,"[1339, 2025, 2350, 2295]",
L3I_IMG_0654.jpg,crops/L3I_IMG_0654_r1.png,ok,រង្វាន់ម៉ាស៊ីន កាចាក់ កាចាក់,"[958, 2733, 2452, 3088]",
L3I_IMG_0655.jpg,crops/L3I_IMG_0655_r1.png,ok,លេង ម្ដង (4កាក់),"[253, 1631, 2666, 2124]",
L3I_IMG_0656.jpg,crops/L3I_IMG_0656_r1.png,ok,សូមអធ្យាស្រ័យម៉ាស៊ីនកំពុងតែជួសជុល,"[528, 2526, 2805, 3134]",
L3I_IMG_0656.jpg,crops/L3I_IMG_0656_r2.png,ok,អាចលេងបានថ្ងៃទី,"[519, 3110, 1434, 3457]",
L3I_IMG_0656.jpg,crops/L3I_IMG_0656_r3.png,ok,ដាក់សំបុត្រចូល,"[611, 3608, 969, 3783]",
L3I_IMG_0657.jpg,crops/L3I_IMG_0657_r1.png,ok,ម៉ាស៊ីនឈ្នះ,"[306, 1702, 1489, 2153]",
L3I_IMG_0658.jpg,crops/L3I_IMG_0658_r1.png,ok,ហាមជួញដូរកាក់,"[153, 3037, 2258, 3506]",
L3I_IMG_0659.jpg,crops/L3I_IMG_0659_r1.png,ok,សូមដាក់កាក់ចូល,"[571, 3160, 2233, 3690]",
L3I_IMG_0659.jpg,crops/L3I_IMG_0659_r2.png,ok,អ្នកអាចទិញកាក់,"[294, 3725, 1274, 4065]",
L3I_IMG_0659.jpg,crops/L3I_IMG_0659_r3.png,ok,ពីបញ្ជរ,"[1272, 4008, 1710, 4336]",
L3I_IMG_0659.jpg,crops/L3I_IMG_0659_r4.png,ok,តែប៉ុណ្ណោះ,"[2741, 4014, 3371, 4379]",
L3I_IMG_0660.jpg,crops/L3I_IMG_0660_r1.png,ok,មាន់បំពង,"[423, 1825, 1840, 2374]",
L3I_IMG_0660.jpg,crops/L3I_IMG_0660_r2.png,ok,រសជាតិហឹរ,"[1222, 2274, 3075, 2879]",
L3I_IMG_0661.jpg,crops/L3I_IMG_0661_r1.png,ok,កុម៉្មង់ខ្ចប់,"[552, 2071, 2356, 3119]",
L3I_IMG_0662.jpg,crops/L3I_IMG_0662_r1.png,ok,លេងម្ដង២កាក់,"[1050, 2815, 2270, 3285]",
L3I_IMG_0663.jpg,crops/L3I_IMG_0663_r1.png,ok,សូមមកប្ដូររង្វាន់,"[855, 1731, 2406, 2137]",
L3I_IMG_0663.jpg,crops/L3I_IMG_0663_r2.png,ok,នៅកន្លែងលក់កាក់,"[773, 2061, 2422, 2418]",
L3I_IMG_0663.jpg,crops/L3I_IMG_0663_r3.png,ok,បញ្ជរទិញ,"[753, 2779, 1044, 2883]",
L3I_IMG_0664.jpg,crops/L3I_IMG_0664_r1.png,ok,សេវាធនាគារតាមទូរស័ព្ទដែលផ្ដល់នូវ,"[1020, 2102, 2670, 2368]",
L3I_IMG_0664.jpg,crops/L3I_IMG_0664_r2.png,ok,ភាពងាយស្រួល និងមានសុវត្ថិភាពក្នុងដៃអ្នក,"[884, 2336, 2799, 2614]",
L3I_IMG_0665.jpg,crops/L3I_IMG_0665_r1.png,ok,ច្រកសម្រាប់,"[1204, 2008, 2004, 2294]",
L3I_IMG_0665.jpg,crops/L3I_IMG_0665_r2.png,ok,ចេញ,"[1405, 2253, 1815, 2456]",
L3I_IMG_0666.jpg,crops/L3I_IMG_0666_r1.png,ok,ជម្រើសពិសេស,"[1961, 2760, 2860, 3100]",
L3I_IMG_0667.jpg,crops/L3I_IMG_0667_r1.png,ok,រសជាតិ ឈ្ងុយឆ្ងាញ់.!,"[1370, 2213, 2780, 2866]",
L3I_IMG_0668.jpg,crops/L3I_IMG_0668_r1.png,ok,ច្រើនរសជាតិ,"[718, 1419, 1883, 2196]",
L3I_IMG_0668.jpg,crops/L3I_IMG_0668_r2.png,ok,ក្នុងប្រអប់តែ១,"[1794, 2146, 3205, 3009]",
L3I_IMG_0668.jpg,crops/L3I_IMG_0668_r3.png,ok,ជម្រើសរបស់អ្នក,"[297, 3252, 905, 3693]",
L3I_IMG_0669.jpg,crops/L3I_IMG_0669_r1.png,ok,មានលក់ចាប់ពីថ្ងៃនេះតទៅ,"[423, 1942, 2897, 2461]",
L3I_IMG_0669.jpg,crops/L3I_IMG_0669_r2.png,ok,បញ្ចុះ,"[460, 2782, 1038, 3214]",
L3I_IMG_0669.jpg,crops/L3I_IMG_0669_r3.png,ok,តម្លៃ,"[454, 3115, 971, 3566]",
L3I_IMG_0670.jpg,crops/L3I_IMG_0670_r1.png,ok,ទីតាំង,"[614, 1124, 1415, 1563]",
L3I_IMG_0670.jpg,crops/L3I_IMG_0670_r2.png,ok,ស្ថិតនៅក្នុងផ្សារទំនើប,"[1106, 1592, 2559, 1932]",
L3I_IMG_0670.jpg,crops/L3I_IMG_0670_r3.png,ok,អាគារថ្មី,"[2526, 1776, 3051, 2030]",
L3I_IMG_0670.jpg,crops/L3I_IMG_0670_r4.png,ok,ខាងមាត់ទន្លេ ជាន់ទី ១ ជិតហាង,"[620, 2034, 2596, 2368]",
L3I_IMG_0671.jpg,crops/L3I_IMG_0671_r1.png,ok,អេស៊ីលីដា,"[1524, 263, 2202, 542]",
L3I_IMG_0672.jpg,crops/L3I_IMG_0672_r1.png,ok,បន្ទប់ទឹក,"[1130, 872, 1674, 1157]",
L3I_IMG_0672.jpg,crops/L3I_IMG_0672_r2.png,ok,អេធីអឹម,"[2083, 896, 2571, 1169]",
L3I_IMG_0673.jpg,crops/L3I_IMG_0673_r1.png,ok,ធនាគារ អេស៊ីលីដា ភីអិលស៊ី,"[1130, 1296, 2319, 1698]",
L3I_IMG_0673.jpg,crops/L3I_IMG_0673_r2.png,ok,ទូទាត់បានទាំង,"[479, 2456, 1154, 2802]",
L3I_IMG_0673.jpg,crops/L3I_IMG_0673_r3.png,ok,ប្រាក់រៀល & ដុល្លារ,"[488, 2788, 1111, 3005]",
L3I_IMG_0674.jpg,crops/L3I_IMG_0674_r1.png,ok,ប្ដូរប្រាក់,"[755, 925, 1563, 1540]",
L3I_IMG_0674.jpg,crops/L3I_IMG_0674_r2.png,ok,បើកប្រាក់បៀវត្សមន្ត្រីរាជការ,"[2114, 1722, 2696, 1888]",
L3I_IMG_0675.jpg,crops/L3I_IMG_0675_r1.png,ok,ឱសថស្ថាន វែលណេស,"[819, 2184, 2333, 2526]",
L3I_IMG_0676.jpg,crops/L3I_IMG_0676_r1.png,ok,អាហារបែបខ្មែរ,"[405, 1180, 2553, 2418]",
L3I_IMG_0677.jpg,crops/L3I_IMG_0677_r1.png,ok,សាច់ត្រីធូណាម៉ដ្ឋ ណេហ្គីតូរ៉ូ,"[801, 951, 2716, 1376]",
L3I_IMG_0678.jpg,crops/L3I_IMG_0678_r1.png,ok,សេវាកម្ម៉ង់ ម្ហូបអាហារដោយខ្លួនឯង,"[270, 2022, 3463, 3125]",
L3I_IMG_0679.jpg,crops/L3I_IMG_0679_r1.png,ok,សេវាកម្ម៉ង់ ម្ហូបអាហារ,"[491, 389, 3357, 1076]",
L3I_IMG_0679.jpg,crops/L3I_IMG_0679_r2.png,ok,ដោយខ្លួនឯង,"[410, 1053, 2328, 1689]",
L3I_IMG_0680.jpg,crops/L3I_IMG_0680_r1.png,ok,ភេសជ្ជៈ និងបង្អែម,"[503, 1751, 2350, 2374]",
L3I_IMG_0681.jpg,crops/L3I_IMG_0681_r1.png,ok,នំការ៉េម,"[1524, 2828, 2541, 3266]",
L3I_IMG_0682.jpg,crops/L3I_IMG_0682_r1.png,ok,រសជាតិថ្មីប្រចាំខែ,"[2256, 2397, 3377, 2866]",
L3I_IMG_0682.jpg,crops/L3I_IMG_0682_r2.png,ok,នំការ៉េមរសជាតិតែលីងជប៉ុន,"[2545, 2966, 3343, 3245]",
L3I_IMG_0683.jpg,crops/L3I_IMG_0683_r1.png,ok,បញ្ជរបង់ប្រាក់,"[891, 2700, 1974, 3223]",
L3I_IMG_0683.jpg,crops/L3I_IMG_0683_r2.png,ok,អាហារបែបខ្មែរ,"[1103, 4041, 1741, 4207]",
L3I_IMG_0684.jpg,crops/L3I_IMG_0684_r1.png,ok,ទូទាត់នៅអ៉ីអនតាម,"[867, 2391, 2528, 2847]",
L3I_IMG_0684.jpg,crops/L3I_IMG_0684_r2.png,ok,បានគ្រប់ធនាគារ,"[777, 3324, 2657, 3792]",
L3I_IMG_0685.jpg,crops/L3I_IMG_0685_r1.png,ok,ទទួលខ្ចប់កាដូ,"[1144, 1144, 2249, 1943]",
L3I_IMG_0685.jpg,crops/L3I_IMG_0685_r2.png,ok,ឥតគិតថ្លៃ,"[1115, 1768, 2139, 2557]",
L3I_IMG_0686.jpg,crops/L3I_IMG_0686_r1.png,ok,ប្រម៉ូសិនពិសេស,"[1067, 2153, 2889, 2792]",
L3I_IMG_0686.jpg,crops/L3I_IMG_0686_r2.png,ok,បញ្ចុះតម្លៃ,"[964, 3060, 1718, 3532]",
L3I_IMG_0687.jpg,crops/L3I_IMG_0687_r1.png,ok,ប្រូម៉ូសិន,"[1110, 2018, 1738, 2357]",
L3I_IMG_0688.jpg,crops/L3I_IMG_0688_r1.png,ok,ច្រកចេញ,"[1441, 1581, 2176, 1901]",
L3I_IMG_0689.jpg,crops/L3I_IMG_0689_r1.png,ok,ដីលក់,"[1542, 2160, 2167, 2480]",
L3I_IMG_0689.jpg,crops/L3I_IMG_0689_r2.png,ok,ទំហំ,"[1603, 2425, 1764, 2567]",
L3I_IMG_0689.jpg,crops/L3I_IMG_0689_r3.png,ok,ភ្នំពេញ,"[1247, 3642, 1467, 3727]",
L3I_IMG_0690.jpg,crops/L3I_IMG_0690_r1.png,ok,សែនសុខ បោកស្ងួតទំនើប,"[822, 2034, 2364, 2458]",
L3I_IMG_0690.jpg,crops/L3I_IMG_0690_r2.png,ok,ផ្ទះលេខ30ឆ ផ្លូវ23 សង្កាត់ទឹកថ្លា ខណ្ឌសែនសុខ រាជធានីភ្នំពេញ,"[899, 2520, 2371, 2718]",
L3I_IMG_0691.jpg,crops/L3I_IMG_0691_r1.png,ok,លំនៅឋាន អារ៉ាខាវ៉ា,"[1330, 2196, 2012, 2516]",
L3I_IMG_0692.jpg,crops/L3I_IMG_0692_r1.png,ok,ភោជនីយដ្ឋាន រសជាតិថ្មី,"[961, 1697, 2451, 2065]",
L3I_IMG_0692.jpg,crops/L3I_IMG_0692_r2.png,ok,គុយទាវក្វាងស៊ី និង គុយទាវ ហ្គីលីន,"[1099, 2165, 2319, 2398]",
L3I_IMG_0693.jpg,crops/L3I_IMG_0693_r1.png,ok,២៥០០,"[631, 2454, 2509, 3353]",
L3I_IMG_0693.jpg,crops/L3I_IMG_0693_r2.png,ok,ផ្ទះ,"[1214, 3573, 1612, 4067]",
L3I_IMG_0693.jpg,crops/L3I_IMG_0693_r3.png,ok,មានលក់ទំនិញគ្រប់មុខតម្លៃចាប់ពី២៥០០៛ឡើងទៅ,"[452, 4007, 2683, 4410]",
L3I_IMG_0694.jpg,crops/L3I_IMG_0694_r1.png,ok,ហាងនំ ប្រោននី,"[419, 1017, 2147, 1675]",
L3I_IMG_0695.jpg,crops/L3I_IMG_0695_r1.png,ok,ម៉ែត្រមានប្រអប់,"[1012, 2261, 1747, 2466]",
L3I_IMG_0696.jpg,crops/L3I_IMG_0696_r1.png,ok,ការិយាល័យ,"[2223, 134, 3141, 3455]",
L3I_IMG_0697.jpg,crops/L3I_IMG_0697_r1.png,ok,បុរស,"[597, 1157, 2586, 2345]",
L3I_IMG_0698.jpg,crops/L3I_IMG_0698_r1.png,ok,ស្ត្រី,"[211, 1272, 2036, 2562]",
L3I_IMG_0699.jpg,crops/L3I_IMG_0699_r1.png,ok,បន្ទប់ក៉ំព្យូរទ័រ,"[1350, 206, 2461, 4033]",
L3I_IMG_0700.jpg,crops/L3I_IMG_0700_r1.png,ok,នៃប្រជាជនកម្ពុជាចូលចិត្ត,"[1567, 2232, 2847, 2847]",
L3I_IMG_0700.jpg,crops/L3I_IMG_0700_r2.png,ok,រសជាតិប៉ិបស៊ី,"[1584, 2585, 2888, 3469]",
L3I_IMG_0701.jpg,crops/L3I_IMG_0701_r1.png,ok,សៀវភៅនិទានកុមារអង់គ្លេស,"[846, 2560, 3104, 3088]",
L3I_IMG_0702.jpg,crops/L3I_IMG_0702_r1.png,ok,សៀវភៅដែលក្រសួងអប់រំ យុវជន និងកីឡា,"[641, 3837, 2908, 4090]",
L3I_IMG_0702.jpg,crops/L3I_IMG_0702_r2.png,ok,ណែនាំឱ្យសិស្សថ្នាក់ទី១ ទី២ និងទី៣ ប្រើប្រាស់ (ឆ្នាំ ២០២៣),"[200, 4071, 3349, 4346]",
L3I_IMG_0702.jpg,crops/L3I_IMG_0702_r3.png,ok,ថ្នាក់ទី ១,"[1551, 4474, 1955, 4623]",
L3I_IMG_0703.jpg,crops/L3I_IMG_0703_r1.png,ok,សៀវភៅផាត់ពណ៌និងរូបភាព,"[1317, 1589, 2739, 1917]",
L3I_IMG_0704.jpg,crops/L3I_IMG_0704_r1.png,ok,1ឈុតតម្លៃ,"[935, 2193, 1928, 2620]",
L3I_IMG_0705.jpg,crops/L3I_IMG_0705_r1.png,ok,រដ្ឋបាល,"[81, 674, 856, 1090]",
L3I_IMG_0705.jpg,crops/L3I_IMG_0705_r2.png,ok,ស្ទឹងត្រែង,"[881, 1300, 2533, 2190]",
L3I_IMG_0706.jpg,crops/L3I_IMG_0706_r1.png,ok,បណ្ដាញផ្លូវ,"[238, 703, 1194, 1351]",
L3I_IMG_0706.jpg,crops/L3I_IMG_0706_r2.png,ok,រតនគិរី,"[1075, 1425, 2369, 2590]",
L3I_IMG_0707.jpg,crops/L3I_IMG_0707_r1.png,ok,កែប,"[703, 901, 2398, 1921]",
L3I_IMG_0708.jpg,crops/L3I_IMG_0708_r1.png,ok,ផែនទី រដ្ឋបាល ខេត្តកោះកុង,"[431, 620, 3077, 1403]",
L3I_IMG_0708.jpg,crops/L3I_IMG_0708_r2.png,ok,រដ្ឋបាល,"[268, 2040, 745, 2220]",
L3I_IMG_0709.jpg,crops/L3I_IMG_0709_r1.png,ok,ផែនទី,"[1029, 1273, 2224, 2136]",
L3I_IMG_0710.jpg,crops/L3I_IMG_0710_r1.png,ok,បណ្ដាញផ្លូវ,"[40, 139, 1101, 472]",
L3I_IMG_0710.jpg,crops/L3I_IMG_0710_r2.png,ok,បាត់ដំបង,"[691, 459, 2701, 1112]",
L3I_IMG_0711.jpg,crops/L3I_IMG_0711_r1.png,ok,រឿងចៅកាក់,"[1035, 977, 2678, 1694]",
L3I_IMG_0712.jpg,crops/L3I_IMG_0712_r1.png,ok,បណ្ដ៉ំសៀវភៅទាក់ទងនឹង,"[1070, 3438, 3056, 4127]",
L3I_IMG_0712.jpg,crops/L3I_IMG_0712_r2.png,ok,គំនិតអាជីកម្ម,"[1041, 3997, 2247, 4534]",
L3I_IMG_0713.jpg,crops/L3I_IMG_0713_r1.png,ok,សៀវភៅ,"[1075, 1058, 2043, 1671]",
L3I_IMG_0714.jpg,crops/L3I_IMG_0714_r1.png,ok,ក្រសួងអប់រំ យុវជន និងកីឡា,"[1105, 1506, 2375, 1840]",
L3I_IMG_0714.jpg,crops/L3I_IMG_0714_r2.png,ok,សម្រាប់លក់,"[2437, 1547, 2835, 1979]",
L3I_IMG_0714.jpg,crops/L3I_IMG_0714_r3.png,ok,សិក្សាសង្គម,"[761, 1814, 2631, 2451]",
L3I_IMG_0714.jpg,crops/L3I_IMG_0714_r4.png,ok,១០,"[2542, 2431, 2916, 2713]",
L3I_IMG_0715.jpg,crops/L3I_IMG_0715_r1.png,ok,ក្រសួងអប់រំ យុវជន និងកីឡា,"[715, 1163, 2567, 1514]",
L3I_IMG_0715.jpg,crops/L3I_IMG_0715_r2.png,ok,សម្រាប់លក់,"[2658, 1099, 3149, 1642]",
L3I_IMG_0715.jpg,crops/L3I_IMG_0715_r3.png,ok,គណិតវិទ្យា,"[459, 1547, 2730, 2288]",
L3I_IMG_0715.jpg,crops/L3I_IMG_0715_r4.png,ok,ភាគ1,"[2809, 1780, 3143, 2032]",
L3I_IMG_0715.jpg,crops/L3I_IMG_0715_r5.png,ok,១០,"[2734, 2292, 3254, 2718]",
L3I_IMG_0716.jpg,crops/L3I_IMG_0716_r1.png,ok,បណ្ដ៉ំចំណោទ,"[947, 1582, 2014, 2160]",
L3I_IMG_0716.jpg,crops/L3I_IMG_0716_r2.png,ok,គណិតវិទ្យា,"[907, 1890, 2660, 2980]",
L3I_IMG_0716.jpg,crops/L3I_IMG_0716_r3.png,ok,សម្រាប់កុមារ,"[790, 2449, 1718, 2986]",
L3I_IMG_0716.jpg,crops/L3I_IMG_0716_r4.png,ok,ភាគទី,"[1814, 3066, 2224, 3283]",
L3I_IMG_0716.jpg,crops/L3I_IMG_0716_r5.png,ok,២,"[1745, 3182, 2107, 3516]",
L3I_IMG_0717.jpg,crops/L3I_IMG_0717_r1.png,ok,ចិត្តសាស្ត្រ,"[767, 1390, 2480, 2177]",
L3I_IMG_0717.jpg,crops/L3I_IMG_0717_r2.png,ok,សាងសុខ,"[552, 2036, 2567, 2835]",
L3I_IMG_0718.jpg,crops/L3I_IMG_0718_r1.png,ok,អាត់បី,"[796, 2600, 2468, 3667]",
L3I_IMG_0718.jpg,crops/L3I_IMG_0718_r2.png,ok,បង្កើតចំណូលពីការលក់,"[680, 3455, 2532, 4022]",
L3I_IMG_0719.jpg,crops/L3I_IMG_0719_r1.png,ok,ភាពជោគជ័យវានឹងកើតឡើង,"[1375, 1279, 2078, 1560]",
L3I_IMG_0719.jpg,crops/L3I_IMG_0719_r2.png,ok,បើយើងមានភាពជឿជាក់,"[1439, 1413, 2058, 1665]",
L3I_IMG_0719.jpg,crops/L3I_IMG_0719_r3.png,ok,តម្រា,"[706, 2056, 1686, 2791]",
L3I_IMG_0719.jpg,crops/L3I_IMG_0719_r4.png,ok,លក់ដូរ,"[1462, 2228, 2366, 2905]",
L3I_IMG_0720.jpg,crops/L3I_IMG_0720_r1.png,ok,បន្ទប់ទឹក,"[1190, 1407, 2150, 1762]",
L3I_IMG_0721.jpg,crops/L3I_IMG_0721_r1.png,ok,រឿងប្រលោមលោក,"[856, 880, 2720, 1731]",
L3I_IMG_0722.jpg,crops/L3I_IMG_0722_r1.png,ok,កូនសិស្សជីវិត,"[651, 1745, 2076, 2270]",
L3I_IMG_0722.jpg,crops/L3I_IMG_0722_r2.png,ok,១+២,"[1085, 2272, 1669, 2623]",
L3I_IMG_0723.jpg,crops/L3I_IMG_0723_r1.png,ok,កាហ្វេចងស្នេហ៍,"[445, 1729, 2263, 2216]",
L3I_IMG_0723.jpg,crops/L3I_IMG_0723_r2.png,ok,ប៉ុល ពិសី,"[1566, 2936, 2158, 3178]",
L3I_IMG_0724.jpg,crops/L3I_IMG_0724_r1.png,ok,មគ្គុទ្ចេសក៍,"[1085, 1139, 2232, 1712]",
L3I_IMG_0724.jpg,crops/L3I_IMG_0724_r2.png,ok,អាណាចក្រអង្គរ,"[829, 1578, 2468, 2111]",
L3I_IMG_0725.jpg,crops/L3I_IMG_0725_r1.png,ok,ពាក់កណ្ដាល! ពាក់កណ្ដាល!,"[538, 1916, 2798, 2317]",
L3I_IMG_0726.jpg,crops/L3I_IMG_0726_r1.png,ok,សត្វ,"[2008, 2695, 2887, 3310]",
L3I_IMG_0726.jpg,crops/L3I_IMG_0726_r2.png,ok,នៅកម្ពុជា និងនៅទីដទៃ,"[697, 3106, 3128, 3741]",
L3I_IMG_0727.jpg,crops/L3I_IMG_0727_r1.png,ok,ភ្នំគីរីរម្យ,"[810, 1811, 3015, 3077]",
L3I_IMG_0728.jpg,crops/L3I_IMG_0728_r1.png,ok,រឿងនិទានខ្មែរ,"[721, 1368, 2111, 2104]",
L3I_IMG_0729.jpg,crops/L3I_IMG_0729_r1.png,ok,ឆ្មាក៏ដោយ,"[1036, 1303, 2515, 2003]",
L3I_IMG_0729.jpg,crops/L3I_IMG_0729_r2.png,ok,ឆ្កែក៏ដោយឲ្យទៅ!,"[332, 1788, 2778, 2802]",
L3I_IMG_0730.jpg,crops/L3I_IMG_0730_r1.png,ok,កន្លែង,"[1186, 946, 1944, 1277]",
L3I_IMG_0730.jpg,crops/L3I_IMG_0730_r2.png,ok,គិតលុយ,"[1159, 1240, 1933, 1560]",
L3I_IMG_0731.jpg,crops/L3I_IMG_0731_r1.png,ok,មហានគរ,"[1403, 1857, 1739, 1965]",
L3I_IMG_0731.jpg,crops/L3I_IMG_0731_r2.png,ok,សូមស្វាគមន៍,"[1396, 1940, 1726, 2070]",
L3I_IMG_0731.jpg,crops/L3I_IMG_0731_r3.png,ok,ងាយស្រួលទូទាត់ជាមួយ,"[536, 1953, 791, 2022]",
L3I_IMG_0731.jpg,crops/L3I_IMG_0731_r4.png,ok,មហានគរម៉ូបាល,"[531, 2011, 709, 2075]",
L3I_IMG_0731.jpg,crops/L3I_IMG_0731_r5.png,ok,គ្រឹះស្ថានមីក្រូហិរញ្ញវត្ថុ មហា,"[607, 6, 3125, 1228]",
L3I_IMG_0732.jpg,crops/L3I_IMG_0732_r1.png,ok,គ្រឹះស្ថានមីក្រូហិរញ្ញវត្ថុ អម្រឺត,"[596, 1392, 3147, 2041]",
L3I_IMG_0732.jpg,crops/L3I_IMG_0732_r2.png,ok,ដកប្រាក់ដោយសេរី,"[587, 2414, 1000, 2499]",
L3I_IMG_0732.jpg,crops/L3I_IMG_0732_r3.png,ok,ការប្រាក់នៅតែខ្ពស់!,"[583, 2489, 979, 2571]",
L3I_IMG_0732.jpg,crops/L3I_IMG_0732_r4.png,ok,សេវាកម្ម,"[1052, 2712, 1242, 2804]",
L3I_IMG_0732.jpg,crops/L3I_IMG_0732_r5.png,ok,ម៉ោង,"[1120, 2802, 1233, 2870]",
L3I_IMG_0733.jpg,crops/L3I_IMG_0733_r1.png,ok,អេស អិន អូតូ ទិញ-លក់ និងបង់រំលស់រថយន្តគ្រប់ប្រភេទ,"[313, 2222, 2181, 2585]",
L3I_IMG_0734.jpg,crops/L3I_IMG_0734_r1.png,ok,សាលាមត្តេយ្យទឹកល្អក់,"[430, 1058, 1809, 1425]",
L3I_IMG_0735.jpg,crops/L3I_IMG_0735_r1.png,ok,អាហារពេលរាត្រី សំណង់ ១២ លេខកម៉្មង់,"[876, 1814, 2499, 2201]",
L3I_IMG_0736.jpg,crops/L3I_IMG_0736_r1.png,ok,សេវាជួសជុលទូរស័ព្ទទំនើប,"[988, 305, 1626, 439]",
L3I_IMG_0736.jpg,crops/L3I_IMG_0736_r2.png,ok,អាយហ្វីច ហ្វូន,"[550, 1411, 3135, 2263]",
L3I_IMG_0736.jpg,crops/L3I_IMG_0736_r3.png,ok,ហាងជួសជុលទូរស័ព្ទដៃទំនើប,"[399, 2645, 3419, 3333]",
L3I_IMG_0737.jpg,crops/L3I_IMG_0737_r1.png,ok,មានលក់ប្រហិតចៀនត្រីឆ្លាតសុទ្ធ,"[239, 582, 776, 1102]",
L3I_IMG_0737.jpg,crops/L3I_IMG_0737_r2.png,ok,មានលក់ប្រហិតចៀនត្រីឆ្លាតសុទ្ធ,"[826, 784, 1597, 1095]",
L3I_IMG_0738.jpg,crops/L3I_IMG_0738_r1.png,ok,សាលារៀន ហេលឡូអាមេរិកាំង,"[319, 360, 2602, 1729]",
L3I_IMG_0738.jpg,crops/L3I_IMG_0738_r2.png,ok,(មតេ្តយ្យ - បឋមសិក្សា),"[721, 1075, 2294, 1880]",
L3I_IMG_0738.jpg,crops/L3I_IMG_0738_r3.png,ok,ចាប់ពីថ្នាក់មតេ្តយ្យ ដល់ ថ្នាក់ទី៦,"[517, 1279, 2340, 2201]",
L3I_IMG_0739.jpg,crops/L3I_IMG_0739_r1.png,ok,បាយម្ហូបកម៉្មង់ម្ចាស់ដើមសំណង់12,"[44, 1686, 2256, 2077]",
L3I_IMG_0740.jpg,crops/L3I_IMG_0740_r1.png,ok,ប្រ៊េនឌី,"[1168, 656, 2441, 1657]",
L3I_IMG_0741.jpg,crops/L3I_IMG_0741_r1.png,ok,សាល់ម៉ុន,"[1209, 1250, 2171, 1793]",
L3I_IMG_0742.jpg,crops/L3I_IMG_0742_r1.png,ok,នៅមានបន្ទប់,"[633, 1064, 1997, 1560]",
L3I_IMG_0742.jpg,crops/L3I_IMG_0742_r2.png,ok,មានបន្ទប់ជួល,"[971, 1454, 1747, 1805]",
L3I_IMG_0743.jpg,crops/L3I_IMG_0743_r1.png,ok,ឡាក់គី អុិចប្រេស,"[249, 1442, 1846, 2171]",
L3I_IMG_0744.jpg,crops/L3I_IMG_0744_r1.png,ok,ភោជនីយដ្ឋាន,"[1492, 1910, 1956, 2072]",
L3I_IMG_0744.jpg,crops/L3I_IMG_0744_r2.png,ok,ម៉ី ម៉ី,"[1576, 2065, 1942, 2384]",
L3I_IMG_0745.jpg,crops/L3I_IMG_0745_r1.png,ok,ហាងនំ,"[1399, 1070, 2340, 1564]",
L3I_IMG_0745.jpg,crops/L3I_IMG_0745_r2.png,ok,វី,"[1725, 1570, 2061, 2045]",
L3I_IMG_0745.jpg,crops/L3I_IMG_0745_r3.png,ok,ហ្វ្រេន,"[1500, 2032, 2367, 2639]",
L3I_IMG_0745.jpg,crops/L3I_IMG_0745_r4.png,ok,ហាងនំ វី,"[1052, 256, 1794, 1153]",
L3I_IMG_0746.jpg,crops/L3I_IMG_0746_r1.png,ok,ឱសថស្ថាន,"[1496, 347, 2180, 595]",
L3I_IMG_0746.jpg,crops/L3I_IMG_0746_r2.png,ok,បុប្ផារក្សាសុខភាព,"[1399, 565, 2318, 831]",
L3I_IMG_0746.jpg,crops/L3I_IMG_0746_r3.png,ok,គុណភាពឈ្នះមេដាយមាស,"[1402, 2601, 1912, 2737]",
L3I_IMG_0747.jpg,crops/L3I_IMG_0747_r1.png,ok,ស៊ុបភើរ ហ្សប,"[595, 198, 1829, 516]",
L3I_IMG_0748.jpg,crops/L3I_IMG_0748_r1.png,ok,ហេង ហេង កាហ្វេ,"[575, 1072, 1765, 1796]",
L3I_IMG_0749.jpg,crops/L3I_IMG_0749_r1.png,ok,ផ្សារទំនើប ជីប ម៉ុង,"[1520, 856, 2212, 1312]",
L3I_IMG_0749.jpg,crops/L3I_IMG_0749_r2.png,ok,សូមស្វាគមន៍,"[1655, 1139, 2045, 1393]",
L3I_IMG_0750.jpg,crops/L3I_IMG_0750_r1.png,ok,លីនណា,"[1931, 1175, 2596, 1553]",
L3I_IMG_0750.jpg,crops/L3I_IMG_0750_r2.png,ok,សាលារៀនធ្វើម្ហូប និងនំ,"[1229, 1333, 2864, 1766]",
L3I_IMG_0751.jpg,crops/L3I_IMG_0751_r1.png,ok,សោភ័ណ ៩,"[1406, 238, 2822, 954]",
L3I_IMG_0751.jpg,crops/L3I_IMG_0751_r2.png,ok,ផ្ទះលេខ 9J ផ្លូវលេខ 265 សង្កាត់ទឹកល្អក់ 3 ខណ្ឌទួលគោក រាជធានីភ្នំពេញ,"[1406, 729, 2771, 1119]",
L3I_IMG_0800.jpg,crops/L3I_IMG_0800_r1.png,ok,សេវាកម្មរបស់យើង,"[416, 144, 891, 275]",
L3I_IMG_0799.jpg,crops/L3I_IMG_0799_r1.png,ok,ច្រកចេញសម្រាប់បុគ្គលិក,"[555, 1318, 2114, 1927]",
L3I_IMG_0798.jpg,crops/L3I_IMG_0798_r1.png,ok,ម៉ាស៊ីនលក់ទំនិញ,"[1229, 918, 3064, 1465]",
L3I_IMG_0797.jpg,crops/L3I_IMG_0797_r1.png,ok,បណ្ណាល័យ,"[771, 1858, 1655, 2396]",
L3I_IMG_0797.jpg,crops/L3I_IMG_0797_r2.png,ok,ហ៊ុន សែន,"[1754, 1553, 2607, 2181]",
L3I_IMG_0796.jpg,crops/L3I_IMG_0796_r1.png,ok,កន្លែងផ្ញើកង់ - ម៉ូតូ,"[1110, 1349, 1989, 1636]",
L3I_IMG_0795.jpg,crops/L3I_IMG_0795_r1.png,ok,បើកបរសាកល្បង,"[1427, 971, 2414, 1298]",
L3I_IMG_0794.jpg,crops/L3I_IMG_0794_r1.png,ok,សាកលវិទ្យាល័យភូមិន្ទភ្នំពេញ,"[651, 1379, 2031, 1651]",
L3I_IMG_0793.jpg,crops/L3I_IMG_0793_r1.png,ok,ហាងកាត់សក់ ភ្នំពេញ,"[1268, 1189, 2075, 1372]",
L3I_IMG_0792.jpg,crops/L3I_IMG_0792_r1.png,ok,ជួសជុលកាមេរ៉ា,"[1177, 1258, 2036, 1569]",
L3I_IMG_0792.jpg,crops/L3I_IMG_0792_r2.png,ok,ជួសជុលគ្រឿងអេឡិចត្រូនិចគ្រប់ប្រភេទ,"[1182, 1553, 2082, 1797]",
L3I_IMG_0791.jpg,crops/L3I_IMG_0791_r1.png,ok,ភេជ្ជស: គ្រប់មុខ,"[1131, 1558, 1904, 1860]",
L3I_IMG_0791.jpg,crops/L3I_IMG_0791_r2.png,ok,ដល់,"[1276, 2181, 1488, 2346]",
L3I_IMG_0791.jpg,crops/L3I_IMG_0791_r3.png,ok,កាហ្វេទឹកដោះគោ,"[1218, 2434, 1563, 2555]",
L3I_IMG_0791.jpg,crops/L3I_IMG_0791_r4.png,ok,កាហ្វេទឹកកក,"[1494, 2507, 1764, 2602]",
L3I_IMG_0791.jpg,crops/L3I_IMG_0791_r5.png,ok,ទឹកដោះគោ,"[1765, 2417, 1988, 2497]",
L3I_IMG_0790.jpg,crops/L3I_IMG_0790_r1.png,ok,ទឹកស្ត្រីងបូកគោ,"[855, 441, 1555, 699]",
L3I_IMG_0790.jpg,crops/L3I_IMG_0790_r2.png,ok,ម៉េង ហ៊ាង,"[1658, 462, 2342, 756]",
L3I_IMG_0789.jpg,crops/L3I_IMG_0789_r1.png,ok,លាងរថយន្ត,"[1035, 982, 1703, 1269]",
L3I_IMG_0789.jpg,crops/L3I_IMG_0789_r2.png,ok,ផ្ញើរថយន្ត,"[1046, 1186, 1686, 1488]",
L3I_IMG_0789.jpg,crops/L3I_IMG_0789_r3.png,ok,បង្រៀនដល់ផ្ទះ,"[1270, 1654, 1512, 1758]",
L3I_IMG_0788.jpg,crops/L3I_IMG_0788_r1.png,ok,៧៩កាហ្វេដូង និងតែគុជ,"[947, 1326, 2701, 1654]",
L3I_IMG_0788.jpg,crops/L3I_IMG_0788_r2.png,ok,សេវាដឹកដល់កន្លែង,"[961, 1586, 1661, 1754]",
L3I_IMG_0787.jpg,crops/L3I_IMG_0787_r1.png,ok,សេនីកាហ្វេដូង,"[1211, 725, 1728, 920]",
L3I_IMG_0786.jpg,crops/L3I_IMG_0786_r1.png,ok,កាហ្វេដូង តែគុជ,"[1256, 1624, 2534, 2049]",
L3I_IMG_0786.jpg,crops/L3I_IMG_0786_r2.png,ok,ភេសជ្ជៈណែនាំ,"[1456, 2552, 1693, 2647]",
L3I_IMG_0785.jpg,crops/L3I_IMG_0785_r1.png,ok,ទីកន្លែងធំទូលាយ,"[1434, 2028, 2565, 2491]",
L3I_IMG_0784.jpg,crops/L3I_IMG_0784_r1.png,ok,ម៉ាស្សា សូណា ស្ប៉ា,"[1539, 1795, 2445, 2290]",
L3I_IMG_0783.jpg,crops/L3I_IMG_0783_r1.png,ok,ណាត់ កាហ្វេ,"[1054, 1863, 1953, 2130]",
L3I_IMG_0782.jpg,crops/L3I_IMG_0782_r1.png,ok,សាលា ប៊ែលធី អន្តរជាតិ,"[918, 1461, 2092, 1805]",
L3I_IMG_0781.jpg,crops/L3I_IMG_0781_r1.png,ok,ទូលីបហ្គោល ស្ប៉ា និង ម៉ាស្សា,"[1019, 1415, 2232, 1801]",
L3I_IMG_0781.jpg,crops/L3I_IMG_0781_r2.png,ok,២៤ ម៉ោង,"[1430, 1799, 1910, 2080]",
L3I_IMG_0781.jpg,crops/L3I_IMG_0781_r3.png,ok,ស្ទីម,"[1046, 3190, 1160, 3273]",
L3I_IMG_0781.jpg,crops/L3I_IMG_0781_r4.png,ok,បបរស,"[1270, 3185, 1407, 3276]",
L3I_IMG_0780.jpg,crops/L3I_IMG_0780_r1.png,ok,ស្ព្រីង បេកហៅស៍,"[775, 1077, 2794, 1692]",
L3I_IMG_0780.jpg,crops/L3I_IMG_0780_r2.png,ok,ភារ៉ា អ្នកឯកទេសព្យាបាល,"[2067, 3413, 2980, 3605]",
L3I_IMG_0780.jpg,crops/L3I_IMG_0780_r3.png,ok,និងថែរក្សាសម្រស់,"[2292, 3552, 2949, 3752]",
L3I_IMG_0780.jpg,crops/L3I_IMG_0780_r4.png,ok,ឈុតមុខភារ៉ា,"[2571, 4018, 2965, 4163]",
L3I_IMG_0780.jpg,crops/L3I_IMG_0780_r5.png,ok,ឈុតមុខ ភារ៉ា មានប្រសិទ្ធិភាព,"[1950, 4448, 2751, 4594]",
L3I_IMG_0779.jpg,crops/L3I_IMG_0779_r1.png,ok,ហេង ហេង កាហ្វេ,"[402, 1690, 2635, 2204]",
L3I_IMG_0778.jpg,crops/L3I_IMG_0778_r1.png,ok,លាងម៉ូតូ,"[1108, 1981, 2115, 2348]",
L3I_IMG_0777.jpg,crops/L3I_IMG_0777_r1.png,ok,មានលក់បារីនៅទីនេះ,"[465, 2158, 2846, 3178]",
L3I_IMG_0777.jpg,crops/L3I_IMG_0777_r2.png,ok,របៀបរៀបស្តុកសំរាប់ដាក់លក់,"[1056, 2811, 1602, 3085]",
L3I_IMG_0776.jpg,crops/L3I_IMG_0776_r1.png,ok,រីករាយ,"[878, 1849, 1741, 2980]",
L3I_IMG_0776.jpg,crops/L3I_IMG_0776_r2.png,ok,ចុងសប្តាហ៍,"[994, 1768, 2212, 3353]",
L3I_IMG_0776.jpg,crops/L3I_IMG_0776_r3.png,ok,ទិញច្រើន! ចំណេញច្រើន!,"[994, 1989, 2468, 3667]",
L3I_IMG_0776.jpg,crops/L3I_IMG_0776_r4.png,ok,រាល់ថ្ងៃសុក្រ - សៅរ៍ - អាទិត្យ,"[1908, 1826, 2922, 3003]",
L3I_IMG_0775.jpg,crops/L3I_IMG_0775_r1.png,ok,អរគុណ,"[860, 2059, 2643, 2643]",
L3I_IMG_0775.jpg,crops/L3I_IMG_0775_r2.png,ok,ហេង ហេង,"[2425, 3630, 2852, 3795]",
L3I_IMG_0774.jpg,crops/L3I_IMG_0774_r1.png,ok,កសិផលសុវត្ថិភាព,"[1361, 2379, 2800, 2736]",
L3I_IMG_0773.jpg,crops/L3I_IMG_0773_r1.png,ok,ធានាមួយឆ្នាំ,"[1169, 214, 2585, 606]",
L3I_IMG_0773.jpg,crops/L3I_IMG_0773_r2.png,ok,មួយដូរមួយ,"[1157, 593, 2573, 926]",
L3I_IMG_0772.jpg,crops/L3I_IMG_0772_r1.png,ok,ដល់គ្រឿងបរិក្ខាទូរស័ព្ទ,"[1011, 2059, 2619, 2422]",
L3I_IMG_0772.jpg,crops/L3I_IMG_0772_r2.png,ok,គិត,"[1145, 2373, 1485, 2672]",
L3I_IMG_0772.jpg,crops/L3I_IMG_0772_r3.png,ok,នឹក,"[546, 2024, 1002, 2381]",
L3I_IMG_0772.jpg,crops/L3I_IMG_0772_r4.png,ok,ដល់,"[645, 2373, 1136, 2724]",
L3I_IMG_0771.jpg,crops/L3I_IMG_0771_r1.png,ok,បិទបញ្ជរ,"[1070, 2031, 1916, 2353]",
L3I_IMG_0771.jpg,crops/L3I_IMG_0771_r2.png,ok,សូមប្រើប្រាស់បញ្ជរបន្ទាប់,"[825, 2303, 2142, 2585]",
L3I_IMG_0770.jpg,crops/L3I_IMG_0770_r1.png,ok,រូបរាងថ្មី,"[1803, 2204, 2474, 2555]",
L3I_IMG_0770.jpg,crops/L3I_IMG_0770_r2.png,ok,រសជាតិនៅតែអេមដូចដើម,"[1302, 2443, 2445, 2777]",
L3I_IMG_0769.jpg,crops/L3I_IMG_0769_r1.png,ok,ទិញសាប៊ូ!,"[819, 400, 1572, 781]",
L3I_IMG_0769.jpg,crops/L3I_IMG_0769_r2.png,ok,ថែមទឹកអប់!,"[1110, 439, 2462, 1070]",
L3I_IMG_0769.jpg,crops/L3I_IMG_0769_r3.png,ok,ខ្លា ស ជាមន្ដស្នេហ៍សម្រាប់បុរស,"[1599, 2309, 3225, 2497]",
L3I_IMG_0768.jpg,crops/L3I_IMG_0768_r1.png,ok,គាវកក,"[1349, 383, 2241, 845]",
L3I_IMG_0767.jpg,crops/L3I_IMG_0767_r1.png,ok,សាច់កក,"[261, 1058, 1543, 2008]",
L3I_IMG_0767.jpg,crops/L3I_IMG_0767_r2.png,ok,គ្រឿងសមុទ្រកក,"[2088, 907, 3260, 1741]",
L3I_IMG_0766.jpg,crops/L3I_IMG_0766_r1.png,ok,បញ្ចុះតម្លៃរហូតដល់,"[1139, 272, 2730, 1124]",
L3I_IMG_0765.jpg,crops/L3I_IMG_0765_r1.png,ok,សាច់ និង គ្រឿងសមុទ្រ,"[28, 267, 3178, 1683]",
L3I_IMG_0765.jpg,crops/L3I_IMG_0765_r2.png,ok,សាច់,"[1500, 3880, 1715, 4028]",
L3I_IMG_0764.jpg,crops/L3I_IMG_0764_r1.png,ok,អាហារខ្ចប់ & ភេសជ្ជៈ,"[1209, 1762, 2678, 2212]",
L3I_IMG_0763.jpg,crops/L3I_IMG_0763_r1.png,ok,ផ្លែឈើ គឺជាប្រភពនៃវីតាមីនដ៏ល្អសំរាប់សុខភាព,"[186, 3758, 3468, 4115]",
L3I_IMG_0762.jpg,crops/L3I_IMG_0762_r1.png,ok,ផ្លែសាឡាក់,"[2769, 2379, 3353, 2678]",
L3I_IMG_0762.jpg,crops/L3I_IMG_0762_r2.png,ok,បញ្ចុះតម្លៃ,"[1663, 2286, 2608, 2788]",
L3I_IMG_0762.jpg,crops/L3I_IMG_0762_r3.png,ok,ប្រចាំសប្ដាហ៍,"[1704, 2664, 2683, 3021]",
L3I_IMG_0761.jpg,crops/L3I_IMG_0761_r1.png,ok,ផ្លែឈើ,"[678, 1174, 1731, 1968]",
L3I_IMG_0760.jpg,crops/L3I_IMG_0760_r1.png,ok,សូមស្វាគមន៍,"[1227, 1983, 2084, 2532]",
L3I_IMG_0759.jpg,crops/L3I_IMG_0759_r1.png,ok,បើករៀងរាល់ថ្ងៃ,"[1332, 1913, 1898, 2125]",
L3I_IMG_0759.jpg,crops/L3I_IMG_0759_r2.png,ok,ព្រឹក,"[1640, 2123, 1921, 2329]",
L3I_IMG_0759.jpg,crops/L3I_IMG_0759_r3.png,ok,យប់,"[2315, 2134, 2555, 2329]",
L3I_IMG_0758.jpg,crops/L3I_IMG_0758_r1.png,ok,សូមស្វាគមន៍,"[1430, 1739, 2381, 2020]",
L3I_IMG_0757.jpg,crops/L3I_IMG_0757_r1.png,ok,លក្ខណៈពិសេសនៃ,"[1312, 1023, 2049, 1414]",
L3I_IMG_0757.jpg,crops/L3I_IMG_0757_r2.png,ok,ស្រាបៀរ កម្ពុជា ព្រីមៀមដ្រាហ្វ,"[1055, 1080, 2360, 1653]",
L3I_IMG_0757.jpg,crops/L3I_IMG_0757_r3.png,ok,ស្រាបៀរ ដ្រាហ្វ,"[998, 1873, 1371, 2057]",
L3I_IMG_0757.jpg,crops/L3I_IMG_0757_r4.png,ok,ច្រកដបដំបូងគេនៅកម្ពុជា,"[907, 1958, 1443, 2167]",
L3I_IMG_0757.jpg,crops/L3I_IMG_0757_r5.png,ok,រសជាតិស្រស់ថ្មី,"[1958, 1701, 2378, 1882]",
L3I_IMG_0757.jpg,crops/L3I_IMG_0757_r6.png,ok,ត្រឹម 180 ថ្ងៃ,"[1969, 1823, 2353, 2003]",
L3I_IMG_0756.jpg,crops/L3I_IMG_0756_r1.png,ok,ឱសថស្ថាន តំលៃដ៉ំ,"[311, 531, 2673, 1733]",
L3I_IMG_0756.jpg,crops/L3I_IMG_0756_r2.png,ok,ឱសថល្អ តំលៃល្អ,"[768, 1573, 2383, 2282]",
L3I_IMG_0756.jpg,crops/L3I_IMG_0756_r3.png,ok,ផ្ទះលេខ : 75I ផ្លូវ 265 សង្កាត់ទឹកល្អក់ទី III ខណ្ឌទួលគោក ភ្នំពេញ,"[65, 2013, 2790, 2536]",
L3I_IMG_0755.jpg,crops/L3I_IMG_0755_r1.png,ok,អង្គការត្រង់ហ្វ៊មអេស្សា,"[1534, 1356, 2723, 1608]",
L3I_IMG_0754.jpg,crops/L3I_IMG_0754_r1.png,ok,យក្សា,"[1245, 1353, 2455, 1913]",
L3I_IMG_0754.jpg,crops/L3I_IMG_0754_r2.png,ok,ដឹកជញ្ជូនមិនគិតថ្លៃ,"[1215, 2182, 2403, 2502]",
L3I_IMG_0753.jpg,crops/L3I_IMG_0753_r1.png,ok,នែល សាឡន,"[1494, 1598, 2369, 1913]",
L3I_IMG_0752.jpg,crops/L3I_IMG_0752_r1.png,ok,ជាងភ្លើង,"[795, 1733, 1261, 1880]",
L3I_IMG_0752.jpg,crops/L3I_IMG_0752_r2.png,ok,លោតឌីសង់ទ័រ,"[802, 1878, 1107, 1935]",
L3I_IMG_0801.jpg,crops/L3I_IMG_0801_r1.png,ok,ម៉េង សុង,"[1271, 1010, 1981, 1299]",
L3I_IMG_0801.jpg,crops/L3I_IMG_0801_r2.png,ok,លក់គ្រឿងអេឡិចត្រូនិចទំនើបគ្រប់ប្រភេទ,"[1276, 1274, 1984, 1396]",
L3I_IMG_0802.jpg,crops/L3I_IMG_0802_r1.png,ok,បុរីអាម៉ូរី,"[988, 1072, 1248, 1226]",
L3I_IMG_0803.jpg,crops/L3I_IMG_0803_r1.png,ok,រស្មី ឧត្តម,"[1127, 1167, 1692, 1382]",
L3I_IMG_0803.jpg,crops/L3I_IMG_0803_r2.png,ok,ហាងលក់សំលៀកបំពាក់,"[1134, 1341, 1681, 1474]",
L3I_IMG_0803.jpg,crops/L3I_IMG_0803_r3.png,ok,បុរស,"[1363, 1448, 1523, 1527]",
L3I_IMG_0804.jpg,crops/L3I_IMG_0804_r1.png,ok,បុរី អាម៉ូរី,"[1602, 1430, 1913, 1673]",
L3I_IMG_0804.jpg,crops/L3I_IMG_0804_r2.png,ok,អេង យូលីម ម្នាងសីលា,"[245, 2228, 613, 2363]",
L3I_IMG_0804.jpg,crops/L3I_IMG_0804_r3.png,ok,ម៉ាក់ ម៉ីឡាង,"[1191, 2119, 1420, 2259]",
L3I_IMG_0804.jpg,crops/L3I_IMG_0804_r4.png,ok,សង្កាត់ភ្នំពេញថ្មី ខណ្ឌសែនសុខ,"[1139, 2265, 1403, 2371]",
L3I_IMG_0804.jpg,crops/L3I_IMG_0804_r5.png,ok,ម៉ាក់ ម៉ីឡាង,"[1097, 2586, 1251, 2697]",
L3I_IMG_0805.jpg,crops/L3I_IMG_0805_r1.png,ok,ចរណៃ,"[1195, 1418, 1633, 1640]",
L3I_IMG_0805.jpg,crops/L3I_IMG_0805_r2.png,ok,ចរណៃ,"[1262, 2002, 1691, 2186]",
L3I_IMG_0805.jpg,crops/L3I_IMG_0805_r3.png,ok,យ៉ាទី,"[2805, 2707, 3020, 2775]",
L3I_IMG_0806.jpg,crops/L3I_IMG_0806_r1.png,ok,ស៊ុបភ្នែកគោ,"[890, 196, 2998, 1923]",
L3I_IMG_0807.jpg,crops/L3I_IMG_0807_r1.png,ok,ថតរូប,"[1372, 362, 1791, 598]",
L3I_IMG_0807.jpg,crops/L3I_IMG_0807_r2.png,ok,ផ្ដិតរូប,"[1383, 580, 1798, 836]",
L3I_IMG_0807.jpg,crops/L3I_IMG_0807_r3.png,ok,យកភ្លាម,"[1395, 824, 1798, 1017]",
L3I_IMG_0808.jpg,crops/L3I_IMG_0808_r1.png,ok,ស្រីលក្ខណ៍ផ្សារដីហ៊ុយលក់បង្អែម,"[512, 1518, 3051, 1923]",
L3I_IMG_0809.jpg,crops/L3I_IMG_0809_r1.png,ok,តាយ ស៊ីង,"[1204, 2129, 1965, 2597]",
L3I_IMG_0810.jpg,crops/L3I_IMG_0810_r1.png,ok,ដេប៉ូ,"[696, 1330, 1174, 1762]",
L3I_IMG_0810.jpg,crops/L3I_IMG_0810_r2.png,ok,អូតូ,"[1547, 1480, 1915, 1862]",
L3I_IMG_0811.jpg,crops/L3I_IMG_0811_r1.png,ok,មជ្ឈមណ្ឌល,"[1221, 1305, 1625, 1521]",
L3I_IMG_0811.jpg,crops/L3I_IMG_0811_r2.png,ok,ឆៀក,"[1116, 1442, 1607, 1956]",
L3I_IMG_0811.jpg,crops/L3I_IMG_0811_r3.png,ok,យានយន្ត,"[1119, 1921, 1607, 2081]",
L3I_IMG_0811.jpg,crops/L3I_IMG_0811_r4.png,ok,"ផ្លូវ១៩៥៦, ផ្សារដីហុយ","[1114, 2045, 1610, 2195]",
L3I_IMG_0811.jpg,crops/L3I_IMG_0811_r5.png,ok,បន្ថយល្បឿន,"[491, 2737, 707, 2841]",
L3I_IMG_0812.jpg,crops/L3I_IMG_0812_r1.png,ok,អេឡា ហោស៍,"[842, 1297, 1820, 1728]",
L3I_IMG_0812.jpg,crops/L3I_IMG_0812_r2.png,ok,សាច់អាំងឈីស & ស៊ុបខ្យងម្ចាស់ដើម,"[838, 1632, 1803, 1888]",
L3I_IMG_0813.jpg,crops/L3I_IMG_0813_r1.png,ok,ហេងថៃ អូតូ,"[1611, 1535, 2305, 1808]",
L3I_IMG_0813.jpg,crops/L3I_IMG_0813_r2.png,ok,តោនបាញ់ថ្នាំជួសជុលរថយន្ត,"[1598, 1709, 2283, 1923]",
L3I_IMG_0813.jpg,crops/L3I_IMG_0813_r3.png,ok,ហេងថៃ,"[1456, 3, 1757, 425]",
L3I_IMG_0814.jpg,crops/L3I_IMG_0814_r1.png,ok,សែនសុខ,"[207, 1781, 1549, 2419]",
L3I_IMG_0815.jpg,crops/L3I_IMG_0815_r1.png,ok,ផ្ទះសំណាក់,"[1055, 470, 1999, 1240]",
L3I_IMG_0815.jpg,crops/L3I_IMG_0815_r2.png,ok,មូន ល្អ,"[1064, 1153, 2037, 1914]",
L3I_IMG_0815.jpg,crops/L3I_IMG_0815_r3.png,ok,ម៉ោង,"[1183, 1874, 1414, 2131]",
L3I_IMG_0815.jpg,crops/L3I_IMG_0815_r4.png,ok,យប់,"[1653, 1904, 1846, 2169]",
L3I_IMG_0815.jpg,crops/L3I_IMG_0815_r5.png,ok,ផ្ទះសំណាក់,"[2621, 2875, 3113, 3195]",
L3I_IMG_0815.jpg,crops/L3I_IMG_0815_r6.png,ok,មូន ល្អ,"[2646, 3168, 3450, 3654]",
L3I_IMG_0816.jpg,crops/L3I_IMG_0816_r1.png,ok,ពេទ្យឯកទេស,"[1529, 1933, 1770, 2049]",
L3I_IMG_0816.jpg,crops/L3I_IMG_0816_r2.png,ok,ភ្នំដា,"[1659, 3382, 1834, 3544]",
L3I_IMG_0816.jpg,crops/L3I_IMG_0816_r3.png,ok,ភ្នំដា,"[1321, 1490, 1874, 1996]",
L3I_IMG_0817.jpg,crops/L3I_IMG_0817_r1.png,ok,លឹមទ្រី,"[1470, 970, 2088, 1402]",
L3I_IMG_0817.jpg,crops/L3I_IMG_0817_r2.png,ok,បបរសសែនសុខ,"[1430, 1330, 2128, 1607]",
L3I_IMG_0818.jpg,crops/L3I_IMG_0818_r1.png,ok,ភោជនីយដ្ឋាន ឡុង កី,"[846, 1733, 2105, 2204]",
L3I_IMG_0819.jpg,crops/L3I_IMG_0819_r1.png,ok,មន្ទីរព្យាបាលស្ត្រី និងកុមារដំរី,"[484, 1500, 2904, 2253]",
L3I_IMG_0820.jpg,crops/L3I_IMG_0820_r1.png,ok,ទឹកកក,"[1671, 1745, 2125, 1976]",
L3I_IMG_0820.jpg,crops/L3I_IMG_0820_r2.png,ok,គុណភាព អនាម័យ និងសេវាកម្ម,"[1595, 2104, 2127, 2292]",
L3I_IMG_0821.jpg,crops/L3I_IMG_0821_r1.png,ok,ហ្គោល,"[986, 1084, 1458, 1389]",
L3I_IMG_0821.jpg,crops/L3I_IMG_0821_r2.png,ok,ឡាញ,"[991, 1338, 1399, 1634]",
L3I_IMG_0821.jpg,crops/L3I_IMG_0821_r3.png,ok,ហ្គោល,"[2426, 1663, 3110, 2142]",
L3I_IMG_0821.jpg,crops/L3I_IMG_0821_r4.png,ok,ឡា,"[3134, 1751, 3463, 2159]",
L3I_IMG_0822.jpg,crops/L3I_IMG_0822_r1.png,ok,ជឿជាក់ដោយ,"[476, 2354, 718, 2435]",
L3I_IMG_0822.jpg,crops/L3I_IMG_0822_r2.png,ok,ម្តាយនៅជ៉ំវិញពិភពលោក,"[437, 2422, 762, 2494]",
L3I_IMG_0822.jpg,crops/L3I_IMG_0822_r3.png,ok,ខោទឹកនោមបកបិទកូនក្មេង,"[1414, 1773, 2232, 1994]",
L3I_IMG_0822.jpg,crops/L3I_IMG_0822_r4.png,ok,ស្ដង់ដាកំរិតនាំចេញ,"[1559, 1870, 2050, 2046]",
L3I_IMG_0822.jpg,crops/L3I_IMG_0822_r5.png,ok,ភាពទន់ល្មើយនៃ ផ្ទៃ,"[2222, 2153, 2551, 2374]",
L3I_IMG_0823.jpg,crops/L3I_IMG_0823_r1.png,ok,ធីបសី,"[506, 797, 1536, 1265]",
L3I_IMG_0823.jpg,crops/L3I_IMG_0823_r2.png,ok,សែនសុខ,"[510, 1250, 1438, 1628]",
L3I_IMG_0824.jpg,crops/L3I_IMG_0824_r1.png,ok,ផ្ទះសំណាក់,"[1348, 1261, 1852, 1471]",
L3I_IMG_0824.jpg,crops/L3I_IMG_0824_r2.png,ok,ស្រែហេង,"[1343, 1469, 1862, 1715]",
L3I_IMG_0824.jpg,crops/L3I_IMG_0824_r3.png,ok,ផ្លូវលេខ១៩៨៤,"[2108, 2346, 2470, 2485]",
L3I_IMG_0825.jpg,crops/L3I_IMG_0825_r1.png,ok,ហាងនំដងផ្លូវ,"[1087, 1162, 2644, 1826]",
L3I_IMG_0826.jpg,crops/L3I_IMG_0826_r1.png,ok,ផ្ទះសំណាក់,"[1391, 1490, 1963, 1678]",
L3I_IMG_0826.jpg,crops/L3I_IMG_0826_r2.png,ok,យូ & មី,"[1288, 1629, 2061, 1885]",
L3I_IMG_0827.jpg,crops/L3I_IMG_0827_r1.png,ok,សាលាអាមេរិកាំងហ្តោលឌិនហ្គេក,"[1074, 1250, 2955, 1820]",
L3I_IMG_0828.jpg,crops/L3I_IMG_0828_r1.png,ok,ការ៉ាមី,"[820, 812, 1303, 1177]",
L3I_IMG_0828.jpg,crops/L3I_IMG_0828_r2.png,ok,មានលក់គ្រឿងក្លែម និងភេសជ្ជ:គ្រប់មុខ,"[690, 1087, 1398, 1307]",
L3I_IMG_0828.jpg,crops/L3I_IMG_0828_r3.png,ok,ខណ្ឌសែនសុខ,"[1133, 1473, 1402, 1605]",
L3I_IMG_0829.jpg,crops/L3I_IMG_0829_r1.png,ok,ស៊ូរី,"[1282, 993, 1831, 1512]",
L3I_IMG_0829.jpg,crops/L3I_IMG_0829_r2.png,ok,លីង ឡុង,"[2007, 592, 2450, 858]",
L3I_IMG_0830.jpg,crops/L3I_IMG_0830_r1.png,ok,មានដីលក់,"[743, 2089, 1112, 2258]",
L3I_IMG_0831.jpg,crops/L3I_IMG_0831_r1.png,ok,បុកល្ហុង សែនសុខ,"[1511, 1553, 1963, 1742]",
L3I_IMG_0831.jpg,crops/L3I_IMG_0831_r2.png,ok,បាយម្ហូបកម៉្មង់ថ្ងៃត្រង់,"[549, 2745, 826, 2841]",
L3I_IMG_0831.jpg,crops/L3I_IMG_0831_r3.png,ok,ចាប់បើកហើយ,"[591, 2639, 762, 2706]",
L3I_IMG_0832.jpg,crops/L3I_IMG_0832_r1.png,ok,បាយមាន់,"[1089, 940, 1750, 1189]",
L3I_IMG_0832.jpg,crops/L3I_IMG_0832_r2.png,ok,វាលរេញ,"[1091, 1087, 1769, 1329]",
L3I_IMG_0832.jpg,crops/L3I_IMG_0832_r3.png,ok,បាយមាន់ វាលរេញ,"[1332, 2092, 2173, 2314]",
L3I_IMG_0833.jpg,crops/L3I_IMG_0833_r1.png,ok,ឯកទេសបិទស្កុតក្រាស់ការពារថ្នាំ,"[168, 459, 2631, 1231]",
L3I_IMG_0833.jpg,crops/L3I_IMG_0833_r2.png,ok,បិទកញ្ចក់ UV កាត់កម្តៅថ្ងៃ,"[310, 898, 2421, 1522]",
L3I_IMG_0833.jpg,crops/L3I_IMG_0833_r3.png,ok,បទUVកាត់បន្ថយកម្តៅថ្ងៃ,"[673, 3300, 1324, 3413]",
L3I_IMG_0833.jpg,crops/L3I_IMG_0833_r4.png,ok,បិទហ្វីមក្រាស់ការពារថ្នាំ,"[1434, 3315, 2034, 3428]",
L3I_IMG_0834.jpg,crops/L3I_IMG_0834_r1.png,ok,ហានូតាក់,"[993, 756, 2191, 1367]",
L3I_IMG_0834.jpg,crops/L3I_IMG_0834_r2.png,ok,កាត់ដេរសម្លៀកបំពាក់ -ប៉ាក់ -បោះពុម្ភ -អៅដ័រ -តាក់ទិកខល,"[748, 1628, 2421, 1989]",
L3I_IMG_0835.jpg,crops/L3I_IMG_0835_r1.png,ok,ផលិតឡើងដោយភាពជឿជាក់,"[952, 2338, 2130, 2624]",
L3I_IMG_0835.jpg,crops/L3I_IMG_0835_r2.png,ok,ពិសារដោយការទទួលខុសត្រូវ,"[966, 2906, 1522, 3043]",
L3I_IMG_0836.jpg,crops/L3I_IMG_0836_r1.png,ok,សង្គ្រោះបន្ទាន់,"[1616, 2047, 2039, 2237]",
L3I_IMG_0837.jpg,crops/L3I_IMG_0837_r1.png,ok,ច្រកទី,"[1363, 2007, 1527, 2110]",
L3I_IMG_0838.jpg,crops/L3I_IMG_0838_r1.png,ok,មាតុភូមិ,"[1368, 1390, 1862, 1668]",
L3I_IMG_0839.jpg,crops/L3I_IMG_0839_r1.png,ok,ម៉ូកះថះសៀមរាប,"[874, 1098, 1310, 1288]",
L3I_IMG_0839.jpg,crops/L3I_IMG_0839_r2.png,ok,(សាខាសែនសុខ),"[874, 1250, 1299, 1368]",
L3I_IMG_0840.jpg,crops/L3I_IMG_0840_r1.png,ok,ខា ហាងនំប៉័ងប៉ាតេ,"[895, 1238, 1904, 1658]",
L3I_IMG_0840.jpg,crops/L3I_IMG_0840_r2.png,ok,នាគព័ន្ធ,"[693, 1460, 2222, 2181]",
L3I_IMG_0840.jpg,crops/L3I_IMG_0840_r3.png,ok,នំប៉័ងនាគព័ន្ធ សាខាសែនសុខ,"[1528, 2715, 2618, 2941]",
L3I_IMG_0841.jpg,crops/L3I_IMG_0841_r1.png,ok,ផ្ដល់ឱ្យអ្នកនូវការការពារ,"[1385, 1949, 1863, 2054]",
L3I_IMG_0841.jpg,crops/L3I_IMG_0841_r2.png,ok,ប្រកបដោយផាសុកភាព,"[1293, 2034, 1966, 2164]",
L3I_IMG_0842.jpg,crops/L3I_IMG_0842_r1.png,ok,ចំណតម៉ូតូ,"[1245, 1720, 1763, 1993]",
L3I_IMG_0843.jpg,crops/L3I_IMG_0843_r1.png,ok,សេវាកម្មរទេះរុញ,"[1040, 1827, 2235, 2416]",
L3I_IMG_0844.jpg,crops/L3I_IMG_0844_r1.png,ok,អ្នកបញ្ជាទិញ យើងដឹកជញ្ជូន,"[1275, 1590, 2683, 2013]",
L3I_IMG_0844.jpg,crops/L3I_IMG_0844_r2.png,ok,រហ័ស និងងាយស្រួល,"[2076, 845, 2773, 1087]",
L3I_IMG_0845.jpg,crops/L3I_IMG_0845_r1.png,ok,សូមស្វាគមន៍,"[1236, 1504, 2455, 2049]",
L3I_IMG_0846.jpg,crops/L3I_IMG_0846_r1.png,ok,ចុះឈ្មោះសមាជិក,"[718, 1157, 3359, 1893]",
L3I_IMG_0847.jpg,crops/L3I_IMG_0847_r1.png,ok,នំដុត,"[1429, 1597, 2039, 2054]",
L3I_IMG_0847.jpg,crops/L3I_IMG_0847_r2.png,ok,នំដូណាត់ពិសេស,"[879, 2037, 1812, 2384]",
L3I_IMG_0847.jpg,crops/L3I_IMG_0847_r3.png,ok,ប្រចាំក្រុង,"[1143, 2310, 1643, 2576]",
L3I_IMG_0848.jpg,crops/L3I_IMG_0848_r1.png,ok,គ្មានការប្រើប្រាស់សារធាតុដែល,"[923, 1319, 2531, 1651]",
L3I_IMG_0848.jpg,crops/L3I_IMG_0848_r2.png,ok,ធ្វើអោយនំរក្សាទុកបានយូរ,"[974, 1619, 2406, 1893]",
L3I_IMG_0849.jpg,crops/L3I_IMG_0849_r1.png,ok,មិនអនុញ្ញាតឲ្យយកទំនិញញ៊ាំ,"[893, 1839, 2487, 2157]",
L3I_IMG_0849.jpg,crops/L3I_IMG_0849_r2.png,ok,មុនពេលគិតលុយនោះទេ,"[1069, 2103, 2362, 2340]",
L3I_IMG_0850.jpg,crops/L3I_IMG_0850_r1.png,ok,ផ្លែប័រ គក,"[1245, 3122, 1988, 3418]",
L3I_IMG_0850.jpg,crops/L3I_IMG_0850_r2.png,ok,៛,"[1964, 3797, 2142, 4107]",
L3I_IMG_0851.jpg,crops/L3I_IMG_0851_r1.png,ok,ដៃគូអាជីវកម្មអ្នក,"[1275, 694, 1614, 769]",
L3I_IMG_0851.jpg,crops/L3I_IMG_0851_r2.png,ok,សូមមេត្តាថ្លឹង,"[1527, 753, 2022, 904]",
L3I_IMG_0851.jpg,crops/L3I_IMG_0851_r3.png,ok,មុនយកទៅបញ្ជរគិតលុយ,"[1360, 888, 2195, 1042]",
L3I_IMG_0852.jpg,crops/L3I_IMG_0852_r1.png,ok,ផ្លែឈើនិងបន្លែ,"[835, 2257, 2391, 3051]",
L3I_IMG_0853.jpg,crops/L3I_IMG_0853_r1.png,ok,ទិញទំនិញនៅក្នុងផ្សារឬអនឡាញ,"[160, 1920, 2230, 2538]",
L3I_IMG_0854.jpg,crops/L3I_IMG_0854_r1.png,ok,ពោរពេញដោយសុភមង្គល ជាមួយនឹង,"[146, 828, 2626, 1394]",
L3I_IMG_0854.jpg,crops/L3I_IMG_0854_r2.png,ok,ពេលវេលាបុណ្យណូអែល,"[666, 1392, 2340, 1922]",
L3I_IMG_0855.jpg,crops/L3I_IMG_0855_r1.png,ok,ត្រីនិងអាហារសមុទ្រ,"[352, 2147, 2348, 2575]",
L3I_IMG_0855.jpg,crops/L3I_IMG_0855_r2.png,ok,អត្ថប្រយោជន៍នៃត្រីសាលម៉ុន,"[1553, 2638, 2413, 2860]",
L3I_IMG_0856.jpg,crops/L3I_IMG_0856_r1.png,ok,សាច់ក្រកគោសៀមរាបលេខ,"[204, 1942, 2808, 2721]",
L3I_IMG_0856.jpg,crops/L3I_IMG_0856_r2.png,ok,៛,"[2536, 3665, 2826, 4154]",
L3I_IMG_0857.jpg,crops/L3I_IMG_0857_r1.png,ok,សណ្ដែកខៀវ,"[710, 2279, 2669, 3978]",
L3I_IMG_0858.jpg,crops/L3I_IMG_0858_r1.png,ok,បន្លែ កក,"[1128, 2785, 1548, 3036]",
L3I_IMG_0859.jpg,crops/L3I_IMG_0859_r1.png,ok,ដៃគូអាជីវកម្មរបស់អ្នក,"[791, 1847, 1365, 2044]",
L3I_IMG_0859.jpg,crops/L3I_IMG_0859_r2.png,ok,ផ្ដល់ជូនពិសេស,"[1586, 1575, 2882, 2116]",
L3I_IMG_0859.jpg,crops/L3I_IMG_0859_r3.png,ok,អាហារកក,"[791, 2158, 1900, 2501]",
L3I_IMG_0859.jpg,crops/L3I_IMG_0859_r4.png,ok,បញ្ចុះតម្លៃចាប់ពី,"[824, 2452, 1911, 2956]",
L3I_IMG_0859.jpg,crops/L3I_IMG_0859_r5.png,ok,ដល់,"[2426, 2213, 2692, 2487]",
L3I_IMG_0859.jpg,crops/L3I_IMG_0859_r6.png,ok,ចាប់ពីថ្ងៃនេះរហូតអស់ពីស្តុក,"[785, 1993, 1401, 2181]",
L3I_IMG_0860.jpg,crops/L3I_IMG_0860_r1.png,ok,គ្រឿងសមុទ្រ កក,"[776, 1363, 2472, 1951]",
L3I_IMG_0861.jpg,crops/L3I_IMG_0861_r1.png,ok,ផ្ដល់ជូនពិសេស,"[608, 1905, 2692, 3381]",
L3I_IMG_0861.jpg,crops/L3I_IMG_0861_r2.png,ok,ពីម៉ាកផលិតផលម៉ាក្រូ,"[29, 1775, 3402, 4239]",
L3I_IMG_0862.jpg,crops/L3I_IMG_0862_r1.png,ok,ទំនិញបញ្ចុះតម្លៃពិសេស,"[644, 981, 2647, 2340]",
L3I_IMG_0863.jpg,crops/L3I_IMG_0863_r1.png,ok,សាច់មឹកយក្សកក,"[512, 542, 2391, 1027]",
L3I_IMG_0864.jpg,crops/L3I_IMG_0864_r1.png,ok,បង្គារកក,"[967, 1062, 2098, 1460]",
L3I_IMG_0865.jpg,crops/L3I_IMG_0865_r1.png,ok,សម្រាប់តែបុគ្គលិក,"[1011, 1993, 1753, 2311]",
L3I_IMG_0865.jpg,crops/L3I_IMG_0865_r2.png,ok,សម្រាប់តែបុគ្គលិក,"[1328, 4034, 1725, 4148]",
L3I_IMG_0866.jpg,crops/L3I_IMG_0866_r1.png,ok,ទឹកផ្លែឈើ,"[1005, 1406, 1747, 1699]",
L3I_IMG_0867.jpg,crops/L3I_IMG_0867_r1.png,ok,ទិញ ១ ថែម ១,"[915, 1891, 2157, 2391]",
L3I_IMG_0868.jpg,crops/L3I_IMG_0868_r1.png,ok,គីមឈី,"[1642, 3576, 2396, 3869]",
L3I_IMG_0869.jpg,crops/L3I_IMG_0869_r1.png,ok,ឈុតគ្រួសារ,"[402, 828, 1453, 1189]",
L3I_IMG_0869.jpg,crops/L3I_IMG_0869_r2.png,ok,យ៊ាំមី,"[1803, 864, 2303, 1211]",
L3I_IMG_0869.jpg,crops/L3I_IMG_0869_r3.png,ok,តលៃដើម,"[630, 1311, 1167, 1504]",
L3I_IMG_0869.jpg,crops/L3I_IMG_0869_r4.png,ok,តលៃលក់,"[2213, 1363, 2743, 1585]",
L3I_IMG_0869.jpg,crops/L3I_IMG_0869_r5.png,ok,ចាប់ពីថ្ងៃទី 13 រហូតដល់ 26 ធ្នូ 2023,"[959, 2059, 2377, 2333]",
L3I_IMG_0869.jpg,crops/L3I_IMG_0869_r6.png,ok,៛,"[1495, 1605, 1658, 1849]",
L3I_IMG_0869.jpg,crops/L3I_IMG_0869_r7.png,ok,៛,"[2998, 1678, 3249, 2010]",
L3I_IMG_0870.jpg,crops/L3I_IMG_0870_r1.png,ok,ផ្ដល់ជូនពិសេស,"[722, 2179, 2513, 2851]",
L3I_IMG_0870.jpg,crops/L3I_IMG_0870_r2.png,ok,ឈីសឆេដាបន្ទះ,"[1641, 4364, 2147, 4513]",
L3I_IMG_0871.jpg,crops/L3I_IMG_0871_r1.png,ok,សាច់ទាកក,"[502, 2047, 1081, 2318]",
L3I_IMG_0872.jpg,crops/L3I_IMG_0872_r1.png,ok,ដៃគូអាជីវកម្មរបស់អ្នក,"[597, 2990, 1185, 3146]",
L3I_IMG_0872.jpg,crops/L3I_IMG_0872_r2.png,ok,សូមមេត្តាថ្លឹង,"[969, 3079, 2420, 3518]",
L3I_IMG_0873.jpg,crops/L3I_IMG_0873_r1.png,ok,ទឹកដោះគោជូរ,"[498, 1737, 1504, 2083]",
L3I_IMG_0873.jpg,crops/L3I_IMG_0873_r2.png,ok,គ្រប់រសជាតិ បញ្ចុះតម្លៃពី,"[703, 2103, 2318, 2413]",
L3I_IMG_0873.jpg,crops/L3I_IMG_0873_r3.png,ok,នៅសល់ត្រឹមតែ,"[1245, 2411, 2303, 2626]",
L3I_IMG_0874.jpg,crops/L3I_IMG_0874_r1.png,ok,យ៉ាអ៊ួរ,"[666, 1436, 1159, 1797]",
L3I_IMG_0874.jpg,crops/L3I_IMG_0874_r2.png,ok,គ្រប់រសជាតិ បញ្ចុះតម្លៃពី,"[600, 1722, 2340, 2149]",
L3I_IMG_0874.jpg,crops/L3I_IMG_0874_r3.png,ok,នៅសល់ត្រឹមតែ,"[1157, 2125, 2303, 2421]",
L3I_IMG_0875.jpg,crops/L3I_IMG_0875_r1.png,ok,សូមមេត្តាជួយដាក់,"[630, 740, 2926, 1350]",
L3I_IMG_0875.jpg,crops/L3I_IMG_0875_r2.png,ok,សម្រាមក្នុងធុង,"[864, 1297, 2582, 1805]",
L3I_IMG_0876.jpg,crops/L3I_IMG_0876_r1.png,ok,បញ្ជរគិតលុយ ទំនិញ,"[1102, 1766, 2105, 2061]",
L3I_IMG_0876.jpg,crops/L3I_IMG_0876_r2.png,ok,តិចជាង ៦ ឯកតា,"[1124, 2001, 2003, 2219]",
L3I_IMG_0877.jpg,crops/L3I_IMG_0877_r1.png,ok,បញ្ជរគិតលុយសម្រាប់ស្រា,"[923, 1473, 2212, 1988]",
L3I_IMG_0877.jpg,crops/L3I_IMG_0877_r2.png,ok,និងគ្រឿងស្រវឹង,"[1201, 1781, 1999, 2164]",
L3I_IMG_0878.jpg,crops/L3I_IMG_0878_r1.png,ok,ស្រាក្រហម,"[610, 3092, 1387, 3294]",
L3I_IMG_0878.jpg,crops/L3I_IMG_0878_r2.png,ok,តលៃដើម,"[935, 3502, 1297, 3614]",
L3I_IMG_0878.jpg,crops/L3I_IMG_0878_r3.png,ok,តលៃលក់,"[2196, 3477, 2518, 3594]",
L3I_IMG_0878.jpg,crops/L3I_IMG_0878_r4.png,ok,៛,"[1555, 3617, 1727, 3829]",
L3I_IMG_0878.jpg,crops/L3I_IMG_0878_r5.png,ok,៛,"[2806, 3602, 2974, 3824]",
L3I_IMG_0878.jpg,crops/L3I_IMG_0878_r6.png,ok,ចាប់ពីថ្ងៃទី 27 ធ្នូ 2023 រហូតដល់ 09 មករា ឆ្នាំ2024,"[1085, 3982, 2378, 4120]",
L3I_IMG_0879.jpg,crops/L3I_IMG_0879_r1.png,ok,ភេសជ្ជៈ,"[889, 1480, 1981, 1819]",
L3I_IMG_0880.jpg,crops/L3I_IMG_0880_r1.png,ok,ស្រាបៀរ ថៃហ្គ័រកំប៉ុងវែង,"[1588, 2697, 2973, 2963]",
L3I_IMG_0880.jpg,crops/L3I_IMG_0880_r2.png,ok,៛,"[2844, 3352, 3046, 3623]",
L3I_IMG_0880.jpg,crops/L3I_IMG_0880_r3.png,ok,ពិសារដោយការទទួលខុសត្រូវ,"[1759, 4156, 2528, 4324]",
L3I_IMG_0880.jpg,crops/L3I_IMG_0880_r4.png,ok,តលៃលក់,"[1612, 3225, 1834, 3330]",
L3I_IMG_0881.jpg,crops/L3I_IMG_0881_r1.png,ok,ជាប់ចិត្តជាមួយ,"[905, 1620, 1878, 2048]",
L3I_IMG_0881.jpg,crops/L3I_IMG_0881_r2.png,ok,រសជាតិដ៏អស្ចារ្យ,"[670, 1690, 2283, 2388]",
L3I_IMG_0881.jpg,crops/L3I_IMG_0881_r3.png,ok,ដែលមិនអាចបំភ្លេចបាន,"[1170, 1951, 2263, 2418]",
L3I_IMG_0882.jpg,crops/L3I_IMG_0882_r1.png,ok,ទឹករ៉ែធម្មជាតិ,"[1012, 2836, 2353, 3212]",
L3I_IMG_0882.jpg,crops/L3I_IMG_0882_r2.png,ok,ផលិតផលប្រទេសកម្ពុជា,"[199, 3230, 1145, 3613]",
L3I_IMG_0882.jpg,crops/L3I_IMG_0882_r3.png,ok,គូលែន,"[466, 1927, 2838, 3111]",
L3I_IMG_0883.jpg,crops/L3I_IMG_0883_r1.png,ok,ទឹកពិសាណារី,"[1242, 1733, 1959, 1981]",
L3I_IMG_0883.jpg,crops/L3I_IMG_0883_r2.png,ok,៛,"[2096, 2235, 2212, 2432]",
L3I_IMG_0883.jpg,crops/L3I_IMG_0883_r3.png,ok,គាំទ្រដោយ,"[1810, 4178, 2120, 4294]",
L3I_IMG_0884.jpg,crops/L3I_IMG_0884_r1.png,ok,ណារី,"[908, 2646, 2142, 3418]",
L3I_IMG_0884.jpg,crops/L3I_IMG_0884_r2.png,ok,ទឹកពិសា,"[1788, 3410, 2044, 3515]",
L3I_IMG_0884.jpg,crops/L3I_IMG_0884_r3.png,ok,មានអារម្មណ៍ថាស្រស់ស្រាយ,"[918, 3802, 2699, 4136]",
L3I_IMG_0885.jpg,crops/L3I_IMG_0885_r1.png,ok,ផ្ដល់ជូនពិសេស,"[1033, 2081, 1555, 2234]",
L3I_IMG_0885.jpg,crops/L3I_IMG_0885_r2.png,ok,ទិញ 1 យួរ,"[648, 2499, 1255, 2798]",
L3I_IMG_0885.jpg,crops/L3I_IMG_0885_r3.png,ok,ថែម 2 ដប,"[1267, 2499, 1966, 2794]",
L3I_IMG_0886.jpg,crops/L3I_IMG_0886_r1.png,ok,ភេសជ្ជៈកូកាកូឡាដប,"[937, 1928, 1885, 2200]",
L3I_IMG_0886.jpg,crops/L3I_IMG_0886_r2.png,ok,តំលៃលក់,"[919, 2322, 1116, 2433]",
L3I_IMG_0886.jpg,crops/L3I_IMG_0886_r3.png,ok,៛,"[1846, 2476, 2006, 2688]",
L3I_IMG_0887.jpg,crops/L3I_IMG_0887_r1.png,ok,ទឹកត្រឡាចយ៉ូស,"[1487, 1913, 2384, 2164]",
L3I_IMG_0887.jpg,crops/L3I_IMG_0887_r2.png,ok,៛,"[2514, 2452, 2648, 2662]",
L3I_IMG_0888.jpg,crops/L3I_IMG_0888_r1.png,ok,រីករាយគ្រប់ពេលជាមួយ,"[655, 890, 2428, 1452]",
L3I_IMG_0889.jpg,crops/L3I_IMG_0889_r1.png,ok,សារ៉ាយ ស៊ីលីកូ,"[484, 2101, 2129, 2601]",
L3I_IMG_0889.jpg,crops/L3I_IMG_0889_r2.png,ok,រសជាតិឆ្ងាញ់ជក់,"[2188, 2170, 3463, 2578]",
L3I_IMG_0890.jpg,crops/L3I_IMG_0890_r1.png,ok,កន្លែងទុកជណ្ដើរ,"[1315, 2059, 2527, 2677]",
L3I_IMG_0891.jpg,crops/L3I_IMG_0891_r1.png,ok,ស្ករគ្រាប់/បង្អែម,"[164, 1415, 2143, 2158]",
L3I_IMG_0891.jpg,crops/L3I_IMG_0891_r2.png,ok,សូកូឡា,"[655, 1941, 1798, 2533]",
L3I_IMG_0891.jpg,crops/L3I_IMG_0891_r3.png,ok,ខិត្តប័ណ្ណម៉ាក្រូ,"[1275, 2251, 2878, 2843]",
L3I_IMG_0892.jpg,crops/L3I_IMG_0892_r1.png,ok,នំបំពង់,"[135, 1946, 727, 2329]",
L3I_IMG_0892.jpg,crops/L3I_IMG_0892_r2.png,ok,ដូង,"[1612, 2217, 1988, 2545]",
L3I_IMG_0892.jpg,crops/L3I_IMG_0892_r3.png,ok,តំលៃលក់,"[190, 2602, 463, 2769]",
L3I_IMG_0892.jpg,crops/L3I_IMG_0892_r4.png,ok,៛,"[1754, 3000, 1971, 3300]",
L3I_IMG_0892.jpg,crops/L3I_IMG_0892_r5.png,ok,មួយ,"[2042, 3103, 2279, 3315]",
L3I_IMG_0893.jpg,crops/L3I_IMG_0893_r1.png,ok,សារ៉ាយ,"[785, 2506, 1252, 2813]",
L3I_IMG_0893.jpg,crops/L3I_IMG_0893_r2.png,ok,រសជាតិដើម,"[1425, 2656, 2193, 3034]",
L3I_IMG_0893.jpg,crops/L3I_IMG_0893_r3.png,ok,តំលៃដើម,"[940, 2927, 1227, 3104]",
L3I_IMG_0893.jpg,crops/L3I_IMG_0893_r4.png,ok,តំលៃលក់,"[2011, 3202, 2358, 3409]",
L3I_IMG_0893.jpg,crops/L3I_IMG_0893_r5.png,ok,៛,"[1435, 3170, 1587, 3399]",
L3I_IMG_0893.jpg,crops/L3I_IMG_0893_r6.png,ok,៛,"[2556, 3472, 2773, 3764]",
L3I_IMG_0893.jpg,crops/L3I_IMG_0893_r7.png,ok,ចាប់ពីថ្ងៃទី 27 ធ្នូ 2023 រហូតដល់ 09 មករា 2024,"[1075, 3392, 2158, 3834]",
L3I_IMG_0894.jpg,crops/L3I_IMG_0894_r1.png,ok,នំស្រួយ,"[1153, 1651, 1731, 2132]",
L3I_IMG_0894.jpg,crops/L3I_IMG_0894_r2.png,ok,ភ្នំស្រួយធ្វើពីអង្ករ,"[903, 1925, 1893, 2543]",
L3I_IMG_0894.jpg,crops/L3I_IMG_0894_r3.png,ok,តម្លៃប្រូម៉ូសិន,"[1348, 2277, 1990, 2640]",
L3I_IMG_0895.jpg,crops/L3I_IMG_0895_r1.png,ok,សាច់ត្រីលេខ១ ពីកូរ៉េ!,"[1179, 1568, 3073, 2794]",
L3I_IMG_0896.jpg,crops/L3I_IMG_0896_r1.png,ok,សាប៊ូទឹកបោកសម្លៀកបំពាក់,"[666, 1979, 2934, 3117]",
L3I_IMG_0896.jpg,crops/L3I_IMG_0896_r2.png,ok,គុណភាពជប៉ុន,"[930, 2553, 2362, 3462]",
L3I_IMG_0897.jpg,crops/L3I_IMG_0897_r1.png,ok,បច្ចេកវិទ្យាថ្មីពី,"[512, 1201, 1768, 2069]",
L3I_IMG_0897.jpg,crops/L3I_IMG_0897_r2.png,ok,កម្ចាត់ស្នាមប្រលាក់គ្មានសល់ និង,"[468, 1429, 2772, 2597]",
L3I_IMG_0897.jpg,crops/L3I_IMG_0897_r3.png,ok,មានក្លិនក្រអូបជាប់ចិត្ត,"[930, 1891, 2443, 2787]",
L3I_IMG_0898.jpg,crops/L3I_IMG_0898_r1.png,ok,ផលិតផលសម្អាត,"[1157, 2301, 1827, 2509]",
L3I_IMG_0899.jpg,crops/L3I_IMG_0899_r1.png,ok,ដងជូតក្បាលជ័រ 1 ឈុត,"[850, 2587, 2853, 3095]",
L3I_IMG_0899.jpg,crops/L3I_IMG_0899_r2.png,ok,៛/មួយ,"[2250, 3320, 2750, 3645]",
L3I_IMG_0899.jpg,crops/L3I_IMG_0899_r3.png,ok,តំលៃលក់,"[696, 3350, 1013, 3506]",
L3I_IMG_0900.jpg,crops/L3I_IMG_0900_r1.png,ok,ឃ្យូមេក,"[593, 2037, 1079, 2322]",
L3I_IMG_0900.jpg,crops/L3I_IMG_0900_r2.png,ok,សាប៊ូ បោកសម្លៀកបំពាក់,"[1264, 2235, 2399, 2607]",
L3I_IMG_0900.jpg,crops/L3I_IMG_0900_r3.png,ok,ស ភ្លឺ ក្លិនក្រអូប,"[1238, 2375, 2432, 2769]",
L3I_IMG_0900.jpg,crops/L3I_IMG_0900_r4.png,ok,បំបាត់ក្លិនញើស ក្លិនផ្អួរ ស្នាមប្រឡាក់,"[1337, 2597, 2420, 2900]",
L3I_IMG_0901.jpg,crops/L3I_IMG_0901_r1.png,ok,សាប៊ូបោកសំលៀកបំពាក់,"[814, 2144, 3274, 2947]",
L3I_IMG_0901.jpg,crops/L3I_IMG_0901_r2.png,ok,រូបមន្តពី ប្រទេសកូរ៉េ,"[1594, 3544, 2410, 3862]",
L3I_IMG_0902.jpg,crops/L3I_IMG_0902_r1.png,ok,ទំនិញបញ្ចុះតំលៃ,"[1350, 1608, 2410, 2021]",
L3I_IMG_0903.jpg,crops/L3I_IMG_0903_r1.png,ok,រសជាតិឈ្ងុយឆ្ងាញ់,"[1064, 911, 3079, 1672]",
L3I_IMG_0903.jpg,crops/L3I_IMG_0903_r2.png,ok,គុណភាពស្ដង់ដារអន្តរជាតិ,"[769, 1244, 3059, 2142]",
L3I_IMG_0904.jpg,crops/L3I_IMG_0904_r1.png,ok,ក្រអូបបានយូរជាងមុនប្រាំដង,"[424, 1489, 2856, 1972]",
L3I_IMG_0905.jpg,crops/L3I_IMG_0905_r1.png,ok,ជាជម្រើសដ៏ល្អបំផុត,"[1023, 2666, 2445, 3253]",
L3I_IMG_0906.jpg,crops/L3I_IMG_0906_r1.png,ok,សស្អាតភ្លឺចែងចាំង,"[981, 2339, 2745, 2884]",
L3I_IMG_0906.jpg,crops/L3I_IMG_0906_r2.png,ok,ក្លិនក្រអូបដូចទឹកអប់,"[974, 2694, 2696, 3239]",
L3I_IMG_0907.jpg,crops/L3I_IMG_0907_r1.png,ok,សាប៊ូទឹក វីសូពិសេស,"[960, 1594, 2299, 2174]",
L3I_IMG_0907.jpg,crops/L3I_IMG_0907_r2.png,ok,សភ្លឺចែងចាំងដូចថ្មី ក្រអូបជាប់បានយូរ,"[333, 1754, 3058, 2794]",
L3I_IMG_0907.jpg,crops/L3I_IMG_0907_r3.png,ok,និងមិនកាត់ដៃ,"[1071, 2325, 2236, 2884]",
L3I_IMG_0908.jpg,crops/L3I_IMG_0908_r1.png,ok,ទិញកាន់តែច្រើន,"[500, 1810, 1867, 2243]",
L3I_IMG_0908.jpg,crops/L3I_IMG_0908_r2.png,ok,បញ្ចុះតម្លៃកាន់តែច្រើន,"[514, 2193, 2541, 2640]",
L3I_IMG_0909.jpg,crops/L3I_IMG_0909_r1.png,ok,ច្រកអគ្គីភ័យ,"[974, 1636, 1665, 1937]",
L3I_IMG_0910.jpg,crops/L3I_IMG_0910_r1.png,ok,ច្រកអគ្គីភ័យ,"[591, 1879, 1519, 2285]",
L3I_IMG_0910.jpg,crops/L3I_IMG_0910_r2.png,ok,ច្រកចេញ,"[1998, 3585, 2487, 3775]",
L3I_IMG_0911.jpg,crops/L3I_IMG_0911_r1.png,ok,ជណ្ដើរប្រាំកាំ,"[1479, 1894, 2174, 2139]",
L3I_IMG_0911.jpg,crops/L3I_IMG_0911_r2.png,ok,៛,"[2255, 2390, 2373, 2592]",
L3I_IMG_0912.jpg,crops/L3I_IMG_0912_r1.png,ok,ដៃគូរអាជីវកម្មរបស់អ្នក,"[748, 1809, 1143, 1896]",
L3I_IMG_0912.jpg,crops/L3I_IMG_0912_r2.png,ok,ធ្នើរព្យួរសម្លៀកបំពាក់,"[1122, 1932, 2398, 2204]",
L3I_IMG_0912.jpg,crops/L3I_IMG_0912_r3.png,ok,តំលៃដើម,"[1069, 2369, 1334, 2478]",
L3I_IMG_0912.jpg,crops/L3I_IMG_0912_r4.png,ok,តំលៃលក់,"[2145, 2339, 2474, 2455]",
L3I_IMG_0912.jpg,crops/L3I_IMG_0912_r5.png,ok,៛,"[1586, 2491, 1754, 2692]",
L3I_IMG_0912.jpg,crops/L3I_IMG_0912_r6.png,ok,៛,"[2718, 2448, 2872, 2659]",
L3I_IMG_0912.jpg,crops/L3I_IMG_0912_r7.png,ok,ចាប់ពីថ្ងៃទី 25 រហូតដល់ 31 ធ្នូ 2023,"[1330, 2823, 2171, 2957]",
L3I_IMG_0913.jpg,crops/L3I_IMG_0913_r1.png,ok,ថង់សម្រាម,"[1334, 1861, 2090, 2161]",
L3I_IMG_0914.jpg,crops/L3I_IMG_0914_r1.png,ok,ប្រអប់អាហារ,"[1244, 1788, 2246, 2311]",
L3I_IMG_0914.jpg,crops/L3I_IMG_0914_r2.png,ok,ធុងស្នោរ,"[1403, 2211, 2082, 2606]",
L3I_IMG_0914.jpg,crops/L3I_IMG_0914_r3.png,ok,តម្លៃប្រម៉ូសិន,"[1008, 2640, 1710, 2972]",
L3I_IMG_0915.jpg,crops/L3I_IMG_0915_r1.png,ok,ដឹកជញ្ជូនឥតគិតថ្លៃ,"[641, 1968, 2999, 2800]",
L3I_IMG_0915.jpg,crops/L3I_IMG_0915_r2.png,ok,ប្រើប្រម៉ូកូដ,"[1660, 3210, 1994, 3397]",
L3I_IMG_0915.jpg,crops/L3I_IMG_0915_r3.png,ok,01 ដល់ 31 ធ្នូ,"[1457, 2855, 2035, 3098]",
L3I_IMG_0916.jpg,crops/L3I_IMG_0916_r1.png,ok,ក្រអូបជាប់យូរជាង,"[318, 2481, 2560, 3098]",
L3I_IMG_0916.jpg,crops/L3I_IMG_0916_r2.png,ok,ទឹកអប់,"[1009, 2854, 1858, 3190]",
L3I_IMG_0916.jpg,crops/L3I_IMG_0916_r3.png,ok,ទឹកក្រអូប,"[676, 56, 1249, 359]",
L3I_IMG_0917.jpg,crops/L3I_IMG_0917_r1.png,ok,ប្រើប្រាស់បរិមាណតិចជាងសាប៊ូធម្មតា 3ដង,"[441, 1550, 2797, 2349]",
L3I_IMG_0917.jpg,crops/L3I_IMG_0917_r2.png,ok,5L ប្រើបាន 125ដង (40ml អាវ4kg),"[556, 1870, 2699, 2644]",
L3I_IMG_0917.jpg,crops/L3I_IMG_0917_r3.png,ok,3L ប្រើបាន 75ដង (40ml អាវ4kg),"[537, 2170, 2584, 2956]",
L3I_IMG_0918.jpg,crops/L3I_IMG_0918_r1.png,ok,ទឹកក្រអូបដោនី សាន់រ៉ាយ,"[278, 1942, 2689, 2884]",
L3I_IMG_0918.jpg,crops/L3I_IMG_0918_r2.png,ok,តំលៃដើម,"[843, 2623, 1197, 2844]",
L3I_IMG_0918.jpg,crops/L3I_IMG_0918_r3.png,ok,តំលៃលក់,"[2563, 3107, 3016, 3349]",
L3I_IMG_0918.jpg,crops/L3I_IMG_0918_r4.png,ok,៛,"[1629, 3000, 1828, 3281]",
L3I_IMG_0918.jpg,crops/L3I_IMG_0918_r5.png,ok,ចាប់ពីថ្ងៃទី 27 ធ្នូ 2023 រហូតដល់ 09 មករា 2024,"[1105, 3208, 2702, 3821]",
L3I_IMG_0919.jpg,crops/L3I_IMG_0919_r1.png,ok,ប្រអប់ដាក់នំប៉័ង,"[1168, 1610, 2098, 2014]",
L3I_IMG_0920.jpg,crops/L3I_IMG_0920_r1.png,ok,ទំនិញលក់ជាដ៉ំ(ហាមហែក),"[626, 2468, 2953, 2830]",
L3I_IMG_0921.jpg,crops/L3I_IMG_0921_r1.png,ok,តំលៃដើម,"[846, 2803, 1175, 2988]",
L3I_IMG_0921.jpg,crops/L3I_IMG_0921_r2.png,ok,តំលៃលក់,"[2380, 3115, 2770, 3324]",
L3I_IMG_0921.jpg,crops/L3I_IMG_0921_r3.png,ok,៛,"[1547, 3096, 1743, 3379]",
L3I_IMG_0921.jpg,crops/L3I_IMG_0921_r4.png,ok,៛,"[3227, 3483, 3455, 3767]",
L3I_IMG_0921.jpg,crops/L3I_IMG_0921_r5.png,ok,ចាប់ពីថ្ងៃទី 13 រហូតដល់ 31 ធ្នូ 2023,"[1239, 3472, 2347, 3870]",
L3I_IMG_0921.jpg,crops/L3I_IMG_0921_r6.png,ok,ទុយោកាច់អនាម័យពណ៌ស,"[267, 2181, 2218, 2784]",
L3I_IMG_0921.jpg,crops/L3I_IMG_0921_r7.png,ok,១០កញ្ចប់,"[2640, 2601, 3466, 3035]",
L3I_IMG_0922.jpg,crops/L3I_IMG_0922_r1.png,ok,ពីធម្មជាតិត្រឡប់ទៅកាន់ធម្មជាតិ,"[979, 2659, 2585, 2968]",
L3I_IMG_0923.jpg,crops/L3I_IMG_0923_r1.png,ok,សូមគិតលុយនៅទីនេះ,"[2046, 2785, 3413, 3163]",
L3I_IMG_0924.jpg,crops/L3I_IMG_0924_r1.png,ok,គីណាល់,"[521, 2244, 1222, 2551]",
L3I_IMG_0924.jpg,crops/L3I_IMG_0924_r2.png,ok,ខ្លាំងជាងការឈឺចុកចាប់,"[513, 2478, 1882, 2822]",
L3I_IMG_0925.jpg,crops/L3I_IMG_0925_r1.png,ok,មានលក់បោះដុំ,"[1127, 2276, 2415, 2740]",
L3I_IMG_0926.jpg,crops/L3I_IMG_0926_r1.png,ok,កុំលាក់ក្អក,"[1525, 567, 2445, 1285]",
L3I_IMG_0926.jpg,crops/L3I_IMG_0926_r2.png,ok,ប្រឆាំងក្អក,"[1630, 1089, 2551, 1831]",
L3I_IMG_0926.jpg,crops/L3I_IMG_0926_r3.png,ok,កុំលាក់ក្អក,"[1684, 3363, 2487, 4333]",
L3I_IMG_0926.jpg,crops/L3I_IMG_0926_r4.png,ok,បំបាត់ភ្លាម!,"[1989, 4109, 2431, 4537]",
L3I_IMG_0926.jpg,crops/L3I_IMG_0926_r5.png,ok,កុំលាក់ក្អក ប្រឆាំងក្អក,"[310, 3169, 1011, 3586]",
L3I_IMG_0927.jpg,crops/L3I_IMG_0927_r1.png,ok,ខ្ទះថ្មក្រានីត,"[883, 1315, 2835, 1986]",
L3I_IMG_0928.jpg,crops/L3I_IMG_0928_r1.png,ok,ខ្ទះម៉ាប,"[399, 3230, 2016, 4152]",
L3I_IMG_0929.jpg,crops/L3I_IMG_0929_r1.png,ok,ប្រយ័ត្នបែក!,"[914, 1870, 2175, 2431]",
L3I_IMG_0930.jpg,crops/L3I_IMG_0930_r1.png,ok,ថ្នាំបាញ់មូស,"[873, 1151, 2293, 1912]",
L3I_IMG_0930.jpg,crops/L3I_IMG_0930_r2.png,ok,លេខ ១,"[1126, 1707, 2063, 2145]",
L3I_IMG_0930.jpg,crops/L3I_IMG_0930_r3.png,ok,មកពីសហរដ្ឋអាមេរិក,"[567, 1883, 2762, 2778]",
L3I_IMG_0931.jpg,crops/L3I_IMG_0931_r1.png,ok,ឯកទេសការពារក្រុមគ្រួសារអ្នក,"[974, 2448, 2685, 2717]",
L3I_IMG_0931.jpg,crops/L3I_IMG_0931_r2.png,ok,ពីសត្វមូស និង សត្វល្អិតចង្រៃ,"[960, 2617, 2599, 2905]",
L3I_IMG_0931.jpg,crops/L3I_IMG_0931_r3.png,ok,មានតាំងពីឆ្នាំ1957,"[988, 2785, 2017, 3031]",
L3I_IMG_0932.jpg,crops/L3I_IMG_0932_r1.png,ok,ទឹកជូត ការ៉ូក្លិនក្រអូបជាងគេ,"[810, 1621, 2456, 2161]",
L3I_IMG_0933.jpg,crops/L3I_IMG_0933_r1.png,ok,បែបខ្មែរសម័យថ្មី,"[1044, 1927, 2396, 2919]",
L3I_IMG_0933.jpg,crops/L3I_IMG_0933_r2.png,ok,ពាក់,"[1121, 2746, 1530, 3270]",
L3I_IMG_0933.jpg,crops/L3I_IMG_0933_r3.png,ok,ត្រូវតែបច្ចេកវិទ្យា,"[1430, 3016, 1880, 3447]",
L3I_IMG_0934.jpg,crops/L3I_IMG_0934_r1.png,ok,នាំ,"[278, 3388, 599, 3824]",
L3I_IMG_0934.jpg,crops/L3I_IMG_0934_r2.png,ok,បែបខ្មែរសម័យថ្មី ពាក់,"[1280, 2520, 2661, 3434]",
L3I_IMG_0935.jpg,crops/L3I_IMG_0935_r1.png,ok,សូមមេត្តាក៉ំយក,"[570, 1138, 3152, 1777]",
L3I_IMG_0935.jpg,crops/L3I_IMG_0935_r2.png,ok,ទំពក់ស្បែកជើង,"[542, 1706, 3163, 2341]",
L3I_IMG_0936.jpg,crops/L3I_IMG_0936_r1.png,ok,សម្រាប់ការបញ្ជារ,"[1078, 236, 2306, 656]",
L3I_IMG_0936.jpg,crops/L3I_IMG_0936_r2.png,ok,ទិញក្នុងបរិមាណច្រើន,"[1092, 556, 2551, 979]",
L3I_IMG_0936.jpg,crops/L3I_IMG_0936_r3.png,ok,ឬកក់ទុកមុន,"[1120, 911, 2062, 1233]",
L3I_IMG_0936.jpg,crops/L3I_IMG_0936_r4.png,ok,ស៉ំទាក់ទងមកកាន់,"[1162, 1232, 2557, 1547]",
L3I_IMG_0936.jpg,crops/L3I_IMG_0936_r5.png,ok,ទូរសព្ទលេខ,"[1239, 1580, 1888, 1853]",
L3I_IMG_0936.jpg,crops/L3I_IMG_0936_r6.png,ok,ទូរសារលេខ,"[1293, 2271, 1962, 2535]",
L3I_IMG_0937.jpg,crops/L3I_IMG_0937_r1.png,ok,ដៃគូអាជីវកម្មរបស់អ្នក,"[1370, 3672, 2702, 4116]",
L3I_IMG_0938.jpg,crops/L3I_IMG_0938_r1.png,ok,ការជាវតាមទូរស័ព្ទ / ការជាវបរិមាណច្រើន,"[222, 2074, 3037, 2410]",
L3I_IMG_0938.jpg,crops/L3I_IMG_0938_r2.png,ok,សូមទាក់ទងនៅទីនេះ,"[876, 2374, 2410, 2668]",
L3I_IMG_0939.jpg,crops/L3I_IMG_0939_r1.png,ok,ពូកខ្យល់គេងក្នុងតង់,"[889, 2130, 2438, 2789]",
L3I_IMG_0939.jpg,crops/L3I_IMG_0939_r2.png,ok,តំលៃលក់,"[515, 3109, 807, 3313]",
L3I_IMG_0939.jpg,crops/L3I_IMG_0939_r3.png,ok,៛,"[1963, 2882, 2139, 3190]",
L3I_IMG_0940.jpg,crops/L3I_IMG_0940_r1.png,ok,ឈ្នះរង្វាន់ធំ!,"[291, 528, 2912, 1777]",
L3I_IMG_0940.jpg,crops/L3I_IMG_0940_r2.png,ok,ទូរទឹកកក,"[173, 2151, 676, 2355]",
L3I_IMG_0940.jpg,crops/L3I_IMG_0940_r3.png,ok,1រង្វាន់,"[247, 2320, 595, 2501]",
L3I_IMG_0941.jpg,crops/L3I_IMG_0941_r1.png,ok,កម្មវិធីពិសេសចុងឆ្នាំ,"[549, 1127, 2501, 1714]",
L3I_IMG_0941.jpg,crops/L3I_IMG_0941_r2.png,ok,ឈ្នះរង្វាន់ធំ!,"[779, 1624, 2434, 2633]",
L3I_IMG_0941.jpg,crops/L3I_IMG_0941_r3.png,ok,កម្មវិធីចាប់រង្វាន់,"[679, 2503, 2466, 3128]",
L3I_IMG_0942.jpg,crops/L3I_IMG_0942_r1.png,ok,ឡេលាបខ្លួន,"[56, 914, 1375, 1345]",
L3I_IMG_0942.jpg,crops/L3I_IMG_0942_r2.png,ok,ផ្កាឈូក,"[2438, 870, 3379, 1268]",
L3I_IMG_0942.jpg,crops/L3I_IMG_0942_r3.png,ok,តំលៃលក់,"[119, 1962, 580, 2161]",
L3I_IMG_0942.jpg,crops/L3I_IMG_0942_r4.png,ok,៛,"[2924, 2268, 3283, 2795]",
L3I_IMG_0943.jpg,crops/L3I_IMG_0943_r1.png,ok,កម្មវិធីពិសេស,"[1190, 723, 2005, 1282]",
L3I_IMG_0943.jpg,crops/L3I_IMG_0943_r2.png,ok,ធីពិសេស,"[1018, 1261, 1604, 1648]",
L3I_IMG_0944.jpg,crops/L3I_IMG_0944_r1.png,ok,បន្ទះរក្សាភាពត្រជាក់,"[835, 2028, 3073, 2999]",
L3I_IMG_0944.jpg,crops/L3I_IMG_0944_r2.png,ok,លក្ខខណ្ឌផ្សេងៗត្រូវបានអនុវត្ត,"[886, 2918, 1547, 3166]",
L3I_IMG_0944.jpg,crops/L3I_IMG_0944_r3.png,ok,រក្សាសីតុណ្ហភាពអោយនៅត្រជាក់បានយូរក្រោយពេលដាច់ភ្លើង,"[1820, 2566, 2999, 2977]",
L3I_IMG_0945.jpg,crops/L3I_IMG_0945_r1.png,ok,អនុភាព ប្រេងធម្មជាតិ,"[141, 2096, 3307, 3420]",
L3I_IMG_0946.jpg,crops/L3I_IMG_0946_r1.png,ok,សក់​ទន់រលោង,"[1531, 2012, 2766, 2494]",
L3I_IMG_0946.jpg,crops/L3I_IMG_0946_r2.png,ok,ក្រអូបជាប់ទ្វេដង,"[1517, 2283, 2884, 2739]",
L3I_IMG_0946.jpg,crops/L3I_IMG_0946_r3.png,ok,អនុភាព,"[2241, 2694, 2587, 2842]",
L3I_IMG_0946.jpg,crops/L3I_IMG_0946_r4.png,ok,ប្រេងធម្មជាតិ,"[2192, 2749, 2640, 2968]",
L3I_IMG_0947.jpg,crops/L3I_IMG_0947_r1.png,ok,ត្រជាក់ស្រស់ស្រាយ,"[856, 1928, 2752, 2682]",
L3I_IMG_0947.jpg,crops/L3I_IMG_0947_r2.png,ok,គ្មានអង្គែ,"[1232, 2401, 2132, 2863]",
L3I_IMG_0948.jpg,crops/L3I_IMG_0948_r1.png,ok,ការពារក្លិនមិនល្អបាន,"[1239, 2165, 2738, 2497]",
L3I_IMG_0948.jpg,crops/L3I_IMG_0948_r2.png,ok,ម៉ោង,"[1741, 2519, 2155, 2748]",
L3I_IMG_0948.jpg,crops/L3I_IMG_0948_r3.png,ok,ក្លិនក្រអូបជាប់បានយូរ,"[1263, 2667, 2735, 3040]",
L3I_IMG_0949.jpg,crops/L3I_IMG_0949_r1.png,ok,កាន់តែជឿជាក់,"[542, 1127, 2027, 1826]",
L3I_IMG_0949.jpg,crops/L3I_IMG_0949_r2.png,ok,គ្រប់សកម្មភាព,"[544, 1526, 2027, 2186]",
L3I_IMG_0950.jpg,crops/L3I_IMG_0950_r1.png,ok,រាល់ការទិញផលិតផល,"[243, 3474, 1519, 3831]",
L3I_IMG_0951.jpg,crops/L3I_IMG_0951_r1.png,ok,គ្រឿងធ្វើម្ហូប,"[680, 2562, 2062, 3187]",
L3I_IMG_0951.jpg,crops/L3I_IMG_0951_r2.png,ok,តលៃលក់,"[778, 3264, 1097, 3439]",
L3I_IMG_0951.jpg,crops/L3I_IMG_0951_r3.png,ok,៛,"[2705, 3754, 3015, 4121]",
L3I_IMG_0951.jpg,crops/L3I_IMG_0951_r4.png,ok,មួយ,"[3059, 3911, 3349, 4124]",
L3I_IMG_0952.jpg,crops/L3I_IMG_0952_r1.png,ok,ចម្រាញ់ចេញពីប្រេងដូងធម្មជាតិ,"[51, 1234, 2652, 1716]",
L3I_IMG_0953.jpg,crops/L3I_IMG_0953_r1.png,ok,កូពីកូ,"[669, 1837, 1475, 2397]",
L3I_IMG_0953.jpg,crops/L3I_IMG_0953_r2.png,ok,ចំរាញ់ចេញពីគ្រាប់កាហ្វេដែលល្អបំផុត,"[743, 2418, 3261, 2710]",
L3I_IMG_0954.jpg,crops/L3I_IMG_0954_r1.png,ok,អោល៍កាហ្វេ,"[669, 1301, 2524, 2107]",
L3I_IMG_0954.jpg,crops/L3I_IMG_0954_r2.png,ok,រសជាតិឆ្ងាញ់លេខ១ ឆ្ងាញ់លើសពី,"[356, 1748, 2695, 2487]",
L3I_IMG_0954.jpg,crops/L3I_IMG_0954_r3.png,ok,កាហ្វេធម្មតា ស្ដង់ដារប្រទេសសិង្ហបុរី,"[356, 1949, 2777, 2755]",
L3I_IMG_0955.jpg,crops/L3I_IMG_0955_r1.png,ok,ព្រះរាជពិធី,"[1616, 1546, 3195, 2042]",
L3I_IMG_0955.jpg,crops/L3I_IMG_0955_r2.png,ok,បុណ្យ អ៉ំទូក,"[887, 1907, 3212, 2728]",
L3I_IMG_0955.jpg,crops/L3I_IMG_0955_r3.png,ok,បណ្ដែតប្រទីប សំពះព្រះខែ អកអ៉ំបុក,"[148, 2500, 2591, 2972]",
L3I_IMG_0956.jpg,crops/L3I_IMG_0956_r1.png,ok,បបរកំប៉ុងខ្នរ ឈ្ងុយឆ្ងាញ់និងសម្បូរដោយជីវជាតិ,"[252, 2284, 3201, 2673]",
L3I_IMG_0957.jpg,crops/L3I_IMG_0957_r1.png,ok,ជាប់ចិត្តជាមួយ,"[966, 1413, 2219, 1981]",
L3I_IMG_0957.jpg,crops/L3I_IMG_0957_r2.png,ok,រស់ជាតិដ៏អស្ចារ្យ,"[661, 1547, 2665, 2397]",
L3I_IMG_0957.jpg,crops/L3I_IMG_0957_r3.png,ok,ដែលមិនអាចបំភ្លេចបាន,"[1286, 1830, 2695, 2457]",
L3I_IMG_0958.jpg,crops/L3I_IMG_0958_r1.png,ok,អបអរព្រះរាជពិធី,"[1033, 676, 3268, 1817]",
L3I_IMG_0958.jpg,crops/L3I_IMG_0958_r2.png,ok,បុណ្យ អ៉ំទូក,"[1033, 1123, 3350, 2792]",
L3I_IMG_0958.jpg,crops/L3I_IMG_0958_r3.png,ok,បណ្ដែតប្រទីប សំពះព្រះខែ អកអ៉ំបុក,"[7, 2232, 2971, 3759]",
L3I_IMG_0959.jpg,crops/L3I_IMG_0959_r1.png,ok,ម្ហូបគ្រប់មុខកាន់តែឈ្ងុយឆ្ងាញ់ មានជាតិ,"[225, 1867, 3274, 2338]",
L3I_IMG_0960.jpg,crops/L3I_IMG_0960_r1.png,ok,ក្លិន ជាភាពស្រស់ស្អាត,"[341, 1435, 2308, 2116]",
L3I_IMG_0960.jpg,crops/L3I_IMG_0960_r2.png,ok,របស់អ្នក,"[877, 1848, 1839, 2348]",
L3I_IMG_0961.jpg,crops/L3I_IMG_0961_r1.png,ok,ខិត្តប័ណ្ណម៉ាក្រូ,"[334, 520, 2003, 1080]",
L3I_IMG_0962.jpg,crops/L3I_IMG_0962_r1.png,ok,ប្រអប់ជ័រដាក់សម្ភារៈ,"[909, 1994, 2273, 2572]",
L3I_IMG_0962.jpg,crops/L3I_IMG_0962_r2.png,ok,តំលៃលក់,"[825, 2770, 1141, 2955]",
L3I_IMG_0962.jpg,crops/L3I_IMG_0962_r3.png,ok,៛,"[2097, 2605, 2280, 2841]",
L3I_IMG_0962.jpg,crops/L3I_IMG_0962_r4.png,ok,មួយ,"[2298, 2605, 2447, 2757]",
L3I_IMG_0963.jpg,crops/L3I_IMG_0963_r1.png,ok,ចង្ក្រានហ្គាស,"[780, 907, 2732, 1472]",
L3I_IMG_0964.jpg,crops/L3I_IMG_0964_r1.png,ok,បានកាដូ១ភ្លាមៗ,"[975, 989, 2826, 1347]",
L3I_IMG_0964.jpg,crops/L3I_IMG_0964_r2.png,ok,ទិញអស់ចាប់ពី 50 ដុល្លាឡើងទៅ,"[724, 1618, 1579, 2003]",
L3I_IMG_0964.jpg,crops/L3I_IMG_0964_r3.png,ok,ទិញអស់ចាប់ពី 100 ដុល្លាឡើងទៅ,"[1848, 1625, 2762, 2018]",
L3I_IMG_0965.jpg,crops/L3I_IMG_0965_r1.png,ok,សង្ក្រានអគ្គិសនី,"[689, 1482, 2690, 2134]",
L3I_IMG_0966.jpg,crops/L3I_IMG_0966_r1.png,ok,បំពង់ទឹកក្តៅអគ្គិសនី,"[788, 1264, 3082, 1981]",
L3I_IMG_0967.jpg,crops/L3I_IMG_0967_r1.png,ok,នីកា,"[1597, 1239, 2422, 1650]",
L3I_IMG_0967.jpg,crops/L3I_IMG_0967_r2.png,ok,គុណភាព តំលៃ ទំនួលខុសត្រូវ,"[1690, 1642, 2420, 1802]",
L3I_IMG_0967.jpg,crops/L3I_IMG_0967_r3.png,ok,ដៃគូអាជីវកម្ម,"[484, 672, 1268, 983]",
L3I_IMG_0967.jpg,crops/L3I_IMG_0967_r4.png,ok,សំរាប់ការជាវទំនិញ,"[2400, 569, 3463, 995]",
L3I_IMG_0968.jpg,crops/L3I_IMG_0968_r1.png,ok,សូមប្រយ័ត្ន!,"[1185, 1770, 2248, 2149]",
L3I_IMG_0968.jpg,crops/L3I_IMG_0968_r2.png,ok,ហាមប៉ះ,"[1422, 2066, 2101, 2349]",
L3I_IMG_0969.jpg,crops/L3I_IMG_0969_r1.png,ok,ប្រូម៉ូសិនចុងឆ្នាំពីសាមសុង,"[153, 1810, 2859, 2650]",
L3I_IMG_0969.jpg,crops/L3I_IMG_0969_r2.png,ok,ទិញ1,"[242, 2524, 1658, 3573]",
L3I_IMG_0969.jpg,crops/L3I_IMG_0969_r3.png,ok,បាន3,"[1733, 2194, 3299, 3048]",
L3I_IMG_0969.jpg,crops/L3I_IMG_0969_r4.png,ok,ចាប់ពីថ្ងៃទី 11 ខែតុលា 2023 រហូតដល់ថ្ងៃទី 31 ខែធ្នូ 2023,"[158, 3164, 2963, 3920]",
L3I_IMG_0970.jpg,crops/L3I_IMG_0970_r1.png,ok,មួយយប់មួយគីឡូវ៉ាត់,"[550, 2465, 2804, 2988]",
L3I_IMG_0971.jpg,crops/L3I_IMG_0971_r1.png,ok,ធនាគារឯកទេស,"[1259, 1706, 1926, 1871]",
L3I_IMG_0971.jpg,crops/L3I_IMG_0971_r2.png,ok,កាន់តែទំនើប កាន់តែស៊ីវិល័យ,"[521, 2096, 2857, 2551]",
L3I_IMG_0971.jpg,crops/L3I_IMG_0971_r3.png,ok,ជាមួយសេវាកម្មបង់រំលស់ អ៉ីអន,"[639, 2503, 2661, 2855]",
L3I_IMG_0972.jpg,crops/L3I_IMG_0972_r1.png,ok,ជម្រើសដ៏ឆ្លាតវៃដែលអាចទុកចិត្តបាន,"[197, 2901, 3151, 3335]",
L3I_IMG_0973.jpg,crops/L3I_IMG_0973_r1.png,ok,ត្រជាក់ដូចទៅនឹងធម្មជាតិ,"[788, 1264, 2670, 1594]",
L3I_IMG_0974.jpg,crops/L3I_IMG_0974_r1.png,ok,រក្សាភាពស្រស់ ឆាប់ត្រជាក់ និងសន្សំសំចៃខ្ពស់,"[78, 1537, 3414, 1911]",
L3I_IMG_0975.jpg,crops/L3I_IMG_0975_r1.png,ok,ត្រជាក់ដូចនៅនឹងធម្មជាតិ,"[684, 2544, 2695, 3030]",
L3I_IMG_0976.jpg,crops/L3I_IMG_0976_r1.png,ok,បញ្ចុះតម្លៃ,"[29, 2454, 2014, 3736]",
L3I_IMG_0976.jpg,crops/L3I_IMG_0976_r2.png,ok,គ្រប់ផលិតផលទាំងអស់,"[181, 3146, 3354, 4621]",
L3I_IMG_0977.jpg,crops/L3I_IMG_0977_r1.png,ok,កម្ចាត់ក្លិន រក្សាគុណភាពអាហារ,"[628, 2455, 2075, 2772]",
L3I_IMG_0977.jpg,crops/L3I_IMG_0977_r2.png,ok,ប្រឆាំងនឹងបាត់តេរី រក្សាភាពស្រស់បានយូរ,"[634, 2660, 2487, 2984]",
L3I_IMG_0978.jpg,crops/L3I_IMG_0978_r1.png,ok,តម្រងកម្ចាត់ក្លិនអាក្រក់,"[766, 862, 2978, 1311]",
L3I_IMG_0978.jpg,crops/L3I_IMG_0978_r2.png,ok,រក្សាខ្យល់បរិសុទ្ធក្នុងទូ,"[736, 1294, 2449, 1638]",
L3I_IMG_0978.jpg,crops/L3I_IMG_0978_r3.png,ok,ប្រអប់ដាក់ម្ហូបអាហារ,"[818, 1882, 2814, 2353]",
L3I_IMG_0978.jpg,crops/L3I_IMG_0978_r4.png,ok,ត្រីសាច់នៅស្រស់បានយូរ,"[788, 2291, 2635, 2606]",
L3I_IMG_0979.jpg,crops/L3I_IMG_0979_r1.png,ok,បន្ទះរក្សាភាពត្រជាក់,"[252, 2812, 2807, 3514]",
L3I_IMG_0980.jpg,crops/L3I_IMG_0980_r1.png,ok,រចនាមកមានច្រើនពណ៌,"[617, 1852, 2725, 2211]",
L3I_IMG_0980.jpg,crops/L3I_IMG_0980_r2.png,ok,សក្តិសមមនុស្សសម័យថ្មី,"[609, 2217, 2762, 2643]",
L3I_IMG_0981.jpg,crops/L3I_IMG_0981_r1.png,ok,បានប្រាក់ត្រលប់មកវិញ,"[535, 676, 3060, 1207]",
L3I_IMG_0981.jpg,crops/L3I_IMG_0981_r2.png,ok,រហូតដល់ថ្ងៃទី 31 ខែធ្នូ ឆ្នាំ2023,"[1809, 1182, 3098, 1400]",
L3I_IMG_0982.jpg,crops/L3I_IMG_0982_r1.png,ok,រក្សាភាពស្រស់ជាមួយមុខងារទាំង 4ផ្នែក,"[341, 557, 2308, 1125]",
L3I_IMG_0983.jpg,crops/L3I_IMG_0983_r1.png,ok,ទំហំធំ ផ្ទុកអាហារបានកាន់តែច្រើន,"[639, 1909, 2772, 2546]",
L3I_IMG_0984.jpg,crops/L3I_IMG_0984_r1.png,ok,រំលស់គ្មានការប្រាក់12ខែ,"[1213, 1609, 1981, 1760]",
L3I_IMG_0984.jpg,crops/L3I_IMG_0984_r2.png,ok,មើលខាងក្នុងទូដោយមិនចាំបាច់បើកទ្វារ,"[891, 3402, 2910, 3762]",
L3I_IMG_0985.jpg,crops/L3I_IMG_0985_r1.png,ok,គ្រប់គ្រងដោយ,"[617, 2663, 1326, 2829]",
L3I_IMG_0985.jpg,crops/L3I_IMG_0985_r2.png,ok,បច្ចេកវិទ្យា,"[579, 2730, 2115, 3216]",
L3I_IMG_0986.jpg,crops/L3I_IMG_0986_r1.png,ok,សម្លាប់បាក់តេរី,"[1063, 2060, 2190, 2420]",
L3I_IMG_0986.jpg,crops/L3I_IMG_0986_r2.png,ok,លាងសម្អាតកញ្ច្រែង,"[1086, 2991, 2576, 3439]",
L3I_IMG_0987.jpg,crops/L3I_IMG_0987_r1.png,ok,មិនរងារ មិនស្ងួតស្បែក,"[1249, 2113, 2673, 2576]",
L3I_IMG_0987.jpg,crops/L3I_IMG_0987_r2.png,ok,កម្ចាត់មេរោគ,"[520, 2909, 1288, 3320]",
L3I_IMG_0987.jpg,crops/L3I_IMG_0987_r3.png,ok,និងបាក់តេរី,"[572, 3089, 1326, 3530]",
L3I_IMG_0988.jpg,crops/L3I_IMG_0988_r1.png,ok,ត្រជាក់បែបធម្មជាតិ និងសន្សំសំចៃភ្លើងខ្ពស់,"[126, 3594, 3328, 4124]",
L3I_IMG_0989.jpg,crops/L3I_IMG_0989_r1.png,ok,តម្រងចាប់ធូលី និងមេរោគ,"[550, 1205, 3231, 1742]",
L3I_IMG_0989.jpg,crops/L3I_IMG_0989_r2.png,ok,ងាយស្រួលថែទាំ និងសម្អាត,"[594, 1688, 3142, 2152]",
L3I_IMG_0990.jpg,crops/L3I_IMG_0990_r1.png,ok,ម៉ាស៊ីនបូមធូលី,"[1545, 1830, 2844, 2592]",
L3I_IMG_0991.jpg,crops/L3I_IMG_0991_r1.png,ok,ម៉ា.បោកគក់,"[371, 2306, 2055, 2673]",
L3I_IMG_0991.jpg,crops/L3I_IMG_0991_r2.png,ok,តំលៃ,"[2552, 1130, 2814, 1296]",
L3I_IMG_0992.jpg,crops/L3I_IMG_0992_r1.png,ok,គ្រួសារជាង ៥៥០០០០០០ បានជ្រើសរើស,"[215, 3782, 3154, 4172]",
L3I_IMG_0992.jpg,crops/L3I_IMG_0992_r2.png,ok,យកម៉ាស៊ីនបោកម៉ាក,"[217, 4134, 1656, 4488]",
L3I_IMG_0992.jpg,crops/L3I_IMG_0992_r3.png,ok,ជាជម្រើសដ៏ឆ្លាតវៃ,"[2151, 4073, 3439, 4427]",
L3I_IMG_0993.jpg,crops/L3I_IMG_0993_r1.png,ok,ធានា20ឆ្នាំលើម៉ូទ័រ,"[163, 2336, 3439, 2933]",
L3I_IMG_0994.jpg,crops/L3I_IMG_0994_r1.png,ok,ដៃគូអាជីវកម្មរបស់អ្នក,"[1026, 3229, 3231, 3841]",
L3I_IMG_0995.jpg,crops/L3I_IMG_0995_r1.png,ok,សូមអរគុណសំរាប់ការជាវទំនិញ,"[204, 3270, 2642, 3709]",
L3I_IMG_0996.jpg,crops/L3I_IMG_0996_r1.png,ok,សម្អាតបានស្អាតល្អ,"[245, 1681, 2822, 2286]",
L3I_IMG_0996.jpg,crops/L3I_IMG_0996_r2.png,ok,សន្សំសំចៃកាន់តែខ្ពស់,"[235, 2139, 2931, 2666]",
L3I_IMG_0997.jpg,crops/L3I_IMG_0997_r1.png,ok,គ្រប់គ្រងឆ្លាតវៃនៅលើអេក្រង់,"[259, 2544, 2591, 2955]",
L3I_IMG_0997.jpg,crops/L3I_IMG_0997_r2.png,ok,និងបញ្ជាតាមកម្មវិធី,"[287, 2947, 1887, 3265]",
L3I_IMG_0998.jpg,crops/L3I_IMG_0998_r1.png,ok,នីកា,"[810, 1540, 2572, 2578]",
L3I_IMG_0998.jpg,crops/L3I_IMG_0998_r2.png,ok,គុណភាព តំលៃ ទំនួលខុសត្រូវ,"[915, 2485, 2572, 2849]",
L3I_IMG_0999.jpg,crops/L3I_IMG_0999_r1.png,ok,មកដល់ថ្មី,"[1368, 2500, 2628, 3112]",
L3I_IMG_1000.jpg,crops/L3I_IMG_1000_r1.png,ok,តារាងតម្លៃបង់រំលស់,"[684, 1185, 2569, 1574]",
L3I_IMG_1000.jpg,crops/L3I_IMG_1000_r2.png,ok,តម្លៃ,"[1502, 1592, 1869, 1854]",
L3I_IMG_1000.jpg,crops/L3I_IMG_1000_r3.png,ok,ខែ,"[1071, 1770, 1452, 2129]",
L3I_IMG_1000.jpg,crops/L3I_IMG_1000_r4.png,ok,ខែ,"[1860, 2068, 2107, 2306]",
L3I_IMG_1000.jpg,crops/L3I_IMG_1000_r5.png,ok,ខែ,"[1849, 2526, 2105, 2784]",
L3I_IMG_1000.jpg,crops/L3I_IMG_1000_r6.png,ok,ខែ,"[1860, 3032, 2129, 3313]",
